Fecha de cotización;Apertura;Cierre;Máximo;Mínimo;Promedio;Cantidad negociada;Monto negociado (S/);Fecha anterior;Cierre anterior corregido
19/05/2026;11.12;11.5;11.5;11.12;11.435228716060745;10865;124243.76;18/05/2026;11.45
18/05/2026;11.15;11.45;11.45;11.1;11.344902789518175;83993;952892.42;15/05/2026;11.12
15/05/2026;11.15;11.12;11.15;11;11.12877002950734;26773;297950.56;14/05/2026;11.1
14/05/2026;11.5;11.1;11.5;11.05;11.135126127303622;7651;85194.85;13/05/2026;11.01
13/05/2026;11.15;11.01;11.15;10.95;11.061452435378936;22748;251625.92;12/05/2026;11.15
12/05/2026;11.15;11.15;11.15;11.15;11.23129759519038;1996;22417.67;11/05/2026;11.11
11/05/2026;11;11.11;11.4;11;11.10311630158538;8263;91745.05;08/05/2026;11.28
08/05/2026;11.35;11.28;11.35;11.28;11.322726777444839;3671;41565.73;07/05/2026;11.3
07/05/2026;11.35;11.3;11.35;11.29;11.30210585754493;113341;1280991.98;06/05/2026;11.35
06/05/2026;11.15;11.35;11.35;11.15;11.265931411269088;15192;171152.03;05/05/2026;11.21
05/05/2026;11.2;11.21;11.32;11.2;11.207702430555557;28800;322781.83;04/05/2026;11.14
04/05/2026;11.1;11.14;11.5;11.1;11.146084761321909;13072;145701.62;30/04/2026;11.5
30/04/2026;11.05;11.5;11.5;11.05;11.487140678702643;253130;2907739.92;29/04/2026;10.95
29/04/2026;11.12;10.95;11.12;10.95;11.010804316839748;4911;54074.06;28/04/2026;10.97
28/04/2026;10.95;10.97;11.05;10.9;10.97358414110917;12586;138113.53;27/04/2026;11.2
27/04/2026;11.2;11.2;11.2;11.11;11.179194152255304;5609;62704.1;24/04/2026;11.2
24/04/2026;11.2;11.2;11.2;11.2;11.146618965246109;6359;70881.35;23/04/2026;11.18
23/04/2026;11.2;11.18;11.2;11.1;11.203738415710502;18128;203101.37;21/04/2026;11.08
22/04/2026;;;;;11.330137994480221;1087;12315.86;21/04/2026;11.08
21/04/2026;11.4;11.45;11.45;11.4;11.437876514714368;6932;79287.36;20/04/2026;11.45
20/04/2026;11.41;11.45;11.45;11.41;11.432875143184422;4365;49904.5;17/04/2026;11.3
17/04/2026;11.51;11.3;11.51;11.1;11.477174003005684;45913;526951.49;16/04/2026;11.51
16/04/2026;11.55;11.51;11.6;11.51;11.54107383043622;27211;314044.16;15/04/2026;11.47
15/04/2026;11.15;11.47;11.47;11.15;11.377594690388491;28778;327424.42;13/04/2026;11.7
14/04/2026;;;;;11.673952120957582;2381;27795.68;13/04/2026;11.7
13/04/2026;11.76;11.7;11.9;11.65;11.729778064204295;24827;291215.2;10/04/2026;11.75
10/04/2026;11.85;11.75;11.85;11.75;11.795729613733906;11650;137420.25;09/04/2026;11.85
09/04/2026;11.86;11.85;11.86;11.85;11.855154471544717;4305;51036.44;08/04/2026;11.85
08/04/2026;12;11.85;12;11.85;11.886724001142458;31511;374562.56;07/04/2026;11.8
07/04/2026;11.8;11.8;11.8;11.76;11.800539871223377;6057;71475.87;06/04/2026;11.7
06/04/2026;11.7;11.7;11.7;11.7;11.7022584317632;14054;164463.54;01/04/2026;11.7
01/04/2026;11.5;11.7;11.7;11.5;11.568473684210527;6650;76930.35;31/03/2026;11.2
31/03/2026;11.6;11.2;11.9;11.2;11.394939842253018;44882;511427.69;30/03/2026;11.77
30/03/2026;11.6;11.77;11.77;11.6;11.740965565571068;72776;854460.51;27/03/2026;11.65
27/03/2026;11.95;11.65;11.95;11.57;11.658375154620957;22636;263898.98;26/03/2026;11.6
26/03/2026;11.7;11.6;11.7;11.6;11.618063164477798;31980;371545.66;25/03/2026;11.7
25/03/2026;11.7;11.7;11.7;11.7;11.70273184048109;25276;295798.25;24/03/2026;11.56
24/03/2026;11.56;11.56;11.56;11.56;11.57343645794739;5398;62473.41;23/03/2026;11.55
23/03/2026;11.65;11.55;11.65;11.55;11.630358684561651;12741;148182.4;20/03/2026;11.73
20/03/2026;11.55;11.73;11.73;11.4;11.687289410103084;611734;7149512.3;19/03/2026;11.55
19/03/2026;11.9;11.55;11.9;11.55;11.725291573525123;20578;241283.05;18/03/2026;11.85
18/03/2026;11.99;11.85;12;11.85;11.930544119817029;27108;323413.19;17/03/2026;11.85
17/03/2026;11.8;11.85;11.9;11.8;11.855869166496841;9814;116353.5;16/03/2026;11.75
16/03/2026;11.71;11.75;11.8;11.7;11.724891455608129;14372;168510.14;13/03/2026;11.7
13/03/2026;11.7;11.7;11.71;11.6;11.698905610592345;126582;1480870.87;12/03/2026;11.73
12/03/2026;11.67;11.73;11.73;11.6;11.67819930534467;105376;1230601.93;11/03/2026;11.67
11/03/2026;11.69;11.67;11.7;11.65;11.678000262363899;38115;445106.98;10/03/2026;11.64
10/03/2026;11.55;11.64;11.65;11.55;11.582195797971595;128081;1483459.22;09/03/2026;11.55
09/03/2026;11.15;11.55;11.6;11.15;11.51890612118714;19408;223558.93;06/03/2026;11.35
06/03/2026;11.45;11.35;11.45;11.35;11.395416666666666;6168;70286.93;05/03/2026;11.45
05/03/2026;11.65;11.45;11.65;11.45;11.48695397074622;24202;278007.26;04/03/2026;11.61
04/03/2026;11.65;11.61;11.65;11.61;11.63796286182414;7324;85236.44;03/03/2026;11.64
03/03/2026;11.67;11.64;11.7;11.6;11.641163076341648;10584;123210.07;02/03/2026;11.69
02/03/2026;11.7;11.69;11.7;11.69;11.699323943661971;37630;440245.56;27/02/2026;11.7
27/02/2026;11.7;11.7;11.7;11.64;11.68350884086444;17815;208141.71;26/02/2026;11.7
26/02/2026;11.7;11.7;11.7;11.7;11.699204106280193;8280;96869.41;25/02/2026;11.6
25/02/2026;11.57;11.6;11.68;11.57;11.646219444954971;5441;63367.08;24/02/2026;11.57
24/02/2026;11.64;11.57;11.65;11.57;11.644195988538682;17450;203191.22;23/02/2026;11.64
23/02/2026;11.65;11.64;11.65;11.64;11.64290857778158;11693;136140.53;20/02/2026;11.66
20/02/2026;11.45;11.66;11.69;11.45;11.611715798940741;10007;116198.44;19/02/2026;11.42
19/02/2026;11.6;11.42;11.6;11.42;11.500098556846181;14205;163358.9;18/02/2026;11.6
18/02/2026;11.5;11.6;11.6;11.5;11.526173944820025;10946;126165.5;17/02/2026;11.4
17/02/2026;11.7;11.4;11.7;11.4;11.498226679104478;21440;246521.98;16/02/2026;11.5
16/02/2026;11.5;11.5;11.5;11.5;11.53546928327645;4688;54078.28;12/02/2026;11.5
13/02/2026;;;;;11.649878205128205;1560;18173.81;12/02/2026;11.5
12/02/2026;11.6;11.5;11.6;11.5;11.558993774615677;7871;90980.84;11/02/2026;11.45
11/02/2026;11.5;11.45;11.55;11.32;11.405847973137378;20549;234378.77;10/02/2026;11.5
10/02/2026;11.52;11.5;11.52;11.5;11.582023536165327;10452;121055.31;09/02/2026;11.73
09/02/2026;11.7;11.73;11.8;11.4;11.724647730091789;64496;756192.88;06/02/2026;11.7
06/02/2026;11.65;11.7;11.75;11.65;11.747853186305498;292643;3437927;05/02/2026;11.35
05/02/2026;11.5;11.35;11.5;11.35;11.499126882544035;297669;3422933.6;04/02/2026;11.4
04/02/2026;11.47;11.4;11.47;11.4;11.43053708317363;20872;238578.17;03/02/2026;11.45
03/02/2026;11.5;11.45;11.53;11.45;11.484348773248373;36723;421739.74;02/02/2026;11.6
02/02/2026;11.5;11.6;11.68;11.5;11.593325666091623;83472;967718.08;30/01/2026;11.49
30/01/2026;11.48;11.49;11.5;11.31;11.467544680203817;26298;301573.49;29/01/2026;11.54
29/01/2026;11.54;11.54;11.55;11.5;11.537315362153693;28082;323990.89;28/01/2026;11.48
28/01/2026;11.4;11.48;11.48;11.4;11.4334053526926;46145;527594.49;27/01/2026;11.38
27/01/2026;11.38;11.38;11.4;11.36;11.387020510305879;59141;673439.78;26/01/2026;11.35
26/01/2026;11.33;11.35;11.4;11.3;11.34851442368789;23607;267904.38;23/01/2026;11.35
23/01/2026;11.4;11.35;11.4;11.35;11.382470114508621;15894;180912.98;22/01/2026;11.39
22/01/2026;11.21;11.39;11.4;11.21;11.36715094658553;11832;134496.13;21/01/2026;11.4
21/01/2026;11.45;11.4;11.45;11.4;11.433328035483274;27055;309328.69;20/01/2026;11.45
20/01/2026;11.5;11.45;11.5;11.15;11.431915043623865;11347;129717.94;19/01/2026;11.5
19/01/2026;11.49;11.5;11.5;11.49;11.498714391875154;8074;92840.62;16/01/2026;11.49
16/01/2026;11.55;11.49;11.55;11.48;11.53774643880878;45701;527286.55;15/01/2026;11.55
15/01/2026;11.5;11.55;11.55;11.48;11.540998478165545;116307;1342298.91;14/01/2026;11.42
14/01/2026;11.55;11.42;11.55;11.42;11.467875238427853;37223;426868.72;13/01/2026;11.55
13/01/2026;11.5;11.55;11.55;11.47;11.527968078823024;74496;858787.51;12/01/2026;11.5
12/01/2026;11.44;11.5;11.5;11.44;11.476571120689655;9280;106502.58;09/01/2026;11.45
09/01/2026;11.35;11.45;11.45;11.33;11.374198754808264;25217;286823.17;08/01/2026;11.35
08/01/2026;11.49;11.35;11.49;11.3;11.368377347242921;16775;190704.53;07/01/2026;11.49
07/01/2026;11.57;11.49;11.57;11.45;11.56366240989659;312835;3617518.33;06/01/2026;11.55
06/01/2026;11.02;11.55;11.55;11.02;11.385265628269904;33449;380825.75;05/01/2026;11.02
05/01/2026;10.77;11.02;11.17;10.77;10.950796995870274;630066;6899724.86;02/01/2026;10.71
02/01/2026;10.51;10.71;10.8;10.51;10.718926534258815;14551;155971.1;31/12/2025;10.7
01/01/2026;;;;;;;;;10.7
31/12/2025;10.7;10.7;10.7;10.7;10.660571527537236;2887;30777.07;30/12/2025;10.7
30/12/2025;10.5;10.7;10.7;10.5;10.67707593565058;23994;256185.76;29/12/2025;10.5
29/12/2025;10.5;10.5;10.55;10.45;10.49912557842668;18801;197394.06;26/12/2025;10.25
26/12/2025;10;10.25;10.25;10;10.074484121383204;21255;214133.16;24/12/2025;9.95
24/12/2025;10;9.95;10;9.95;9.96094927937916;7216;71878.21;23/12/2025;9.85
23/12/2025;9.8;9.85;9.85;9.8;9.80836715601612;13896;136297.07;22/12/2025;9.75
22/12/2025;9.65;9.75;9.8;9.6;9.737936545589324;33725;328411.91;19/12/2025;9.5
19/12/2025;9.75;9.5;9.75;9.5;9.643882268564493;18126;174805.01;18/12/2025;9.51
18/12/2025;9.46;9.51;9.65;9.46;9.51695342205323;16832;160189.36;17/12/2025;9.47
17/12/2025;9.48;9.47;9.48;9.47;9.478414390164053;27491;260571.09;16/12/2025;9.45
16/12/2025;9.45;9.45;9.5;9.45;9.49091533260938;28547;270937.16;15/12/2025;9.5
15/12/2025;9.5;9.5;9.5;9.45;9.494610631620244;30588;290421.15;12/12/2025;9.51
12/12/2025;9.51;9.51;9.51;9.49;9.50318957771788;20034;190386.9;11/12/2025;9.5
11/12/2025;9.4;9.5;9.5;9.28;9.335948677861937;37099;346354.36;05/12/2025;9.3
10/12/2025;;;;;9.365466395112017;2455;22992.22;05/12/2025;9.3
05/12/2025;9.44;9.3;9.44;9.3;9.40165747580897;9611;90359.33;04/12/2025;9.45
04/12/2025;9.28;9.45;9.45;9.28;9.299627137836207;136002;1264767.89;03/12/2025;9.29
03/12/2025;9.29;9.29;9.3;9.2;9.297572135723636;553124;5142710.29;02/12/2025;9.29
02/12/2025;9.3;9.29;9.3;9.29;9.292327482695296;56632;526243.09;01/12/2025;9.45
01/12/2025;9.45;9.45;9.45;9.3;9.301912429428045;513483;4776373.9;28/11/2025;9.3
28/11/2025;9.17;9.3;9.3;9.17;9.244826551659479;10666;98605.32;27/11/2025;9.12
27/11/2025;9.1;9.12;9.12;9.1;9.122848981146449;5251;47904.08;26/11/2025;9.1
26/11/2025;9.15;9.1;9.18;9.1;9.153051362226721;78034;714249.21;25/11/2025;9.1
25/11/2025;9.06;9.1;9.1;9.06;9.096800384338218;12489;113609.94;21/11/2025;9
24/11/2025;;;;;9.25048034934498;1832;16946.88;21/11/2025;9
21/11/2025;9.15;9;9.15;9;9.06016225730158;18181;164722.81;20/11/2025;9.3
20/11/2025;9.33;9.3;9.33;9.3;9.295569877883311;4422;41105.01;19/11/2025;9.15
19/11/2025;9.5;9.5;9.5;9.5;9.48746785620572;7622;72313.48;18/11/2025;9.3
18/11/2025;9.4;9.3;9.4;9.3;9.35019487313628;45876;428949.54;17/11/2025;9.31
17/11/2025;9.3;9.31;9.31;9.3;9.328181966944854;6111;57004.52;14/11/2025;9.3
14/11/2025;9.25;9.3;9.3;9.25;9.290342667079209;12928;120105.55;13/11/2025;9.3
13/11/2025;9.35;9.3;9.35;9.3;9.34003714888725;116558;1088656.05;12/11/2025;9.3
12/11/2025;9.29;9.3;9.3;9.29;9.29756009528622;27706;257598.2;11/11/2025;9.2
11/11/2025;9.2;9.2;9.2;9.2;9.245872576177286;3610;33377.6;10/11/2025;9.3
10/11/2025;9.3;9.3;9.3;9.3;9.29739633429518;37428;347982.95;07/11/2025;9.19
07/11/2025;9.19;9.19;9.19;9.19;9.232800624674649;1921;17736.21;06/11/2025;9.32
06/11/2025;9.36;9.32;9.4;9.32;9.365732626290818;7166;67114.84;05/11/2025;9.35
05/11/2025;9.33;9.35;9.38;9.33;9.361023515479614;11822;110666.02;04/11/2025;9.3
04/11/2025;9.32;9.3;9.32;9.3;9.317353978707809;189647;1767008.23;03/11/2025;9.3
03/11/2025;9.24;9.3;9.3;9.22;9.26849582626084;43007;398610.2;31/10/2025;9.2
31/10/2025;9.16;9.2;9.2;8.65;8.659529978429491;1048654;9080850.75;30/10/2025;9.25
30/10/2025;9.3;9.25;9.3;9.25;9.28491051224028;24305;225669.75;29/10/2025;9.3
29/10/2025;9.2;9.3;9.3;9.2;9.212910415773683;23330;214937.2;28/10/2025;9.3
28/10/2025;9.3;9.3;9.3;9.3;9.222784681714431;7886;72730.88;27/10/2025;9.2
27/10/2025;9.2;9.2;9.3;9.2;9.250116538556906;12099;111917.16;24/10/2025;9.2
24/10/2025;9.2;9.2;9.22;9.2;9.202828128699588;38011;349808.7;23/10/2025;9.2
23/10/2025;9.2;9.2;9.2;9.2;9.19188553508428;5102;46897;22/10/2025;9.2
22/10/2025;9.25;9.2;9.25;9.15;9.185781532890767;16570;152208.4;21/10/2025;9.15
21/10/2025;9.3;9.15;9.3;9.12;9.146356192805008;26991;246869.3;20/10/2025;9.28
20/10/2025;9.28;9.28;9.28;9.28;9.273439981317143;4282;39708.87;17/10/2025;9.3
17/10/2025;9.3;9.3;9.3;9.28;9.29328455470447;8747;81288.36;16/10/2025;9.28
16/10/2025;9.3;9.28;9.3;9.28;9.290381913398901;78290;727344;15/10/2025;9.25
15/10/2025;9.25;9.25;9.25;9.25;9.252914446881855;15955;147630.25;14/10/2025;9.25
14/10/2025;9.2;9.25;9.25;9.2;9.211247549019607;12240;112745.67;13/10/2025;9.2
13/10/2025;9.26;9.2;9.26;9.2;9.20570109546166;6390;58824.43;10/10/2025;9.26
10/10/2025;9.3;9.26;9.3;9.26;9.316859197907585;4588;42745.75;09/10/2025;9.4
09/10/2025;9.32;9.4;9.4;9.32;9.335521899886235;14064;131294.78;07/10/2025;9.4
07/10/2025;9.38;9.4;9.42;9.38;9.398870311542105;17943;168643.93;06/10/2025;9.45
06/10/2025;9.15;9.45;9.45;9.15;9.305519946586546;23964;222997.48;03/10/2025;8.89
03/10/2025;8.95;8.89;8.95;8.89;8.923585619678335;20083;179212.37;02/10/2025;8.87
02/10/2025;8.85;8.87;8.95;8.85;8.931926405891355;41824;373568.89;01/10/2025;8.84
01/10/2025;8.85;8.84;8.85;8.84;8.844600093001628;8602;76081.25;30/09/2025;8.78
30/09/2025;8.78;8.78;8.78;8.78;8.783037095671572;27793;244106.95;29/09/2025;8.78
29/09/2025;8.82;8.78;8.82;8.78;8.785440362742083;26024;228632.3;26/09/2025;8.78
26/09/2025;8.75;8.78;8.8;8.75;8.78569735602725;45651;401075.87;25/09/2025;8.8
25/09/2025;8.7;8.8;8.8;8.7;8.759361568638763;138668;1214643.15;24/09/2025;8.6
24/09/2025;8.65;8.6;8.85;8.6;8.627278795867172;47038;405809.94;22/09/2025;8.61
23/09/2025;;;;;8.754431047475508;1327;11617.13;22/09/2025;8.61
22/09/2025;8.6;8.61;8.7;8.6;8.640826942622194;10823;93519.67;19/09/2025;8.6
19/09/2025;8.65;8.6;8.66;8.6;8.649876506732111;2433412;21048713.29;18/09/2025;8.7
18/09/2025;8.7;8.7;8.7;8.7;8.72061845217979;2959;25804.31;17/09/2025;8.74
17/09/2025;8.85;8.74;8.85;8.74;8.787178718870688;15018;131965.85;16/09/2025;8.87
16/09/2025;8.87;8.87;8.87;8.87;8.909131832797428;3732;33248.88;15/09/2025;9
15/09/2025;9;9;9;9;8.999642091096437;47554;427968.98;12/09/2025;8.9
12/09/2025;8.98;8.9;8.98;8.9;8.92494306049822;5620;50158.18;11/09/2025;8.99
11/09/2025;9;8.99;9;8.99;8.993720245109593;8486;76320.71;10/09/2025;8.95
10/09/2025;8.9;8.95;8.95;8.9;8.94858401084011;7380;66040.55;09/09/2025;8.9
09/09/2025;8.86;8.9;8.9;8.85;8.89789444010461;147215;1309903.53;08/09/2025;8.8
08/09/2025;8.82;8.8;8.82;8.8;8.796806981519508;25324;222770.34;05/09/2025;8.8
05/09/2025;8.8;8.8;8.8;8.7;8.743690111466005;46023;402410.85;04/09/2025;8.8
04/09/2025;8.76;8.8;8.8;8.76;8.79335414808207;6726;59144.1;03/09/2025;8.72
03/09/2025;8.7;8.72;8.75;8.7;8.722112654900487;13315;116134.93;02/09/2025;8.9
02/09/2025;8.75;8.9;8.9;8.7;8.876349809207946;168246;1493410.35;01/09/2025;8.7
01/09/2025;8.98;8.7;8.98;8.7;8.848563308994358;24104;213285.77;29/08/2025;8.9
29/08/2025;8.9;8.9;8.9;8.9;8.910093317104272;17253;153725.84;28/08/2025;8.9
28/08/2025;8.8;8.9;8.9;8.8;8.81458975981439;75858;668657.15;27/08/2025;8.8
27/08/2025;8.9;8.8;8.9;8.8;8.87560555697605;11733;104137.48;26/08/2025;8.93
26/08/2025;8.93;8.93;8.93;8.93;8.936195462478185;4011;35843.08;25/08/2025;8.9
25/08/2025;8.75;8.9;8.9;8.75;8.814431796256994;10366;91370.4;22/08/2025;8.7
22/08/2025;8.9;8.7;8.9;8.7;8.704054891940807;234825;2043929.69;21/08/2025;8.7
21/08/2025;9.05;8.7;9.05;8.7;8.705661803875763;760263;6618592.56;20/08/2025;9
20/08/2025;9.15;9;9.15;8.85;8.952357747515643;81510;729706.68;19/08/2025;9.18
19/08/2025;9.18;9.18;9.18;9.18;9.148908141962421;4790;43823.27;18/08/2025;9.18
18/08/2025;9.2;9.18;9.3;9;9.118618566949607;26154;238488.35;14/08/2025;9.38
15/08/2025;;;;;9.35044403892944;1644;15372.13;14/08/2025;9.38
14/08/2025;9.38;9.38;9.39;9.38;9.37811387354205;6516;61107.79;13/08/2025;9.39
13/08/2025;9.42;9.39;9.42;9.39;9.405797613365154;10475;98525.73;12/08/2025;9.47
12/08/2025;9.47;9.47;9.47;9.47;9.492724444444445;4500;42717.26;11/08/2025;9.57
11/08/2025;9.57;9.57;9.57;9.57;9.586777934936352;3535;33889.26;08/08/2025;9.5
08/08/2025;9.6;9.5;9.6;9.5;9.55219319972979;4441;42421.29;07/08/2025;9.55
07/08/2025;9.55;9.55;9.55;9.55;9.552015649452269;6390;61037.38;04/08/2025;9.63
05/08/2025;;;;;9.578547215496368;826;7911.88;04/08/2025;9.63
04/08/2025;9.63;9.63;9.63;9.63;9.608823936354202;5782;55558.22;01/08/2025;9.55
01/08/2025;9.55;9.55;9.55;9.55;9.555231509320505;1663;15890.35;31/07/2025;9.55
31/07/2025;9.57;9.55;9.57;9.55;9.569814060885944;16457;157490.43;30/07/2025;9.55
30/07/2025;9.55;9.55;9.55;9.55;9.554477576895986;21295;203462.6;25/07/2025;9.65
25/07/2025;9.7;9.65;9.7;9.65;9.70070459160047;28073;272327.88;21/07/2025;9.74
24/07/2025;;;;;9.680625222024867;2815;27250.96;21/07/2025;9.74
22/07/2025;;;;;9.66059379217274;2223;21475.5;21/07/2025;9.74
21/07/2025;9.74;9.74;9.74;9.74;9.735709342560552;3757;36577.06;18/07/2025;9.82
18/07/2025;9.82;9.82;9.82;9.82;9.80420487804878;1025;10049.31;17/07/2025;9.82
17/07/2025;9.83;9.82;9.83;9.82;9.78995881006865;4370;42782.12;16/07/2025;9.83
16/07/2025;9.65;9.83;9.83;9.65;9.69908260233918;5472;53073.38;14/07/2025;9.65
15/07/2025;;;;;9.736393188854489;3230;31448.55;14/07/2025;9.65
14/07/2025;9.65;9.65;9.65;9.65;9.66134994807892;8667;83734.92;11/07/2025;9.65
11/07/2025;9.65;9.65;9.65;9.65;9.692101694915253;3245;31450.87;10/07/2025;9.84
10/07/2025;9.7;9.84;9.84;9.68;9.698763108362463;11157;108209.1;09/07/2025;9.72
09/07/2025;9.7;9.72;9.72;9.7;9.714752776509965;6573;63855.07;08/07/2025;9.7
08/07/2025;9.7;9.7;9.7;9.7;9.7001120839149;520146;5045474.5;07/07/2025;9.7
07/07/2025;9.6;9.7;9.7;9.6;9.692775263204265;181608;1760285.53;04/07/2025;9.69
04/07/2025;9.65;9.69;9.69;9.65;9.682562403357633;4527;43832.96;03/07/2025;9.7
03/07/2025;9.56;9.7;9.7;9.56;9.640427413411938;5428;52328.24;02/07/2025;9.55
02/07/2025;9.62;9.55;9.62;9.55;9.57978635245371;7723;73984.69;01/07/2025;9.6
01/07/2025;9.6;9.6;9.6;9.6;9.609312273774268;3039;29202.7;30/06/2025;9.55
30/06/2025;9.57;9.55;9.57;9.55;9.561045057500158;15913;152144.91;27/06/2025;9.55
27/06/2025;9.58;9.55;9.58;9.55;9.5782412029709;32852;314664.38;26/06/2025;9.7
26/06/2025;9.7;9.7;9.7;9.7;9.701852098069457;75212;729695.7;25/06/2025;9.71
25/06/2025;9.55;9.71;9.71;9.55;9.556212583736114;47172;450785.66;24/06/2025;9.53
24/06/2025;9.5;9.53;9.53;9.5;9.543782747188455;15383;146812.01;23/06/2025;9.69
23/06/2025;9.8;9.69;9.8;9.5;9.599753285681347;17348;166536.52;20/06/2025;9.7
20/06/2025;9.57;9.7;9.7;9.57;9.650350774885577;56589;546103.7;19/06/2025;9.56
19/06/2025;9.7;9.56;9.7;9.56;9.627229152987525;12184;117298.16;18/06/2025;9.7
18/06/2025;9.35;9.7;9.9;9.35;9.552330962705984;28825;275345.94;17/06/2025;9.35
17/06/2025;9.1;9.35;9.4;9.1;9.226864208255307;140443;1295848.49;16/06/2025;9
16/06/2025;9;9;9;9;9.003271845808205;8457;76140.67;13/06/2025;9
13/06/2025;9;9;9;8.99;8.996319565978299;5714;51404.97;12/06/2025;8.98
12/06/2025;8.98;8.98;8.98;8.98;8.975340073529411;3264;29295.51;11/06/2025;8.91
11/06/2025;8.86;8.91;8.91;8.83;8.847007157194703;49321;436343.24;10/06/2025;8.95
10/06/2025;8.7;8.95;8.95;8.7;8.813653158923875;14831;130715.29;09/06/2025;8.66
09/06/2025;8.7;8.66;8.7;8.66;8.661462603140803;105196;911151.22;06/06/2025;8.7
06/06/2025;8.66;8.7;8.7;8.66;8.669576864535768;9855;85438.68;05/06/2025;8.65
05/06/2025;8.7;8.65;8.7;8.65;8.674238845144357;3048;26439.08;04/06/2025;8.65
04/06/2025;8.63;8.65;8.65;8.62;8.64791103789127;6070;52492.82;03/06/2025;8.62
03/06/2025;8.63;8.62;8.63;8.61;8.617249491525424;29500;254208.86;02/06/2025;8.65
02/06/2025;8.61;8.65;8.65;8.55;8.617948317353122;158738;1367995.88;30/05/2025;8.62
30/05/2025;8.62;8.62;8.62;8.62;8.612812903800739;22443;193297.36;29/05/2025;8.6
29/05/2025;8.6;8.6;8.65;8.6;8.613249097472925;4986;42945.66;28/05/2025;8.6
28/05/2025;8.6;8.6;8.6;8.6;8.595682704811443;7690;66100.8;27/05/2025;8.6
27/05/2025;8.6;8.6;8.6;8.6;8.60038643098872;161633;1390106.26;26/05/2025;8.55
26/05/2025;8.55;8.55;8.55;8.55;8.550070718023667;42422;362711.1;23/05/2025;8.55
23/05/2025;8.55;8.55;8.55;8.55;8.552125988118034;20367;174181.15;22/05/2025;8.55
22/05/2025;8.53;8.55;8.55;8.53;8.538985584365324;20672;176517.91;21/05/2025;8.51
21/05/2025;8.51;8.51;8.52;8.51;8.51214089918468;398739;3394122.55;20/05/2025;8.51
20/05/2025;8.55;8.51;8.55;8.51;8.513674849699399;15968;135946.36;19/05/2025;8.51
19/05/2025;8.51;8.51;8.51;8.51;8.511157515010652;82608;703089.7;16/05/2025;8.55
16/05/2025;8.46;8.55;8.55;8.46;8.5115146015509;6061;51588.29;15/05/2025;8.46
15/05/2025;8.49;8.46;8.49;8.45;8.471098551259573;21674;183602.59;14/05/2025;8.49
14/05/2025;8.46;8.49;8.49;8.46;8.46038769196557;305784;2587051.19;13/05/2025;8.49
13/05/2025;8.49;8.49;8.49;8.49;8.494122905027933;1790;15204.48;12/05/2025;8.49
12/05/2025;8.49;8.49;8.49;8.49;8.492060155239328;3092;26257.45;09/05/2025;8.45
09/05/2025;8.4;8.45;8.45;8.4;8.42053882970511;6477;54539.83;08/05/2025;8.4
08/05/2025;8.55;8.4;8.55;8.4;8.510862226277371;15344;130590.67;07/05/2025;8.45
07/05/2025;8.45;8.45;8.45;8.43;8.431447199041903;156143;1316511.46;06/05/2025;8.42
06/05/2025;8.42;8.42;8.42;8.42;8.42007839123875;94781;798063.45;05/05/2025;8.4
05/05/2025;8.4;8.4;8.4;8.39;8.39421809795739;9106;76437.75;02/05/2025;8.3
02/05/2025;8.3;8.3;8.3;8.3;8.302253917235838;2489;20664.31;30/04/2025;8.21
30/04/2025;8.21;8.21;8.22;8.21;8.218612857927834;16379;134612.66;29/04/2025;8.2
29/04/2025;8.19;8.2;8.2;8.19;8.20917518811499;10366;85096.31;25/04/2025;8.12
28/04/2025;;;;;8.183873085339169;457;3740.03;25/04/2025;8.12
25/04/2025;8.11;8.12;8.12;8.11;8.118037246667884;5477;44462.49;24/04/2025;8.11
24/04/2025;8.11;8.11;8.11;8.11;8.110210445219366;24662;200014.01;23/04/2025;8.1
23/04/2025;8.1;8.1;8.1;8.1;8.105924101969872;3452;27981.65;22/04/2025;8.07
22/04/2025;8.07;8.07;8.07;8.07;8.070672804390215;149241;1204475.28;21/04/2025;8.07
21/04/2025;8.07;8.07;8.07;8.07;8.082698363692497;3239;26179.86;16/04/2025;8.08
16/04/2025;8.08;8.08;8.08;8.08;8.107269706234215;7523;60990.99;15/04/2025;8.1
15/04/2025;8.1;8.1;8.11;8.1;8.104690883005087;15334;124277.33;14/04/2025;8.1
14/04/2025;8.03;8.1;8.1;8.03;8.059881969881971;9828;79212.52;11/04/2025;8.07
11/04/2025;8.49;8.45;8.52;8.45;8.460443817604013;137196;1160739.05;10/04/2025;8.5
10/04/2025;8.45;8.5;8.5;8.45;8.498224376938676;307233;2610934.97;09/04/2025;8.5
09/04/2025;8.45;8.5;8.5;8.45;8.476777341494397;17318;146800.83;08/04/2025;8.45
08/04/2025;8.45;8.45;8.45;8.45;8.458705193855156;5468;46252.2;07/04/2025;8.45
07/04/2025;8.45;8.45;8.45;8.45;8.45066958947788;22581;190824.57;04/04/2025;8.53
04/04/2025;8.55;8.53;8.55;8.53;8.5495394804926;19326;165228.4;03/04/2025;8.55
03/04/2025;8.55;8.55;8.55;8.55;8.549417293233082;9576;81869.22;02/04/2025;8.55
02/04/2025;8.55;8.55;8.55;8.5;8.549696653262421;154180;1318192.23;01/04/2025;8.6
01/04/2025;8.5;8.6;8.6;8.5;8.526607899302054;74361;634047.09;31/03/2025;8.5
31/03/2025;8.45;8.5;8.5;8.45;8.498335476064433;171899;1460855.37;28/03/2025;8.5
28/03/2025;8.5;8.5;8.52;8.5;8.503447503145846;58013;493310.5;27/03/2025;8.5
27/03/2025;8.5;8.5;8.5;8.5;8.499652568616638;23573;200362.31;26/03/2025;8.5
26/03/2025;8.5;8.5;8.55;8.49;8.501058618131944;285816;2429738.57;25/03/2025;8.5
25/03/2025;8.4;8.5;8.5;8.36;8.465369704303411;897474;7597449.21;24/03/2025;8.4
24/03/2025;8.4;8.4;8.4;8.32;8.370075021211354;67181;562310.01;21/03/2025;8.31
21/03/2025;8.37;8.31;8.37;8.3;8.322676970043885;36687;305334.05;20/03/2025;8.37
20/03/2025;8.35;8.37;8.37;8.35;8.358329485659617;48081;401876.84;19/03/2025;8.35
19/03/2025;8.7;8.35;8.7;8.3;8.370039491802853;115467;966463.35;18/03/2025;8.75
18/03/2025;8;8.75;8.75;8;8.748099535481646;43418306;379827662.55;17/03/2025;8.05
17/03/2025;8;8.05;8.05;8;8.014704852470672;112520;901814.59;14/03/2025;8.04
14/03/2025;8;8.04;8.07;8;8.03909072319542;14671;117941.5;13/03/2025;8
13/03/2025;8;8;8.01;8;8.00332740297941;42156;337388.27;12/03/2025;8
12/03/2025;8;8;8;8;8.000038736508566;252475;2019809.78;11/03/2025;8
11/03/2025;7.95;8;8.05;7.9;8.046141846577306;996189;8015478;10/03/2025;8
10/03/2025;8;8;8;8;8.008704920795417;11868;95047.31;07/03/2025;8
07/03/2025;8;8;8;8;8.000016615354543;81852;654817.36;06/03/2025;8
06/03/2025;8;8;8.02;8;8.00016293709507;326445;2611613.19;05/03/2025;8.05
05/03/2025;8;8.05;8.05;7.99;8.00228562059354;60990;488059.4;04/03/2025;8
04/03/2025;8;8;8.05;7.99;8.000210081715473;326254;2610100.54;03/03/2025;8
03/03/2025;7.9;8;8;7.9;7.997347407812962;332422;2658494.22;28/02/2025;8
28/02/2025;7.45;8;8;7.45;7.9844912764025135;1711106;13662310.93;27/02/2025;7.45
27/02/2025;7.4;7.45;7.45;7.4;7.438096966554317;19285;143443.7;26/02/2025;7.45
26/02/2025;7.35;7.45;7.45;7.35;7.407164840412831;37691;279183.45;25/02/2025;7.35
25/02/2025;7.3;7.35;7.35;7.27;7.278986224978151;48058;349813.52;24/02/2025;7.27
24/02/2025;7.35;7.27;7.35;7.25;7.269865799762027;117660;855372.41;21/02/2025;7.25
21/02/2025;7.22;7.25;7.25;7.22;7.241343397668642;26165;189469.75;20/02/2025;7.22
20/02/2025;7.2;7.22;7.22;7.19;7.193644817759112;33335;239800.15;19/02/2025;7.19
19/02/2025;7.2;7.19;7.22;7.18;7.193320066558734;44472;319901.33;18/02/2025;7.19
18/02/2025;7.23;7.19;7.23;7.14;7.1828634854172675;27704;198994.05;17/02/2025;7.24
17/02/2025;7.1;7.24;7.25;7.1;7.210734628693106;15028;108362.92;14/02/2025;7.1
14/02/2025;7.1;7.1;7.15;7.1;7.1012143951804685;18923;134376.28;13/02/2025;6.99
13/02/2025;6.99;6.99;6.99;6.99;6.990531263888414;29251;204480.03;12/02/2025;7
12/02/2025;6.98;7;7;6.98;6.980719780184589;156131;1089906.76;11/02/2025;6.95
11/02/2025;6.99;6.95;6.99;6.95;6.985146048109966;9312;65045.68;10/02/2025;6.95
10/02/2025;6.91;6.95;6.95;6.91;6.940503855357618;7522;52206.47;07/02/2025;6.91
07/02/2025;6.9;6.91;6.94;6.9;6.9114379680382925;388590;2685715.68;06/02/2025;6.9
06/02/2025;6.91;6.9;6.91;6.9;6.911436519979767;31632;218622.56;05/02/2025;6.91
05/02/2025;6.91;6.91;6.91;6.91;6.911864604125083;18036;124662.39;04/02/2025;6.9
04/02/2025;6.9;6.9;6.9;6.9;6.908174059045754;7147;49372.72;03/02/2025;6.9
03/02/2025;6.9;6.9;6.9;6.9;6.9008538163001285;10822;74681.04;31/01/2025;6.91
31/01/2025;6.93;6.91;6.93;6.91;6.921020517285109;437631;3028853.13;30/01/2025;6.9
30/01/2025;6.9;6.9;6.9;6.9;6.905928998649431;5183;35793.43;29/01/2025;6.9
29/01/2025;6.9;6.9;6.91;6.9;6.909375183172894;88714;612958.31;28/01/2025;6.9
28/01/2025;6.9;6.9;6.95;6.9;6.909628621427183;15429;106608.66;27/01/2025;6.85
27/01/2025;6.9;6.85;6.9;6.85;6.860983402533023;95617;656026.65;24/01/2025;6.9
24/01/2025;6.86;6.9;6.9;6.86;6.864232481772137;35934;246659.33;23/01/2025;6.9
23/01/2025;6.9;6.9;6.9;6.9;6.900095657254872;106108;732155.35;22/01/2025;6.98
22/01/2025;6.85;6.98;6.98;6.85;6.917340248811718;494832;3422921.31;21/01/2025;6.8
21/01/2025;6.81;6.8;6.81;6.8;6.809868072172282;15463;105300.99;20/01/2025;6.8
20/01/2025;6.8;6.8;6.8;6.7;6.731380755476084;17896;120464.79;17/01/2025;6.7
17/01/2025;6.75;6.7;6.8;6.7;6.729856014480829;24308;163589.34;16/01/2025;6.75
16/01/2025;6.75;6.75;6.75;6.75;6.750343581092713;29047;196077.23;15/01/2025;6.75
15/01/2025;6.73;6.75;6.8;6.73;6.798466649406077;606391;4122528.99;14/01/2025;6.75
14/01/2025;6.74;6.75;6.75;6.7;6.701931173764177;74768;501089.99;13/01/2025;6.75
13/01/2025;6.7;6.75;6.75;6.69;6.691104355260442;721679;4828829.5;10/01/2025;6.74
10/01/2025;6.74;6.74;6.74;6.74;6.728185728250244;5115;34414.67;09/01/2025;6.75
09/01/2025;6.75;6.75;6.75;6.75;6.749615025664955;4286;28928.85;08/01/2025;6.75
08/01/2025;6.68;6.75;6.75;6.68;6.744875666616115;639611;4314096.67;07/01/2025;6.74
07/01/2025;6.8;6.74;6.8;6.74;6.7497629100357255;36948;249390.24;06/01/2025;6.8
06/01/2025;6.8;6.8;6.8;6.76;6.776916975992736;37447;253775.21;03/01/2025;6.85
03/01/2025;6.86;6.85;6.86;6.85;6.856725484524154;20742;142222.2;02/01/2025;6.9
02/01/2025;6.94;6.9;6.94;6.9;6.902888714528573;15294;105572.78;31/12/2024;6.9
01/01/2025;;;;;;;;;6.9
31/12/2024;6.95;6.9;6.95;6.9;6.923976109215017;4688;32459.6;30/12/2024;6.95
30/12/2024;6.92;6.95;6.95;6.9;6.910481046847351;42948;296791.34;27/12/2024;6.95
27/12/2024;6.95;6.95;6.95;6.9;6.946507516291469;54016;375222.55;26/12/2024;6.95
26/12/2024;6.9;6.95;6.95;6.9;6.925032557220466;1497978;10373546.42;24/12/2024;6.88
24/12/2024;6.88;6.88;6.9;6.88;6.88004771368128;545965;3756265.25;23/12/2024;6.85
23/12/2024;6.81;6.85;6.85;6.81;6.849938795277484;1359699;9313854.93;20/12/2024;6.8
20/12/2024;6.85;6.8;6.85;6.8;6.8040790194467275;58416;397467.08;19/12/2024;6.8
19/12/2024;6.75;6.8;6.8;6.75;6.799711379458123;907697;6172077.62;18/12/2024;6.75
18/12/2024;6.7;6.75;6.75;6.7;6.746471330079582;298937;2016769.9;17/12/2024;6.66
17/12/2024;6.72;6.66;6.75;6.66;6.7463344054663485;1699416;11464828.63;16/12/2024;6.7
16/12/2024;6.6;6.7;6.7;6.6;6.694056530574542;1163795;7790509.52;13/12/2024;6.55
13/12/2024;6.6;6.55;6.72;6.55;6.600130138448842;866385;5718253.75;12/12/2024;6.53
12/12/2024;6.53;6.53;6.53;6.53;6.559934042553191;4700;30831.69;11/12/2024;6.52
11/12/2024;6.54;6.52;6.54;6.52;6.539882189265009;830909;5434046.97;10/12/2024;6.53
10/12/2024;6.55;6.53;6.56;6.53;6.547550747147984;74684;488997.28;06/12/2024;6.52
06/12/2024;6.52;6.52;6.52;6.52;6.520029897709083;510407;3327868.9;05/12/2024;6.52
05/12/2024;6.55;6.52;6.55;6.52;6.520303087420364;450959;2940389.36;04/12/2024;6.52
04/12/2024;6.52;6.52;6.52;6.52;6.521026936193347;101165;659699.69;03/12/2024;6.52
03/12/2024;6.57;6.52;6.57;6.52;6.526189780820786;72589;473729.59;27/11/2024;6.55
02/12/2024;;;;;6.616071428571429;364;2408.25;27/11/2024;6.55
29/11/2024;;;;;6.5739107413010585;2644;17381.42;27/11/2024;6.55
28/11/2024;;;;;6.603523316062176;1930;12744.8;27/11/2024;6.55
27/11/2024;6.65;6.55;6.65;6.55;6.649240733366865;572592;3807302.05;26/11/2024;6.65
26/11/2024;6.6;6.65;6.65;6.6;6.619566134301956;317702;2103049.4;25/11/2024;6.58
25/11/2024;6.68;6.58;6.7;6.58;6.581234827118936;417686;2748889.65;22/11/2024;6.7
22/11/2024;6.7;6.7;6.7;6.7;6.70026051270926;55314;370618.21;21/11/2024;6.65
21/11/2024;6.65;6.65;6.65;6.62;6.627829246891711;181209;1201022.31;20/11/2024;6.62
20/11/2024;6.7;6.62;6.75;6.62;6.748730664571635;4022215;27144845.71;19/11/2024;6.54
19/11/2024;6.6;6.54;6.6;6.54;6.544221777732099;126487;827758.98;18/11/2024;6.6
18/11/2024;6.6;6.6;6.6;6.6;6.599063763978111;8406;55471.73;15/11/2024;6.64
15/11/2024;6.51;6.64;6.64;6.51;6.571554950663491;5878;38627.6;14/11/2024;6.6
14/11/2024;6.6;6.6;6.6;6.6;6.602886386898669;4885;32255.1;12/11/2024;6.6
13/11/2024;;;;;6.577282157676349;964;6340.5;12/11/2024;6.6
12/11/2024;6.6;6.6;6.6;6.6;6.606270824434003;4682;30930.56;11/11/2024;6.63
11/11/2024;6.65;6.63;6.65;6.63;6.642591031453669;84696;562600.89;08/11/2024;6.72
08/11/2024;6.72;6.72;6.72;6.72;6.71891593546561;56528;379806.88;07/11/2024;6.68
07/11/2024;6.65;6.68;6.7;6.65;6.670695629409356;148973;993753.54;06/11/2024;6.75
06/11/2024;6.55;6.75;6.75;6.5;6.748881920305054;11895610;80282067.26;05/11/2024;6.47
05/11/2024;6.5;6.47;6.5;6.47;6.4754616584663385;41665;269800.11;04/11/2024;6.5
04/11/2024;6.6;6.5;6.6;6.5;6.563848731985253;17902;117506.02;31/10/2024;6.5
31/10/2024;6.55;6.5;6.55;6.5;6.537782807131931;79754;521414.33;30/10/2024;6.6
30/10/2024;6.62;6.6;6.7;6.6;6.623328710124827;36771;243546.42;29/10/2024;6.6
29/10/2024;6.55;6.6;6.6;6.55;6.576688339353525;53985;355042.52;28/10/2024;6.55
28/10/2024;6.55;6.55;6.55;6.5;6.5112250229226865;115606;752736.68;25/10/2024;6.55
25/10/2024;6.6;6.55;6.6;6.55;6.582176693510185;12666;83369.85;24/10/2024;6.6
24/10/2024;6.41;6.6;6.6;6.4;6.447402790390489;12113;78097.39;23/10/2024;6.5
23/10/2024;6.52;6.5;6.52;6.5;6.515396573843484;13251;86335.52;22/10/2024;6.52
22/10/2024;6.52;6.52;6.52;6.52;6.525869059917356;7744;50536.33;21/10/2024;6.57
21/10/2024;6.61;6.57;6.61;6.56;6.570561773502297;64866;426206.06;18/10/2024;6.55
18/10/2024;6.55;6.55;6.56;6.55;6.5504112391557685;38615;252944.13;17/10/2024;6.52
17/10/2024;6.48;6.52;6.52;6.48;6.516168228958915;40112;261376.54;16/10/2024;6.52
16/10/2024;6.52;6.52;6.52;6.52;6.5200486725663716;9040;58941.24;14/10/2024;6.52
15/10/2024;;;;;6.561241935483871;1240;8135.94;14/10/2024;6.52
14/10/2024;6.5;6.52;6.52;6.5;6.518661092781688;102143;665835.6;11/10/2024;6.42
11/10/2024;6.42;6.42;6.42;6.42;6.424290926117409;51257;329289.88;10/10/2024;6.48
10/10/2024;6.55;6.48;6.55;6.48;6.497609474522293;5024;32643.99;09/10/2024;6.42
09/10/2024;6.45;6.42;6.46;6.3;6.420103811930133;54618;350653.23;07/10/2024;6.5
07/10/2024;6.5;6.5;6.5;6.5;6.506613000120149;8323;54154.54;04/10/2024;6.5
04/10/2024;6.52;6.5;6.52;6.5;6.510730831973898;6130;39910.78;03/10/2024;6.54
03/10/2024;6.6;6.54;6.6;6.54;6.551812720893802;77243;506081.67;02/10/2024;6.6
02/10/2024;6.6;6.6;6.6;6.6;6.600511345157981;39973;263842.24;01/10/2024;6.75
01/10/2024;6.75;6.75;6.75;6.75;6.7125769956002515;7955;53398.55;27/09/2024;6.75
30/09/2024;;;;;6.663161888701518;2372;15805.02;27/09/2024;6.75
27/09/2024;6.65;6.75;6.75;6.6;6.749139051093129;3522137;23771392.37;26/09/2024;6.65
26/09/2024;6.45;6.65;6.65;6.45;6.646894433403025;2091116;13899427.3;24/09/2024;6.48
25/09/2024;;;;;6.498655462184874;476;3093.36;24/09/2024;6.48
24/09/2024;6.5;6.48;6.5;6.48;6.4929556803995006;12816;83213.72;23/09/2024;6.6
23/09/2024;6.55;6.6;6.62;6.55;6.619828552542479;4831976;31986852.69;20/09/2024;6.46
20/09/2024;6.5;6.46;6.5;6.46;6.460681658037437;65282;421766.22;18/09/2024;6.5
19/09/2024;;;;;6.462264260768335;1718;11102.17;18/09/2024;6.5
18/09/2024;6.58;6.5;6.58;6.5;6.545464480874316;2745;17967.3;17/09/2024;6.55
17/09/2024;6.5;6.55;6.55;6.5;6.503379332512623;457327;2974170.96;13/09/2024;6.58
16/09/2024;;;;;6.5825000000000005;244;1606.13;13/09/2024;6.58
13/09/2024;6.6;6.58;6.6;6.58;6.588510436432638;4216;27777.16;12/09/2024;6.55
12/09/2024;6.5;6.55;6.55;6.5;6.530093447027216;8561;55904.13;11/09/2024;6.5
11/09/2024;6.5;6.5;6.5;6.5;6.500232624518339;7007;45547.13;10/09/2024;6.52
10/09/2024;6.62;6.52;6.62;6.52;6.540953411764706;10625;69497.63;09/09/2024;6.6
09/09/2024;6.6;6.6;6.6;6.6;6.584500233899891;6413;42226.4;06/09/2024;6.5
06/09/2024;6.5;6.5;6.65;6.5;6.546687050359712;5560;36399.58;05/09/2024;6.65
05/09/2024;6.65;6.65;6.65;6.65;6.650000120409264;24499776;162923513.35;04/09/2024;6.65
04/09/2024;6.57;6.65;6.65;6.56;6.648064826892832;2474652;16451646.92;03/09/2024;6.56
03/09/2024;6.62;6.56;6.62;6.56;6.617607358624068;18373;121585.3;02/09/2024;6.6
02/09/2024;6.6;6.6;6.6;6.6;6.545296931341526;13589;88944.04;29/08/2024;6.58
29/08/2024;6.58;6.58;6.58;6.58;6.582936320754717;3392;22329.32;26/08/2024;6.63
28/08/2024;;;;;6.626666666666667;300;1988;26/08/2024;6.63
27/08/2024;;;;;6.616953551912568;732;4843.61;26/08/2024;6.63
26/08/2024;6.6;6.63;6.63;6.6;6.629974873010017;10700844;70946326.84;23/08/2024;6.55
23/08/2024;6.55;6.55;6.55;6.55;6.55701399688958;2572;16864.64;22/08/2024;6.59
22/08/2024;6.57;6.59;6.59;6.55;6.569971430185388;6266754;41172394.74;21/08/2024;6.55
21/08/2024;6.55;6.55;6.55;6.55;6.5605836043128525;5843;38333.49;20/08/2024;6.57
20/08/2024;6.55;6.57;6.57;6.5;6.528875603587032;8698;56788.16;19/08/2024;6.55
19/08/2024;6.5;6.55;6.55;6.45;6.493398101719198;11168;72518.27;16/08/2024;6.52
16/08/2024;6.52;6.52;6.52;6.52;6.522795656465942;5065;33037.96;14/08/2024;6.59
15/08/2024;;;;;6.564352044352045;1443;9472.36;14/08/2024;6.59
14/08/2024;6.59;6.59;6.59;6.59;6.589909109130045;344259;2268635.52;13/08/2024;6.59
13/08/2024;6.58;6.59;6.59;6.58;6.58008620424248;227367;1496094.46;12/08/2024;6.58
12/08/2024;6.58;6.58;6.58;6.58;6.58002916726131;224224;1475400.46;09/08/2024;6.58
09/08/2024;6.56;6.58;6.6;6.56;6.560375235844898;226844;1488181.76;08/08/2024;6.55
08/08/2024;6.55;6.55;6.55;6.55;6.560257886830245;3994;26201.67;07/08/2024;6.55
07/08/2024;6.41;6.55;6.55;6.41;6.511770524233432;8088;52667.2;05/08/2024;6.48
05/08/2024;6.48;6.48;6.48;6.3;6.4296137931034485;23200;149167.04;02/08/2024;6.56
02/08/2024;6.57;6.56;6.57;6.55;6.560556552962298;13368;87701.52;01/08/2024;6.6
01/08/2024;6.6;6.6;6.6;6.6;6.615849078746626;8521;56373.65;31/07/2024;6.65
31/07/2024;6.75;6.65;6.75;6.65;6.670481284998526;33930;226329.43;30/07/2024;6.73
30/07/2024;6.74;6.73;6.75;6.73;6.744983805097873;7101;47896.13;26/07/2024;6.76
26/07/2024;6.7;6.76;6.76;6.65;6.69314997239233;159376;1066727.47;25/07/2024;6.64
25/07/2024;6.57;6.64;6.64;6.57;6.589487289040803;4681;30845.39;24/07/2024;6.58
24/07/2024;6.55;6.58;6.58;6.55;6.550524836390946;186420;1221148.84;22/07/2024;6.56
22/07/2024;6.6;6.56;6.6;6.56;6.585342004590665;13070;86070.42;19/07/2024;6.59
19/07/2024;6.6;6.59;6.6;6.59;6.595939887926643;7852;51791.32;18/07/2024;6.56
18/07/2024;6.58;6.56;6.6;6.56;6.590760522737993;36041;237537.6;17/07/2024;6.58
17/07/2024;6.58;6.58;6.6;6.58;6.582254421162134;67290;442919.9;16/07/2024;6.6
16/07/2024;6.6;6.6;6.65;6.51;6.599848015817539;100142;660921.98;15/07/2024;6.6
15/07/2024;6.6;6.6;6.6;6.6;6.598914256722476;5913;39019.38;12/07/2024;6.55
12/07/2024;6.55;6.55;6.55;6.55;6.54973401932903;169486;1110088.22;11/07/2024;6.51
11/07/2024;6.57;6.51;6.57;6.5;6.56650978340054;97461;639978.61;10/07/2024;6.57
10/07/2024;6.57;6.57;6.57;6.57;6.539185092724679;5608;36671.75;09/07/2024;6.57
09/07/2024;6.58;6.57;6.58;6.57;6.579832746159155;220264;1449300.28;08/07/2024;6.58
08/07/2024;6.58;6.58;6.58;6.5;6.545707506129874;25286;165514.76;05/07/2024;6.58
05/07/2024;6.55;6.58;6.59;6.55;6.560141709363045;101687;667081.13;04/07/2024;6.35
04/07/2024;6.21;6.35;6.35;6.21;6.217326804175958;78928;490721.17;02/07/2024;6.2
03/07/2024;;;;;6.287503234152652;773;4860.24;02/07/2024;6.2
02/07/2024;6.25;6.2;6.25;6.2;6.224533544824345;17022;105954.01;01/07/2024;6.3
01/07/2024;6.3;6.3;6.3;6.3;6.306652974038777;6086;38382.29;28/06/2024;6.34
28/06/2024;6.3;6.34;6.34;6.3;6.321454876937101;5485;34673.18;26/06/2024;6.3
27/06/2024;;;;;6.304761904761905;378;2383.2;26/06/2024;6.3
26/06/2024;6.3;6.3;6.3;6.3;6.288691721554953;7743;48693.34;25/06/2024;6.2
25/06/2024;6.3;6.2;6.3;6.2;6.29987963952915;1506807;9492702.74;24/06/2024;6.2
24/06/2024;6.2;6.2;6.2;6.2;6.201279237335107;9021;55941.74;21/06/2024;6.13
21/06/2024;6.15;6.13;6.15;6.13;6.131421671910026;103941;637306.1;20/06/2024;6.2
20/06/2024;6.3;6.2;6.3;6.2;6.235557601565198;8689;54180.76;19/06/2024;6.21
19/06/2024;6.3;6.21;6.3;6.21;6.279495086707106;607332;3813738.31;18/06/2024;6.3
18/06/2024;6.3;6.3;6.3;6.3;6.300258461538461;21125;133092.96;17/06/2024;6.28
17/06/2024;6.26;6.28;6.28;6.26;6.26706992872279;10382;65064.72;14/06/2024;6.26
14/06/2024;6.21;6.26;6.26;6.21;6.259721477316629;794657;4974331.49;13/06/2024;6.21
13/06/2024;6.21;6.21;6.21;6.21;6.21016787798137;19538;121334.26;12/06/2024;6.21
12/06/2024;6.23;6.21;6.23;6.21;6.226688311688312;15400;95891;11/06/2024;6.2
11/06/2024;6.2;6.2;6.2;6.2;6.20114261030941;31253;193804.31;10/06/2024;6.2
10/06/2024;6.2;6.2;6.2;6.2;6.200099030470914;57760;358117.72;06/06/2024;6.19
06/06/2024;6.15;6.19;6.19;6.15;6.173578125;42240;260771.94;05/06/2024;6.19
05/06/2024;6.21;6.19;6.3;6.19;6.28279623166793;1460487;9175942.22;04/06/2024;6.2
04/06/2024;6.18;6.2;6.5;6.15;6.498586540188886;25149714;163437592.89;03/06/2024;6.2
03/06/2024;6.2;6.2;6.2;6.2;6.200998089780325;12564;77909.34;31/05/2024;6.2
31/05/2024;6.2;6.2;6.2;6.2;6.199895977104208;167367;1037657.99;30/05/2024;6.2
30/05/2024;6.25;6.2;6.25;6.15;6.202705879641367;43387;269116.8;29/05/2024;6.3
29/05/2024;6.49;6.3;6.49;6.3;6.415677467825177;30614;196409.55;28/05/2024;6.5
28/05/2024;6.64;6.5;6.7;6.5;6.684175426359573;11168390;74651477.99;27/05/2024;6.55
27/05/2024;6.55;6.55;6.55;6.55;6.565008839127873;1697;11140.82;24/05/2024;6.55
24/05/2024;6.56;6.55;6.56;6.5;6.534543176122123;8778;57360.22;23/05/2024;6.55
23/05/2024;6.7;6.55;6.7;6.55;6.579130319501524;15086;99252.76;22/05/2024;6.9
22/05/2024;6.51;6.9;6.9;6.5;6.899355692604439;40011352;276052549.19;21/05/2024;6.58
21/05/2024;6.6;6.58;6.65;6.52;6.595591818755193;99887;658813.88;20/05/2024;6.6
20/05/2024;6.45;6.6;6.6;6.45;6.549644974727838;41152;269530.99;17/05/2024;6.5
17/05/2024;6.6;6.5;6.6;6.5;6.564638154973806;123879;813220.81;16/05/2024;6.55
16/05/2024;6.55;6.55;6.6;6.53;6.551267865348237;167573;1097815.61;15/05/2024;6.55
15/05/2024;6.58;6.55;6.58;6.51;6.5415232474679;150468;984289.92;14/05/2024;6.55
14/05/2024;6.6;6.55;6.6;6.5;6.560928072371875;49522;324910.28;13/05/2024;6.6
13/05/2024;6.55;6.6;6.6;6.55;6.563030143549353;55103;361642.65;10/05/2024;6.55
10/05/2024;6.5;6.55;6.55;6.5;6.535672714823691;58420;381814;09/05/2024;6.65
09/05/2024;6.4;6.65;6.7;6.4;6.697570065924743;4399107;29463327.36;08/05/2024;6.5
08/05/2024;6.4;6.5;6.5;6.4;6.481981385432256;48779;316184.57;07/05/2024;6.5
07/05/2024;6.2;6.5;6.5;6.2;6.350581193901995;4536369;28808579.66;06/05/2024;6.25
06/05/2024;6.2;6.25;6.25;6.2;6.247571254046938;411731;2572318.76;03/05/2024;6.2
03/05/2024;6.1;6.2;6.2;6.1;6.17069535019588;1011591;6242219.88;02/05/2024;6.15
02/05/2024;6.1;6.15;6.25;6.1;6.13167972972973;22200;136123.29;30/04/2024;6.04
30/04/2024;6.05;6.04;6.05;6.04;6.041620716991104;11353;68590.52;29/04/2024;6
29/04/2024;5.99;6;6.05;5.99;6.0020304539469915;17469;104849.47;26/04/2024;5.93
26/04/2024;5.85;5.93;5.93;5.85;5.904344966870286;100514;593469.33;25/04/2024;5.81
25/04/2024;5.81;5.81;5.81;5.81;5.8256428361282735;3399;19801.36;24/04/2024;5.8
24/04/2024;5.75;5.8;5.8;5.75;5.799122646123747;81780;474252.25;23/04/2024;5.75
23/04/2024;5.75;5.75;5.75;5.75;5.750220913107511;11543;66374.8;22/04/2024;5.75
22/04/2024;5.75;5.75;5.75;5.75;5.750175719849226;127874;735297.97;19/04/2024;5.75
19/04/2024;5.75;5.75;5.75;5.75;5.7499022362063155;44495;255841.9;18/04/2024;5.7
18/04/2024;5.55;5.7;5.7;5.55;5.657489174317305;272962;1544279.56;17/04/2024;5.46
17/04/2024;5.4;5.46;5.5;5.3;5.42691239163692;490250;2660543.8;16/04/2024;5.3
16/04/2024;5.3;5.3;5.3;5.3;5.299964124041511;64946;344211.47;15/04/2024;5.24
15/04/2024;5.27;5.24;5.27;5.24;5.256517258347978;71125;373869.79;12/04/2024;5.24
12/04/2024;5.35;5.24;5.35;5.23;5.283260533222407;334157;1765438.49;11/04/2024;5.4
11/04/2024;5.5;5.4;5.5;5.4;5.423944436769194;159242;863719.76;10/04/2024;5.44
10/04/2024;5.5;5.44;5.5;5.44;5.463025395416819;76628;418620.71;09/04/2024;5.53
09/04/2024;5.62;5.53;5.62;5.53;5.558273663248877;47204;262372.75;08/04/2024;5.7
08/04/2024;5.8;5.7;5.8;5.7;5.746163124789687;38633;221991.52;05/04/2024;5.8
05/04/2024;5.9;5.8;5.9;5.7;5.810155590568904;35542;206504.55;04/04/2024;5.98
04/04/2024;6.05;5.98;6.05;5.98;6.00940340076224;20466;122988.45;03/04/2024;6.07
03/04/2024;6.09;6.07;6.09;6.07;6.077518153615382;29333;178271.84;02/04/2024;6.1
02/04/2024;6.13;6.1;6.13;6.1;6.117085394199844;147996;905304.17;01/04/2024;6.14
01/04/2024;6.25;6.14;6.25;6.14;6.1625880301184806;36124;222617.33;27/03/2024;6.3
27/03/2024;6.5;6.3;6.5;6.3;6.379787063833793;42501;271147.33;26/03/2024;6.6
26/03/2024;6.75;6.6;6.75;6.6;6.698225054824562;21888;146610.75;25/03/2024;6.75
25/03/2024;6.75;6.75;6.75;6.75;6.752741020793951;1058;7144.4;22/03/2024;6.8
22/03/2024;6.85;6.8;6.9;6.8;6.886765910348645;45175;311109.65;21/03/2024;6.8
21/03/2024;6.85;6.8;6.85;6.8;6.8019010978077015;150755;1025420.6;20/03/2024;6.85
20/03/2024;6.85;6.85;6.85;6.85;6.8500224777065375;135690;929479.55;19/03/2024;6.9
19/03/2024;6.88;6.9;6.91;6.88;6.898025667683602;117346;809455.72;18/03/2024;6.9
18/03/2024;6.9;6.9;6.9;6.9;6.899509430367689;41992;289724.2;15/03/2024;6.9
15/03/2024;6.93;6.9;6.93;6.9;6.928998882572205;122603;849516.05;14/03/2024;6.91
14/03/2024;6.92;6.91;6.92;6.9;6.907745473093598;23526;162511.62;13/03/2024;6.92
13/03/2024;6.9;6.92;6.92;6.9;6.9180123620982865;91732;634603.11;12/03/2024;6.93
12/03/2024;6.93;6.93;6.93;6.9;6.927808092923427;79205;548717.04;11/03/2024;6.93
11/03/2024;6.93;6.93;6.93;6.93;6.9296169960327765;26971;186898.7;08/03/2024;6.93
08/03/2024;6.92;6.93;6.93;6.92;6.9238553613627545;363499;2516814.5;07/03/2024;6.92
07/03/2024;6.9;6.92;6.92;6.9;6.917235416970226;41178;284837.92;06/03/2024;6.95
06/03/2024;6.9;6.95;7;6.9;6.997825418335791;2014530;14097329.24;05/03/2024;6.87
05/03/2024;6.87;6.87;6.87;6.87;6.875047619047619;1680;11550.08;04/03/2024;6.85
04/03/2024;6.85;6.85;6.85;6.78;6.790561880034619;75105;510005.15;01/03/2024;6.78
01/03/2024;6.7;6.78;6.78;6.7;6.734415274463007;18017;121333.96;29/02/2024;6.68
29/02/2024;6.65;6.68;7.15;6.65;6.76163008897277;166905;1128549.87;28/02/2024;6.6
28/02/2024;6.6;6.6;6.62;6.6;6.619870418728354;3004215;19887514.01;27/02/2024;6.5
27/02/2024;6.57;6.5;6.57;6.5;6.541833699509887;5917;38708.03;26/02/2024;6.55
26/02/2024;6.51;6.55;6.55;6.51;6.541151855047454;11590;75811.95;23/02/2024;6.5
23/02/2024;6.5;6.5;6.5;6.5;6.500066289186577;14482;94133.96;22/02/2024;6.5
22/02/2024;6.5;6.5;6.5;6.5;6.5007951385903056;34887;226793.24;21/02/2024;6.5
21/02/2024;6.55;6.5;6.55;6.5;6.504963027948365;15958;103806.2;20/02/2024;6.5
20/02/2024;6.5;6.5;6.52;6.5;6.502960858585858;36432;236915.87;16/02/2024;6.52
19/02/2024;;;;;6.5531554977228375;3074;20144.4;16/02/2024;6.52
16/02/2024;6.53;6.52;6.53;6.52;6.529404331605615;240973;1573410.15;15/02/2024;6.55
15/02/2024;6.52;6.55;6.55;6.52;6.5227085482429;29082;189693.41;14/02/2024;6.5
14/02/2024;6.5;6.5;6.5;6.5;6.5014673160483225;20943;136160.23;13/02/2024;6.5
13/02/2024;6.45;6.5;6.5;6.45;6.494602380714214;19994;129853.08;12/02/2024;6.5
12/02/2024;6.5;6.5;6.5;6.5;6.497105694867589;21335;138615.75;09/02/2024;6.45
09/02/2024;6.47;6.45;6.47;6.45;6.455334987593052;5239;33819.5;08/02/2024;6.5
08/02/2024;6.45;6.5;6.5;6.45;6.461877423770055;13151;84980.15;07/02/2024;6.45
07/02/2024;6.45;6.45;6.45;6.45;6.464202676864245;2615;16903.89;06/02/2024;6.5
06/02/2024;6.5;6.5;6.5;6.5;6.499810169214754;48991;318432.2;05/02/2024;6.5
05/02/2024;6.48;6.5;6.5;6.48;6.481725181216515;31730;205665.14;02/02/2024;6.48
02/02/2024;6.45;6.48;6.48;6.45;6.460109653416879;5107;32991.78;31/01/2024;6.5
01/02/2024;;;;;6.4982970027247955;734;4769.75;31/01/2024;6.5
31/01/2024;6.5;6.5;6.5;6.49;6.499575065193096;40265;261705.39;30/01/2024;6.5
30/01/2024;6.49;6.5;6.5;6.49;6.497055387713998;9930;64515.76;29/01/2024;6.49
29/01/2024;6.45;6.49;6.49;6.45;6.488666883131943;43117;279771.85;26/01/2024;6.5
26/01/2024;6.46;6.5;6.5;6.4;6.4639409330323545;31896;206173.86;25/01/2024;6.46
25/01/2024;6.48;6.46;6.48;6.4;6.475549446865571;149150;965828.2;24/01/2024;6.48
24/01/2024;6.4;6.48;6.48;6.4;6.419831426458433;45974;295145.33;23/01/2024;6.38
23/01/2024;6.29;6.38;6.38;6.29;6.34787474592306;106759;677692.76;22/01/2024;6.25
22/01/2024;6.25;6.25;6.25;6.25;6.249152975342171;37189;232399.75;19/01/2024;6.29
19/01/2024;6.29;6.29;6.29;6.29;6.273565924657534;2336;14655.05;18/01/2024;6.29
18/01/2024;6.22;6.29;6.29;6.22;6.268258203005213;6522;40881.58;17/01/2024;6.22
17/01/2024;6.15;6.22;6.22;6.15;6.179585942936674;11496;71040.52;16/01/2024;6.2
16/01/2024;6.2;6.2;6.2;6.2;6.2;2318;14371.6;15/01/2024;6.2
15/01/2024;6.15;6.2;6.2;6.15;6.196480278898079;14629;90648.31;12/01/2024;6.2
12/01/2024;6.2;6.2;6.2;6.2;6.199971665386754;37763;234129.53;11/01/2024;6.22
11/01/2024;6.2;6.22;6.22;6.2;6.2017120482649775;50057;310439.1;10/01/2024;6.2
10/01/2024;6.2;6.2;6.2;6.2;6.189663575844032;16824;104134.9;09/01/2024;6.25
09/01/2024;6.25;6.25;6.25;6.25;6.248188199582621;5271;32934.2;05/01/2024;6.3
08/01/2024;;;;;6.224819855884708;2498;15549.6;05/01/2024;6.3
05/01/2024;6.25;6.3;6.3;6.25;6.298941428293442;51390;323702.6;04/01/2024;6.25
04/01/2024;6.25;6.25;6.3;6.25;6.258256671481791;13153;82314.85;29/12/2023;6.3
03/01/2024;;;;;6.248235807860262;1145;7154.23;29/12/2023;6.3
02/01/2024;;;;;6.311500701262273;713;4500.1;29/12/2023;6.3
29/12/2023;6.2;6.3;6.3;6.2;6.24928308362185;661430;4133463.31;28/12/2023;6.2
28/12/2023;6.25;6.2;6.25;6;6.161318196296128;21977;135407.29;27/12/2023;6.2
27/12/2023;6.2;6.2;6.2;6.18;6.197187354790744;64562;400102.81;26/12/2023;6.2
26/12/2023;6.2;6.2;6.2;6.2;6.199819919964429;49478;306754.69;22/12/2023;6.21
22/12/2023;6.21;6.21;6.21;6.21;6.21;161941;1005653.61;21/12/2023;6.21
21/12/2023;6.3;6.21;6.3;6.18;6.262853689748329;63297;396419.85;20/12/2023;6.25
20/12/2023;6.25;6.25;6.25;6.15;6.203368459898311;24388;151287.75;19/12/2023;6.2
19/12/2023;6.2;6.2;6.21;6.2;6.200193895870736;264575;1640416.3;18/12/2023;6.2
18/12/2023;6.2;6.2;6.2;6.05;6.192029159657134;24966;154590.2;15/12/2023;6.2
15/12/2023;6.1;6.2;6.2;6;6.174031728627244;144097;889659.45;14/12/2023;6.1
14/12/2023;6.05;6.1;6.1;6.05;6.0907486924865815;101911;620714.29;13/12/2023;5.95
13/12/2023;5.9;5.95;5.95;5.9;5.912267506483883;13495;79786.05;12/12/2023;5.9
12/12/2023;5.9;5.9;5.91;5.9;5.903928948970113;31217;184302.95;11/12/2023;5.9
11/12/2023;5.9;5.9;5.9;5.9;5.899601926075895;109653;646909.05;07/12/2023;5.85
07/12/2023;5.85;5.85;5.85;5.85;5.852460955986749;2113;12366.25;06/12/2023;5.9
06/12/2023;5.9;5.9;5.9;5.9;5.90003096660031;4521;26674.04;05/12/2023;5.9
05/12/2023;5.85;5.9;5.9;5.85;5.894755941544063;81292;479196.5;04/12/2023;5.82
04/12/2023;5.8;5.82;5.82;5.8;5.808763882182521;10355;60149.75;01/12/2023;5.75
01/12/2023;5.75;5.75;5.8;5.75;5.793372005012452;636814;3689300.4;30/11/2023;5.78
30/11/2023;5.78;5.78;5.78;5.78;5.779992981670972;196628;1136508.46;29/11/2023;5.85
29/11/2023;5.79;5.85;5.85;5.75;5.848899698231655;2030034;11873465.25;28/11/2023;5.85
28/11/2023;5.85;5.85;5.85;5.85;5.850385298152182;24786;145007.65;27/11/2023;5.8
27/11/2023;5.7;5.8;5.8;5.7;5.74837447320891;41525;238701.25;24/11/2023;5.75
24/11/2023;5.7;5.75;5.75;5.7;5.741864022030366;26872;154295.37;23/11/2023;5.75
23/11/2023;5.7;5.75;5.78;5.7;5.749768285742137;318021;1828547.06;22/11/2023;5.75
22/11/2023;5.75;5.75;5.75;5.75;5.750534368320396;17778;102233;21/11/2023;5.75
21/11/2023;5.75;5.75;5.75;5.7;5.744711787006721;23212;133346.25;20/11/2023;5.75
20/11/2023;5.85;5.75;5.85;5.75;5.80174199308113;8961;51989.41;17/11/2023;5.9
17/11/2023;5.81;5.9;5.9;5.81;5.8906708089768225;24463;144103.48;16/11/2023;5.75
16/11/2023;5.75;5.75;5.75;5.75;5.750536930330015;3818;21955.55;15/11/2023;5.7
15/11/2023;5.7;5.7;5.7;5.7;5.70074640247456;44614;254333.1;14/11/2023;5.75
14/11/2023;5.8;5.75;5.8;5.75;5.765543363977031;37093;213861.3;13/11/2023;5.85
13/11/2023;5.85;5.85;5.85;5.85;5.862904689863843;6610;38753.8;10/11/2023;5.9
10/11/2023;5.9;5.9;5.9;5.9;5.900033052388035;18153;107103.3;09/11/2023;5.85
09/11/2023;5.85;5.85;5.85;5.85;5.844636776390465;1762;10298.25;08/11/2023;5.8
08/11/2023;5.8;5.8;5.8;5.8;5.809996914532552;3241;18830.2;07/11/2023;5.7
07/11/2023;5.7;5.7;5.7;5.7;5.699939025483761;278805;1589171.5;06/11/2023;5.7
06/11/2023;5.6;5.7;5.7;5.6;5.669018422295701;10585;60006.56;03/11/2023;5.6
03/11/2023;5.6;5.6;5.65;5.6;5.60383094231706;127282;713266.81;02/11/2023;5.61
02/11/2023;5.7;5.61;5.7;5.57;5.603166779968276;88260;494535.5;31/10/2023;5.8
31/10/2023;5.85;5.8;5.85;5.8;5.832555007760431;21906;127767.95;30/10/2023;5.85
30/10/2023;5.9;5.85;5.9;5.85;5.8889436963126895;133295;784966.75;27/10/2023;5.95
27/10/2023;5.9;5.95;5.95;5.9;5.903445980598628;91643;541009.5;26/10/2023;5.9
26/10/2023;5.9;5.9;5.9;5.9;5.90015618742491;9988;58930.76;25/10/2023;5.9
25/10/2023;5.95;5.9;5.95;5.9;5.912175075563822;8602;50856.53;24/10/2023;5.9
24/10/2023;6;5.9;6;5.9;5.9386716037954175;8642;51322;23/10/2023;5.9
23/10/2023;5.9;5.9;6;5.9;5.90086170193894;225484;1330549.9;20/10/2023;5.9
20/10/2023;5.9;5.9;5.9;5.9;5.899649116302064;80910;477340.61;19/10/2023;5.84
19/10/2023;5.84;5.84;5.84;5.84;5.839213139801375;7854;45861.18;18/10/2023;5.78
18/10/2023;5.64;5.78;5.78;5.6;5.777361378431463;304462;1758987;17/10/2023;5.78
17/10/2023;5.75;5.78;5.8;5.75;5.783228695320047;222545;1287028.63;16/10/2023;5.75
16/10/2023;5.9;5.75;5.9;5.75;5.821165261038317;34267;199473.87;13/10/2023;5.95
13/10/2023;5.95;5.95;5.95;5.95;5.952685374846374;19528;116244.04;11/10/2023;5.99
12/10/2023;;;;;6;555;3330;11/10/2023;5.99
11/10/2023;6;5.99;6;5.99;5.999811944695935;130334;781979.49;10/10/2023;6
10/10/2023;6;6;6;6;5.990527546777547;3848;23051.55;09/10/2023;5.96
09/10/2023;6;5.96;6;5.96;5.999483512326348;95162;570922.85;06/10/2023;6.1
06/10/2023;6.15;6.1;6.15;6.1;6.117489458889669;17076;104462.25;05/10/2023;6.15
05/10/2023;6.16;6.15;6.16;6.15;6.15918341043116;113276;697687.66;04/10/2023;6.18
04/10/2023;6.18;6.18;6.18;6.18;6.181857062464828;3554;21970.32;03/10/2023;6.19
03/10/2023;6.2;6.19;6.2;6.16;6.175525086173879;13055;80621.48;02/10/2023;6.2
02/10/2023;6.16;6.2;6.2;6.16;6.195070294409526;12092;74910.79;29/09/2023;6.2
29/09/2023;6.2;6.2;6.2;6.2;6.198888368827522;8546;52975.7;28/09/2023;6.22
28/09/2023;6.2;6.22;6.22;6.2;6.205201722574795;8824;54754.7;27/09/2023;6.15
27/09/2023;6.19;6.15;6.2;6.15;6.172744414066183;10607;65474.3;26/09/2023;6.15
26/09/2023;6.18;6.15;6.18;6.15;6.176771858289347;115757;715004.58;25/09/2023;6.2
25/09/2023;6.2;6.2;6.2;6.2;6.1991457183731855;4893;30332.42;21/09/2023;6.2
22/09/2023;;;;;6.2270131771595905;683;4253.05;21/09/2023;6.2
21/09/2023;6.2;6.2;6.2;6.2;6.199627204030227;1985;12306.26;20/09/2023;6.19
20/09/2023;6.15;6.19;6.19;6.15;6.187533828022698;16037;99229.48;19/09/2023;6.19
19/09/2023;6.19;6.19;6.19;6.19;6.186180371352785;7540;46643.8;15/09/2023;6.19
18/09/2023;;;;;6.224137931034483;899;5595.5;15/09/2023;6.19
15/09/2023;6.25;6.19;6.25;6.19;6.195407262326681;64332;398562.94;14/09/2023;6.25
14/09/2023;6.18;6.25;6.25;6.18;6.24401137516302;55208;344719.38;13/09/2023;6.23
13/09/2023;6.2;6.23;6.23;6.2;6.200403473338737;301036;1866544.66;12/09/2023;6.2
12/09/2023;6.24;6.2;6.24;6.2;6.203964625799733;268840;1667873.85;11/09/2023;6.24
11/09/2023;6.25;6.24;6.25;6.24;6.249903970446694;321047;2006512.92;08/09/2023;6.25
08/09/2023;6.25;6.25;6.25;6.25;6.250668946038353;13454;84096.5;07/09/2023;6.25
07/09/2023;6.25;6.25;6.29;6.25;6.251410683131442;161638;1010465.52;06/09/2023;6.25
06/09/2023;6.25;6.25;6.25;6.25;6.254369806094182;1444;9031.31;05/09/2023;6.25
05/09/2023;6.33;6.25;6.33;6.25;6.26048961148823;48467;303427.15;04/09/2023;6.3
04/09/2023;6.3;6.3;6.3;6.3;6.29670464255198;7022;44215.46;01/09/2023;6.35
01/09/2023;6.35;6.35;6.35;6.25;6.306900953898319;48957;308766.95;31/08/2023;6.35
31/08/2023;6.25;6.35;6.35;6.25;6.307066317695387;228099;1438635.52;29/08/2023;6.26
29/08/2023;6.25;6.26;6.35;6.25;6.303184685664564;4597;28975.74;28/08/2023;6.3
28/08/2023;6.3;6.3;6.3;6.3;6.292428900845503;2602;16372.9;25/08/2023;6.25
25/08/2023;6.25;6.25;6.25;6.24;6.241835941753532;202038;1261088.05;24/08/2023;6.25
24/08/2023;6.28;6.25;6.28;6.25;6.2511174186924;440211;2751810.65;23/08/2023;6.3
23/08/2023;6.3;6.3;6.3;6.3;6.300595632788385;52482;330667.86;22/08/2023;6.3
22/08/2023;6.3;6.3;6.3;6.3;6.305239186764998;10034;63266.77;21/08/2023;6.25
21/08/2023;6.4;6.25;6.4;6.25;6.318879070375698;53527;338230.64;18/08/2023;6.4
18/08/2023;6.25;6.4;6.4;6.2;6.229719747861857;168955;1052542.3;17/08/2023;6.3
17/08/2023;6.35;6.3;6.35;6.25;6.285958660110799;73827;464073.47;16/08/2023;6.25
16/08/2023;6.38;6.25;6.4;6.2;6.268927889429267;559280;3506085.99;15/08/2023;6.4
15/08/2023;6.39;6.4;6.4;6.39;6.399006324706975;34468;220560.95;14/08/2023;6.4
14/08/2023;6.45;6.4;6.5;6.4;6.451718878033407;15865;102356.52;11/08/2023;6.4
11/08/2023;6.45;6.4;6.45;6.4;6.408873806597978;52895;338997.38;10/08/2023;6.4
10/08/2023;6.5;6.4;6.51;6.4;6.4694001082193955;151544;980398.77;09/08/2023;6.5
09/08/2023;6.59;6.5;6.6;6.5;6.559955202740538;121436;796614.72;08/08/2023;6.59
08/08/2023;6.76;6.59;6.76;6.5;6.594173790225346;203199;1339929.52;07/08/2023;7.1
07/08/2023;7.1;7.1;7.1;7.1;7.099844874997376;47639;338229.51;04/08/2023;7.1
04/08/2023;7;7.1;7.15;7;7.099328740198274;627313;4453501.21;03/08/2023;6.91
03/08/2023;6.98;6.91;6.98;6.91;6.92553624014439;10527;72905.12;02/08/2023;7.3
02/08/2023;7.1;7.3;7.3;7.1;7.29513646251217;2419932;17653734.17;01/08/2023;7.25
01/08/2023;7.08;7.25;7.25;6.99;7.179990978872583;311491;2236502.57;31/07/2023;7.1
31/07/2023;7;7.1;7.1;7;7.035541455837168;87551;615968.69;27/07/2023;7
27/07/2023;7;7;7;7;7.003620634920635;6300;44122.81;26/07/2023;7.03
26/07/2023;7.05;7.03;7.05;7;7.0345884202830335;199694;1404765.1;25/07/2023;7.05
25/07/2023;7;7.05;7.07;6.9;6.977525289431454;279168;1947901.78;24/07/2023;7.05
24/07/2023;7.1;7.05;7.1;7;7.028696614295198;18076;127050.72;21/07/2023;7.1
21/07/2023;7.1;7.1;7.1;7.08;7.098961822420175;148857;1056730.16;20/07/2023;7.11
20/07/2023;7.1;7.11;7.11;7.1;7.102610752010089;19029;135155.58;19/07/2023;7.1
19/07/2023;7.1;7.1;7.1;7.1;7.096262789445341;11142;79066.56;18/07/2023;7.13
18/07/2023;7.15;7.13;7.15;7.1;7.144012334047109;58375;417031.72;17/07/2023;7.13
17/07/2023;7.12;7.13;7.15;7.12;7.139280647944024;20866;148968.23;14/07/2023;7.17
14/07/2023;7.15;7.17;7.17;7.15;7.160513475539661;31316;224238.64;13/07/2023;7.15
13/07/2023;7.16;7.15;7.17;7.15;7.15119643221897;220305;1575444.33;12/07/2023;7.15
12/07/2023;7.15;7.15;7.15;7.13;7.149759117912738;209231;1495951.25;11/07/2023;7.13
11/07/2023;7.1;7.13;7.13;7;7.09380443285528;138060;979370.64;10/07/2023;7.1
10/07/2023;7;7.1;7.12;7;7.062251633184915;256707;1812929.43;07/07/2023;6.4
07/07/2023;6.25;6.4;6.4;6.25;6.308074473395227;50085;315939.91;06/07/2023;6.2
06/07/2023;6.2;6.2;6.2;6.2;6.200237186256193;12311;76331.12;05/07/2023;6.2
05/07/2023;6.2;6.2;6.21;6.2;6.200625371634783;97542;604821.4;04/07/2023;6.2
04/07/2023;6.25;6.2;6.25;6.2;6.2213953900709225;28200;175443.35;03/07/2023;6.25
03/07/2023;6.26;6.25;6.26;6.25;6.258237288135593;8555;53539.22;30/06/2023;6.26
30/06/2023;6.25;6.26;6.26;6.25;6.25789870519501;25332;158525.09;28/06/2023;6.25
28/06/2023;6.26;6.25;6.26;6.25;6.250846803059417;53082;331807.45;27/06/2023;6.25
27/06/2023;6.3;6.25;6.3;6.25;6.251777089035582;198752;1242553.2;26/06/2023;6.4
26/06/2023;6.5;6.4;6.5;6.4;6.407523768535545;25559;163769.9;23/06/2023;6.5
23/06/2023;6.55;6.5;6.55;6.5;6.509345747357826;9935;64670.35;22/06/2023;6.55
22/06/2023;6.55;6.55;6.55;6.55;6.550142315483301;19253;126109.89;21/06/2023;6.55
21/06/2023;6.55;6.55;6.55;6.45;6.538315707962424;304769;1992675.94;20/06/2023;6.6
20/06/2023;6.54;6.6;6.61;6.54;6.599100525359373;141427;933290.99;19/06/2023;6.51
19/06/2023;6.34;6.51;6.51;6.34;6.4296103896103896;115346;741629.84;16/06/2023;6.3
16/06/2023;6.29;6.3;6.3;6.29;6.297072506760484;110569;696261.01;15/06/2023;6.25
15/06/2023;6.25;6.25;6.25;6.25;6.249924335714459;371113;2319428.17;14/06/2023;6.2
14/06/2023;6.3;6.2;6.3;6.2;6.229225496405022;26843;167211.1;13/06/2023;6.29
13/06/2023;6.2;6.29;6.3;6.2;6.247883106253912;186939;1167973.02;12/06/2023;6.17
12/06/2023;6.15;6.17;6.17;6.15;6.161804448611762;19197;118288.16;09/06/2023;6.15
09/06/2023;6.15;6.15;6.2;6.15;6.1797463454619965;43918;271402.1;08/06/2023;6.15
08/06/2023;6.2;6.15;6.2;6.15;6.1606430976430975;5940;36594.22;07/06/2023;6.2
07/06/2023;6.2;6.2;6.2;6.2;6.200032911392405;7900;48980.26;06/06/2023;6.2
06/06/2023;6.21;6.2;6.21;6.2;6.200117308069317;219337;1359915.13;05/06/2023;6.2
05/06/2023;6.2;6.2;6.2;6.2;6.199276114414382;56846;352404.05;02/06/2023;6.2
02/06/2023;6.19;6.2;6.2;6.19;6.199705588065856;65962;408944.98;01/06/2023;6.2
01/06/2023;6.3;6.2;6.3;6.2;6.229970772351833;690100;4299302.83;31/05/2023;6.2
31/05/2023;6.08;6.2;6.2;6.08;6.197939422406857;779199;4829428.2;30/05/2023;6.1
30/05/2023;6.08;6.1;6.1;6.04;6.08003945237193;480326;2920401.03;29/05/2023;6.05
29/05/2023;6.05;6.05;6.05;6.04;6.048985696806042;23701;143367.01;26/05/2023;6
26/05/2023;6.05;6;6.05;6;6.037962377426456;199880;1206867.92;25/05/2023;5.98
25/05/2023;6.05;5.98;6.05;5.98;5.990997439874894;79293;475044.16;24/05/2023;6.03
24/05/2023;5.98;6.03;6.03;5.98;6.024088161818035;24818;149505.82;23/05/2023;5.99
23/05/2023;5.99;5.99;5.99;5.99;5.991912130422769;3619;21684.73;22/05/2023;5.99
22/05/2023;6;5.99;6;5.99;5.995493248006942;18439;110550.9;19/05/2023;6
19/05/2023;6.07;6;6.07;6;6.033168746204437;1529747;9229221.79;18/05/2023;6.07
18/05/2023;6.17;6.07;6.17;6.07;6.123976833976834;9324;57099.96;17/05/2023;6.12
17/05/2023;6.12;6.12;6.12;6.12;6.119993844962687;718111;4394834.9;16/05/2023;6.12
16/05/2023;6.15;6.12;6.15;6.11;6.119994858205119;1036603;6344005.03;15/05/2023;6.1
15/05/2023;6.1;6.1;6.1;6.1;6.103592440339544;18731;114326.39;12/05/2023;6.1
12/05/2023;6.05;6.1;6.2;6.05;6.100372333433486;213008;1299428.11;10/05/2023;6.05
11/05/2023;;;;;6.039905660377359;1272;7682.76;10/05/2023;6.05
10/05/2023;6.01;6.05;6.05;5.86;5.869639154683439;185398;1088219.36;09/05/2023;6.05
09/05/2023;5.97;6.05;6.05;5.97;5.979036352489725;44041;263322.74;08/05/2023;5.98
08/05/2023;5.98;5.98;5.98;5.98;5.991812126002032;8857;53069.48;05/05/2023;5.9
05/05/2023;5.85;5.9;5.9;5.85;5.872948627173315;25422;149302.1;04/05/2023;5.85
04/05/2023;5.9;5.85;5.9;5.85;5.852796816323689;258569;1513351.82;03/05/2023;5.9
03/05/2023;6.26;5.9;6.26;5.9;5.948474834178697;153780;914756.46;02/05/2023;6.28
02/05/2023;6.41;6.28;6.41;6.28;6.317510498131525;25957;163983.62;28/04/2023;6.41
28/04/2023;6.41;6.41;6.41;6.41;6.4148756913794065;17899;114819.86;27/04/2023;6.41
27/04/2023;6.45;6.41;6.45;6.41;6.440764771460424;17940;115547.32;26/04/2023;6.49
26/04/2023;6.49;6.49;6.5;6.45;6.486287425149701;13360;86656.8;25/04/2023;6.5
25/04/2023;6.45;6.5;6.5;6.45;6.48056743101438;5146;33349;21/04/2023;6.45
24/04/2023;;;;;6.454931372549019;1020;6584.03;21/04/2023;6.45
21/04/2023;6.45;6.45;6.45;6.45;6.450197341088492;4814;31051.25;20/04/2023;6.45
20/04/2023;6.33;6.45;6.5;6.33;6.471800052479664;34299;221976.27;19/04/2023;6.38
19/04/2023;6.61;6.66;6.66;6.61;6.6425;4396;29200.43;18/04/2023;6.61
18/04/2023;6.64;6.61;6.69;6.61;6.628755692782709;38865;257626.59;17/04/2023;6.64
17/04/2023;6.65;6.64;6.65;6.64;6.64857831853557;9123;60654.98;14/04/2023;6.6
14/04/2023;6.6;6.6;6.65;6.6;6.600478802723696;166979;1102141.35;13/04/2023;6.55
13/04/2023;6.6;6.55;6.61;6.55;6.559892967173059;37652;246993.09;12/04/2023;6.6
12/04/2023;6.56;6.6;6.6;6.56;6.57705606075747;10007;65816.6;11/04/2023;6.55
11/04/2023;6.53;6.55;6.55;6.53;6.537145488029466;4344;28397.36;10/04/2023;6.5
10/04/2023;6.5;6.5;6.5;6.5;6.504865373309817;8505;55323.88;05/04/2023;6.55
05/04/2023;6.55;6.55;6.55;6.55;6.538490301472307;4279;27978.2;04/04/2023;6.45
04/04/2023;6.45;6.45;6.45;6.43;6.445755520705294;141558;912448.26;03/04/2023;6.41
03/04/2023;6.47;6.41;6.47;6.41;6.452100654897494;14048;90639.11;31/03/2023;6.5
31/03/2023;6.5;6.5;6.5;6.5;6.497728194726166;986;6406.76;30/03/2023;6.45
30/03/2023;6.38;6.45;6.45;6.35;6.3869321903835;53429;341247.4;29/03/2023;6.35
29/03/2023;6.4;6.35;6.4;6.35;6.368221307727481;37179;236764.1;28/03/2023;6.4
28/03/2023;6.42;6.4;6.45;6.4;6.440045905465863;25705;165541.38;27/03/2023;6.42
27/03/2023;6.42;6.42;6.42;6.42;6.422447898269163;11324;72727.8;24/03/2023;6.43
24/03/2023;6.42;6.43;6.43;6.42;6.421576323987539;8025;51533.15;23/03/2023;6.41
23/03/2023;6.45;6.41;6.45;6.4;6.449819809529485;604083;3896226.5;22/03/2023;6.55
22/03/2023;6.61;6.55;6.61;6.5;6.511573759404853;118290;770254.06;21/03/2023;6.65
21/03/2023;6.61;6.65;6.65;6.61;6.6496178970787;2198884;14621738.4;20/03/2023;6.61
20/03/2023;6.6;6.61;6.61;6.6;6.609176332690288;40951;270652.38;17/03/2023;6.6
17/03/2023;6.45;6.6;6.61;6.45;6.5962417426050965;996531;6573359.38;16/03/2023;6.5
16/03/2023;6.51;6.5;6.51;6.47;6.4835013123359575;7620;49404.28;15/03/2023;6.45
15/03/2023;6.37;6.45;6.45;6.37;6.37117030815744;426016;2714220.49;14/03/2023;6.41
14/03/2023;6.38;6.41;6.41;6.38;6.38549641025641;29250;186775.77;13/03/2023;6.37
13/03/2023;6.37;6.37;6.37;6.37;6.370635548523207;3792;24157.45;10/03/2023;6.4
10/03/2023;6.34;6.4;6.4;6.25;6.301580879688896;41401;260891.75;09/03/2023;6.35
09/03/2023;6.35;6.35;6.35;6.35;6.343425677688413;6714;42589.76;07/03/2023;6.35
08/03/2023;;;;;6.349989327641408;1874;11899.88;07/03/2023;6.35
07/03/2023;6.3;6.35;6.35;6.3;6.3202011748611895;12427;78541.14;06/03/2023;6.3
06/03/2023;6.3;6.3;6.3;6.3;6.302069824450419;25292;159391.95;03/03/2023;6.33
03/03/2023;6.4;6.33;6.4;6.33;6.357651515151515;15312;97348.36;02/03/2023;6.4
02/03/2023;6.39;6.4;6.4;6.39;6.39682323733863;10070;64416.01;01/03/2023;6.4
01/03/2023;6.4;6.4;6.4;6.4;6.414841408834404;5139;32965.87;28/02/2023;6.4
28/02/2023;6.45;6.4;6.45;6.3;6.358609838250873;168038;1068488.08;27/02/2023;6.45
27/02/2023;6.45;6.45;6.45;6.45;6.450066834991831;33665;217141.5;24/02/2023;6.46
24/02/2023;6.4;6.46;6.48;6.4;6.45075290437891;4476;28873.57;23/02/2023;6.45
23/02/2023;6.45;6.45;6.45;6.45;6.449923753015222;36067;232629.4;22/02/2023;6.45
22/02/2023;6.45;6.45;6.45;6.45;6.449744760881247;7444;48011.9;21/02/2023;6.5
21/02/2023;6.55;6.5;6.55;6.5;6.538662210030095;37547;245507.15;17/02/2023;6.65
20/02/2023;;;;;6.661206060606061;1650;10990.99;17/02/2023;6.65
17/02/2023;6.61;6.65;6.65;6.61;6.643414590905062;11281;74944.36;16/02/2023;6.6
16/02/2023;6.5;6.6;6.6;6.45;6.480544867087678;47663;308882.21;15/02/2023;6.4
15/02/2023;6.4;6.4;6.4;6.4;6.400872150644203;10090;64584.8;14/02/2023;6.4
14/02/2023;6.35;6.4;6.4;6.35;6.370959396334891;5566;35460.76;13/02/2023;6.35
13/02/2023;6.3;6.35;6.35;6.29;6.30170477487206;106495;671100.05;10/02/2023;6.3
10/02/2023;6.3;6.3;6.3;6.3;6.29405592469546;3612;22734.13;09/02/2023;6.3
09/02/2023;6.3;6.3;6.35;6.3;6.312154251288269;105568;666361.5;08/02/2023;6.3
08/02/2023;6.3;6.3;6.3;6.3;6.299952420190851;75242;474021.02;07/02/2023;6.3
07/02/2023;6.3;6.3;6.3;6.3;6.313253721010731;2889;18238.99;06/02/2023;6.35
06/02/2023;6.2;6.35;6.35;6.2;6.280382955771305;9270;58219.15;03/02/2023;6.27
03/02/2023;6.3;6.27;6.3;6.27;6.2851756431472845;53176;334220.5;02/02/2023;6.29
02/02/2023;6.29;6.29;6.29;6.29;6.326165383056344;2467;15606.65;01/02/2023;6.27
01/02/2023;6.2;6.27;6.3;6.2;6.25771096479441;14884;93139.77;31/01/2023;6.2
31/01/2023;6.2;6.2;6.2;6.2;6.206728192083385;32236;200080.09;30/01/2023;6.33
30/01/2023;6.4;6.33;6.4;6.2;6.29813594890511;43840;276110.28;27/01/2023;6.4
27/01/2023;6.5;6.4;6.5;6.4;6.444647638292499;15836;102057.44;26/01/2023;6.5
26/01/2023;6.55;6.5;6.55;6.5;6.51432160110421;7245;47196.26;25/01/2023;6.55
25/01/2023;6.57;6.55;6.57;6.55;6.551917797474311;12749;83530.4;24/01/2023;6.57
24/01/2023;6.6;6.57;6.6;6.56;6.57892905634759;23568;155052.2;23/01/2023;6.63
23/01/2023;6.6;6.63;6.63;6.6;6.6103245354161055;14852;98176.54;20/01/2023;6.6
20/01/2023;6.6;6.6;6.6;6.6;6.598133015548746;8811;58136.15;18/01/2023;6.54
19/01/2023;;;;;6.529341649341649;1443;9421.84;18/01/2023;6.54
18/01/2023;6.6;6.54;6.62;6.5;6.5597133536655985;103612;679665.02;17/01/2023;6.64
17/01/2023;6.6;6.64;6.64;6.55;6.590916244267438;41430;273061.66;16/01/2023;6.68
16/01/2023;6.7;6.68;6.7;6.65;6.669582374219007;9123;60846.6;13/01/2023;6.7
13/01/2023;6.65;6.7;6.7;6.65;6.669628194259417;8257;55071.12;12/01/2023;6.7
12/01/2023;6.75;6.7;6.75;6.69;6.703892543549346;388697;2605782.92;11/01/2023;6.75
11/01/2023;6.75;6.75;6.75;6.75;6.749260977314608;15737;106213.12;10/01/2023;6.75
10/01/2023;6.72;6.75;6.75;6.72;6.735991866819163;7869;53005.52;09/01/2023;6.75
09/01/2023;6.8;6.75;6.8;6.75;6.777524069081968;33757;228788.88;06/01/2023;6.75
06/01/2023;6.75;6.75;6.75;6.75;6.753520733899461;16133;108954.55;05/01/2023;6.8
05/01/2023;6.8;6.8;6.8;6.8;6.800061393152302;8470;57596.52;04/01/2023;6.75
04/01/2023;6.8;6.75;6.8;6.75;6.765195702225633;29969;202746.15;03/01/2023;6.75
03/01/2023;6.75;6.75;6.75;6.75;6.752806265625797;19599;132348.25;30/12/2022;6.75
02/01/2023;;;;;6.7260330578512395;242;1627.7;30/12/2022;6.75
30/12/2022;6.75;6.75;6.75;6.75;6.7541554959785515;7087;47866.7;29/12/2022;6.82
29/12/2022;6.8;6.82;6.9;6.8;6.825372996868667;10858;74109.9;28/12/2022;6.8
28/12/2022;6.72;6.8;6.8;6.7;6.7351482546608485;20168;135834.47;27/12/2022;6.75
27/12/2022;6.75;6.75;6.75;6.75;6.760334256329114;5056;34180.25;26/12/2022;6.72
26/12/2022;6.55;6.72;6.72;6.55;6.645719360568384;10134;67347.72;23/12/2022;6.55
23/12/2022;6.5;6.55;6.55;6.5;6.5170507589358575;6127;39929.97;22/12/2022;6.4
22/12/2022;6.4;6.4;6.4;6.4;6.401054136144363;11194;71653.4;21/12/2022;6.41
21/12/2022;6.36;6.41;6.41;6.36;6.387004850357489;139165;888847.53;20/12/2022;6.35
20/12/2022;6.3;6.35;6.35;6.3;6.300579558412441;1039205;6547593.78;19/12/2022;6.3
19/12/2022;6.3;6.3;6.45;6.3;6.303249325558034;316558;1995344;16/12/2022;6.3
16/12/2022;6.46;6.3;6.46;6.3;6.330372569527371;364281;2306034.45;15/12/2022;6.46
15/12/2022;6.45;6.46;6.46;6.45;6.460245163790843;263171;1700149.18;14/12/2022;6.55
14/12/2022;6.5;6.55;6.56;6.5;6.5336343999999995;12500;81670.43;13/12/2022;6.56
13/12/2022;6.69;6.56;6.69;6.56;6.587900142908182;67176;442548.78;12/12/2022;6.7
12/12/2022;7.05;6.7;7.05;6.65;6.781758766381017;41893;284108.22;07/12/2022;7.09
07/12/2022;6.51;7.09;7.1;6.45;6.5761087845968715;103875;683093.3;06/12/2022;6.6
06/12/2022;6.5;6.6;6.6;6.48;6.480202352188743;1125760;7295152.6;05/12/2022;6.5
05/12/2022;6.55;6.5;6.55;6.5;6.526322672624886;307922;2009598.33;02/12/2022;6.65
02/12/2022;6.65;6.65;6.65;6.65;6.65004437413181;129580;861712.75;01/12/2022;6.7
01/12/2022;6.69;6.7;6.7;6.68;6.6930836038961035;36960;247376.37;30/11/2022;6.7
30/11/2022;6.82;6.7;6.82;6.7;6.799157932479071;1288519;8760844.18;29/11/2022;6.82
29/11/2022;6.82;6.82;6.82;6.82;6.818725124378109;3216;21929.02;28/11/2022;6.8
28/11/2022;7;6.8;7;6.8;6.874840296164029;129928;893234.25;25/11/2022;7.05
25/11/2022;7.15;7.05;7.2;7.05;7.1999827857415815;31506440;226845825.64;24/11/2022;7.15
24/11/2022;7.15;7.15;7.15;7.15;7.1518063073664395;8498;60776.05;23/11/2022;7.2
23/11/2022;7;7.2;7.2;7;7.197556394531785;3268269;23523550.44;22/11/2022;6.95
22/11/2022;6.9;6.95;7;6.9;6.995292213787767;1110129;7765676.75;21/11/2022;6.9
21/11/2022;7;6.9;7;6.9;6.974908542387696;141869;989523.3;18/11/2022;7.01
18/11/2022;7.05;7.01;7.05;7;7.00575404699739;19150;134160.19;17/11/2022;7.13
17/11/2022;7.02;7.13;7.13;7.02;7.0886661934920285;18316;129836.01;16/11/2022;7.2
16/11/2022;7;7.2;7.2;7;7.19821185023313;1893583;13630411.59;15/11/2022;7
15/11/2022;7.1;7;7.1;7;7.020365609825764;7002;49156.6;14/11/2022;7.2
14/11/2022;7.09;7.2;7.2;7;7.19838569058573;637734;4590655.3;11/11/2022;7.2
11/11/2022;6.75;7.2;7.2;6.75;7.194670363174868;18618111;133951171.43;10/11/2022;6.8
10/11/2022;6.75;6.8;6.8;6.75;6.7639927006634935;109873;743180.17;09/11/2022;6.75
09/11/2022;6.65;6.75;6.81;6.65;6.729391344430217;97625;656956.83;08/11/2022;6.65
08/11/2022;6.65;6.65;6.67;6.65;6.652925881216803;41420;275564.19;07/11/2022;6.7
07/11/2022;6.8;6.7;6.8;6.7;6.761582922386601;22509;152196.47;04/11/2022;6.8
04/11/2022;6.95;6.8;6.95;6.6;6.76139019833039;58337;394439.22;03/11/2022;7
03/11/2022;6.55;7;7.01;6.55;6.992135022095408;6440931;45035859.22;02/11/2022;6.5
02/11/2022;6.3;6.5;6.6;6.3;6.459618302319472;563404;3639374.79;31/10/2022;6.3
31/10/2022;6.25;6.3;6.3;6.24;6.253586816539341;79979;500155.62;28/10/2022;6.25
28/10/2022;6.21;6.25;6.25;6.21;6.223611145587688;64456;401149.08;27/10/2022;6.24
27/10/2022;6.2;6.24;6.24;6.2;6.210468552131702;52118;323677.2;26/10/2022;6.2
26/10/2022;6.13;6.2;6.25;6.12;6.157838886558399;66748;411023.43;25/10/2022;6.1
25/10/2022;6.1;6.1;6.1;6.1;6.098950660555405;18545;113105.04;24/10/2022;6.05
24/10/2022;6.11;6.05;6.11;6.05;6.050363790541693;404491;2447317.7;21/10/2022;6.11
21/10/2022;6.05;6.11;6.11;6.05;6.068205752171757;108898;660815.47;20/10/2022;6.05
20/10/2022;6.05;6.05;6.05;6.03;6.044273214602161;90288;545725.34;19/10/2022;6.03
19/10/2022;6.05;6.03;6.05;6.03;6.047633664441188;36846;222831.11;18/10/2022;6
18/10/2022;6;6;6.02;5.96;5.99967822608773;1482283;8893221.04;17/10/2022;5.95
17/10/2022;5.9;5.95;5.95;5.9;5.90644317633146;285814;1688144.15;14/10/2022;5.9
14/10/2022;5.95;5.9;5.95;5.9;5.928243561763422;11455;67908.03;13/10/2022;6
13/10/2022;5.9;6;6;5.9;5.998546869351523;273857;1642744.05;12/10/2022;5.9
12/10/2022;5.85;5.9;5.9;5.8;5.848967152302031;66854;391026.85;11/10/2022;5.85
11/10/2022;5.85;5.85;5.85;5.8;5.837798490901021;11265;65762.8;10/10/2022;5.9
10/10/2022;5.9;5.9;5.9;5.9;5.900472620599739;6136;36205.3;07/10/2022;5.9
07/10/2022;5.9;5.9;5.9;5.9;5.901620843152658;3819;22538.29;06/10/2022;5.89
06/10/2022;5.78;5.89;5.89;5.78;5.806565999321344;5894;34223.9;05/10/2022;5.75
05/10/2022;5.72;5.75;5.75;5.72;5.738835388990116;565837;3247245.4;04/10/2022;5.7
04/10/2022;5.7;5.7;5.7;5.7;5.700420977045507;126729;722408.65;03/10/2022;5.66
03/10/2022;5.7;5.66;5.7;5.66;5.677135017720361;17494;99315.8;30/09/2022;5.7
30/09/2022;5.68;5.7;5.7;5.68;5.683640743116612;159006;903732.98;29/09/2022;5.65
29/09/2022;5.7;5.65;5.7;5.65;5.684385342789598;32148;182741.62;28/09/2022;5.7
28/09/2022;5.7;5.7;5.7;5.7;5.703281628261454;11153;63608.7;27/09/2022;5.75
27/09/2022;5.8;5.75;5.8;5.75;5.768216207904044;32515;187553.55;26/09/2022;5.8
26/09/2022;5.75;5.8;5.8;5.75;5.756415698355349;140881;810969.6;23/09/2022;5.85
23/09/2022;5.9;5.85;5.93;5.85;5.869205080633652;7007;41125.52;22/09/2022;6
22/09/2022;5.8;6;6;5.8;5.9077292468486275;28321;167312.8;21/09/2022;5.9
21/09/2022;5.9;5.9;5.9;5.9;5.901619266055047;2180;12865.53;20/09/2022;5.9
20/09/2022;5.95;5.9;6;5.9;5.962805702938348;64458;384350.53;19/09/2022;5.95
19/09/2022;5.95;5.95;5.95;5.95;5.949996863331074;2604674;15497802.13;16/09/2022;6
16/09/2022;5.95;6;6;5.95;5.998458251066267;116997;701801.62;15/09/2022;6
15/09/2022;6;6;6;5.95;5.994089574851976;1708158;10238852.06;14/09/2022;5.9
14/09/2022;5.9;5.9;6;5.9;5.987303651919671;106711;638911.16;13/09/2022;5.89
13/09/2022;5.89;5.89;5.89;5.89;5.888707975836105;45688;269043.29;12/09/2022;6
12/09/2022;6;6;6.02;5.96;5.999770835234537;1950518;11702661.01;09/09/2022;6
09/09/2022;5.95;6;6;5.89;5.923674858770702;62133;368055.69;08/09/2022;5.85
08/09/2022;5.87;5.85;5.9;5.8;5.873782055665732;29246;171784.63;07/09/2022;5.85
07/09/2022;5.65;5.85;5.85;5.65;5.741626542007531;38505;221081.33;06/09/2022;5.65
06/09/2022;5.59;5.65;5.65;5.59;5.608684399712438;16692;93620.16;05/09/2022;5.59
05/09/2022;5.59;5.59;5.59;5.59;5.589493392070485;4086;22838.67;02/09/2022;5.59
02/09/2022;5.5;5.59;5.59;5.5;5.587728786600584;227592;1271722.37;01/09/2022;5.41
01/09/2022;5.41;5.41;5.5;5.4;5.416622390375351;146956;796005.16;31/08/2022;5.4
31/08/2022;5.55;5.4;5.61;5.4;5.440384110102285;1336648;7271878.54;29/08/2022;5.6
29/08/2022;5.81;5.6;5.81;5.6;5.792611935178452;218631;1266444.54;26/08/2022;5.81
26/08/2022;5.81;5.81;5.81;5.81;5.805010600706714;1415;8214.09;25/08/2022;5.81
25/08/2022;5.88;5.81;5.88;5.81;5.851366131756757;4736;27712.07;24/08/2022;5.89
24/08/2022;5.9;5.89;5.9;5.88;5.89042499248798;53248;313653.35;23/08/2022;5.91
23/08/2022;5.9;5.91;5.96;5.9;5.935404988833318;31791;188692.46;22/08/2022;5.8
22/08/2022;5.9;5.8;5.9;5.73;5.816885158670893;223639;1300882.38;19/08/2022;6
19/08/2022;6;6;6;6;6.000121155638397;72964;437792.84;18/08/2022;6.02
18/08/2022;6;6.02;6.02;6;6.001345494778314;37057;222391.86;17/08/2022;6.05
17/08/2022;6.05;6.05;6.05;6;6.046589003421058;44723;270421.6;16/08/2022;6.05
16/08/2022;6.1;6.05;6.1;6;6.048224888053513;90445;547031.7;15/08/2022;6.1
15/08/2022;6.04;6.1;6.11;6.04;6.093550083073492;87874;535464.62;12/08/2022;6
12/08/2022;6;6;6;6;6.0006866564000365;11039;66241.58;11/08/2022;6
11/08/2022;6;6;6;5.9;5.996731635090298;462635;2774297.94;10/08/2022;6
10/08/2022;5.8;6;6.05;5.8;5.999734166498469;16805632;100829324.5;09/08/2022;5.69
09/08/2022;5.5;5.69;5.69;5.5;5.613417717088877;342878;1924717.44;08/08/2022;5.5
08/08/2022;5.48;5.5;5.55;5.48;5.513942776298213;607161;3347851.01;05/08/2022;5.48
05/08/2022;5.42;5.48;5.48;5.42;5.428051067917129;74959;406881.28;04/08/2022;5.44
04/08/2022;5.45;5.44;5.48;5.44;5.450572102501117;71648;390522.59;03/08/2022;5.4
03/08/2022;5.4;5.4;5.5;5.4;5.431888440723173;245197;1331882.75;02/08/2022;5.4
02/08/2022;5.2;5.4;5.4;5.2;5.346155021890625;656217;3508237.81;01/08/2022;5.2
01/08/2022;5.2;5.2;5.2;5.2;5.200375087656354;61319;318881.8;27/07/2022;5.3
27/07/2022;5.29;5.3;5.3;5.29;5.290482299833689;21045;111338.2;26/07/2022;5.29
26/07/2022;5.29;5.29;5.29;5.29;5.2856299870105765;5389;28484.26;25/07/2022;5.2
25/07/2022;5.32;5.2;5.32;5.2;5.256884365281311;14148;74374.4;22/07/2022;5.35
22/07/2022;5.5;5.35;5.5;5.35;5.412057680585187;26248;142055.69;21/07/2022;5.39
21/07/2022;5.12;5.39;5.39;5.12;5.216417290304304;169436;883848.88;20/07/2022;5.05
20/07/2022;5.05;5.05;5.05;5.05;5.052441268536377;31627;159793.56;19/07/2022;5.05
19/07/2022;5.05;5.05;5.05;5.05;5.04534233814625;2147;10832.35;18/07/2022;5
18/07/2022;5.05;5;5.05;4.95;4.999988487826725;12673541;63367559.1;15/07/2022;4.95
15/07/2022;4.95;4.95;4.95;4.95;4.950454397922752;6162;30504.7;14/07/2022;4.95
14/07/2022;5;4.95;5;4.95;4.956072778952587;379258;1879630.25;13/07/2022;5.04
13/07/2022;5;5.04;5.09;5;5.050414943040794;15713;79357.17;12/07/2022;5.05
12/07/2022;5.1;5.05;5.1;5;5.003439973930878;521690;2610244.6;11/07/2022;5.1
11/07/2022;5.1;5.1;5.1;5.1;5.106813424269026;14809;75626.8;08/07/2022;5.1
08/07/2022;5.11;5.1;5.15;5.1;5.1028253272522655;84415;430755;07/07/2022;5.05
07/07/2022;5.05;5.05;5.05;5.05;5.049197288619336;5606;28305.8;06/07/2022;5
06/07/2022;5;5;5;4.95;4.997681374481208;43129;215545;05/07/2022;5.05
05/07/2022;5.05;5.05;5.05;5.05;5.05190488948426;7465;37712.47;04/07/2022;5.15
04/07/2022;5.1;5.15;5.15;5.1;5.137051920341394;5624;28890.78;01/07/2022;5.15
01/07/2022;5.15;5.15;5.2;5.13;5.186734817436662;128832;668217.42;30/06/2022;5.15
30/06/2022;5.15;5.15;5.15;5.15;5.150017166066365;326225;1680064.35;28/06/2022;5.2
28/06/2022;5.2;5.2;5.2;5.2;5.199999999999999;1888531;9820361.2;27/06/2022;5.2
27/06/2022;5.2;5.2;5.2;5.15;5.1861292564280745;40292;208959.52;24/06/2022;5.2
24/06/2022;5.15;5.2;5.2;5.1;5.140634346913775;82447;423829.88;23/06/2022;5.15
23/06/2022;5.2;5.15;5.25;5.15;5.199482246224772;173963;904517.53;22/06/2022;5.25
22/06/2022;5.35;5.25;5.35;5.25;5.25438563882695;336797;1769661.32;21/06/2022;5.37
21/06/2022;5.4;5.37;5.4;5.35;5.356135730821679;157665;844475.14;20/06/2022;5.4
20/06/2022;5.4;5.4;5.4;5.4;5.4;1540;8316;17/06/2022;5.35
17/06/2022;5.4;5.35;5.4;5.35;5.3916025669461325;135258;729257.38;15/06/2022;5.4
16/06/2022;;;;;5.372486569455104;1303;7000.35;15/06/2022;5.4
15/06/2022;5.45;5.4;5.45;5.4;5.409206911202379;141220;763888.2;14/06/2022;5.45
14/06/2022;5.4;5.45;5.45;5.35;5.397071432472284;36622;197651.55;13/06/2022;5.45
13/06/2022;5.5;5.45;5.5;5.45;5.492737900516646;431630;2370830.46;10/06/2022;5.46
10/06/2022;5.45;5.46;5.5;5.45;5.462768638097729;240891;1315931.8;09/06/2022;5.41
09/06/2022;5.4;5.41;5.45;5.4;5.4124377430297015;72522;392520.81;08/06/2022;5.45
08/06/2022;5.15;5.45;5.45;5.15;5.252594875520113;936095;4916927.8;07/06/2022;5.15
07/06/2022;5.08;5.15;5.15;5.08;5.129565217391304;6900;35394;06/06/2022;5.12
06/06/2022;5.17;5.12;5.17;5.1;5.100403411063806;1169254;5963667.09;03/06/2022;5.15
03/06/2022;5.13;5.15;5.15;5.13;5.149072583181332;95394;491190.63;02/06/2022;5.13
02/06/2022;5.15;5.13;5.15;5.09;5.100407977857793;780410;3980409.39;01/06/2022;5.1
01/06/2022;5.1;5.1;5.1;5.05;5.092717024467985;128004;651888.15;31/05/2022;5.05
31/05/2022;5;5.05;5.05;4.95;5.006780450876275;1398876;7003865.01;30/05/2022;5.1
30/05/2022;5.06;5.1;5.1;5.06;5.084106715628999;17973;91376.65;27/05/2022;5.01
27/05/2022;4.95;5.01;5.01;4.95;4.9809396019873855;1307245;6511308.39;26/05/2022;4.93
26/05/2022;4.93;4.93;5;4.9;4.951565561657332;54811;271400.26;25/05/2022;4.9
25/05/2022;4.94;4.9;4.94;4.9;4.912710437710438;9504;46690.4;24/05/2022;4.92
24/05/2022;4.85;4.92;4.92;4.85;4.883322938322938;25974;126839.43;23/05/2022;4.85
23/05/2022;4.95;4.85;4.97;4.85;4.924790748081176;336795;1658644.9;20/05/2022;4.95
20/05/2022;4.95;4.95;4.95;4.95;4.950040404040404;27225;134764.85;19/05/2022;4.95
19/05/2022;4.85;4.95;4.95;4.85;4.946322230412872;1258888;6226865.7;18/05/2022;4.85
18/05/2022;4.91;4.85;4.95;4.85;4.947496012737109;1445854;7153356.9;17/05/2022;4.85
17/05/2022;4.96;4.85;4.96;4.85;4.854211128033385;247537;1201596.86;16/05/2022;4.96
16/05/2022;4.95;4.96;4.96;4.95;4.9574795909213245;22294;110522.05;13/05/2022;4.9
13/05/2022;4.9;4.9;4.95;4.9;4.903450928415491;553793;2715496.8;12/05/2022;4.81
12/05/2022;4.95;4.81;4.95;4.81;4.906205128205128;24180;118632.04;11/05/2022;4.9
11/05/2022;4.9;4.9;4.9;4.9;4.8999999999999995;19081;93496.9;10/05/2022;4.9
10/05/2022;4.8;4.9;4.9;4.8;4.842386405388854;16330;79076.17;09/05/2022;4.8
09/05/2022;4.86;4.8;4.86;4.8;4.803029007198346;56124;269565.2;06/05/2022;4.95
06/05/2022;4.9;4.95;4.95;4.85;4.873440226456248;498816;2430949.96;05/05/2022;4.95
05/05/2022;5.1;4.95;5.1;4.9;4.910081856644026;673861;3308712.67;04/05/2022;5.1
04/05/2022;4.8;5.1;5.1;4.8;5.094420623203601;560844;2857175.24;03/05/2022;5
03/05/2022;5.2;5;5.2;5;5.088868726089768;593888;3022218.07;02/05/2022;5.08
02/05/2022;5.05;5.08;5.08;4.96;4.99425822674948;258091;1288973.1;29/04/2022;5.12
29/04/2022;5.12;5.12;5.15;5.12;5.1387736178069545;48745;250489.52;28/04/2022;5.1
28/04/2022;5.15;5.1;5.2;5;5.001589710032213;12670166;63370971.89;27/04/2022;5.2
27/04/2022;5.2;5.2;5.3;5.2;5.223208336664801;37521;195980;26/04/2022;5.02
26/04/2022;5;5.02;5.1;4.93;5.008125904378075;1270901;6364832.22;25/04/2022;4.97
25/04/2022;5.2;4.97;5.2;4.97;5.097403677155061;297567;1516819.12;22/04/2022;5.25
22/04/2022;5.6;5.5;5.6;5.4;5.466521677370157;267514;1462371.08;21/04/2022;5.6
21/04/2022;5.35;5.6;5.6;5.35;5.408745101882624;561185;3035306.62;20/04/2022;5.35
20/04/2022;5.1;5.35;5.35;5.1;5.111626141265414;1049712;5365735.3;19/04/2022;5.08
19/04/2022;5.12;5.08;5.12;5.01;5.027233028480897;1440369;7241070.61;18/04/2022;5.01
18/04/2022;5.01;5.01;5.1;5;5.008821521833648;749806;3755644.43;13/04/2022;5.01
13/04/2022;5.42;5.01;5.5;5.01;5.331125420403076;821533;4379695.46;12/04/2022;5.42
12/04/2022;5.65;5.42;5.65;5.42;5.581706328242326;168467;940333.32;11/04/2022;5.63
11/04/2022;5.6;5.63;5.68;5.6;5.644480179973754;48007;270974.56;08/04/2022;5.6
08/04/2022;5.7;5.6;5.7;5.6;5.650286552015957;668814;3778990.75;07/04/2022;5.7
07/04/2022;5.74;5.7;5.74;5.7;5.719279884049126;13109;74974.04;06/04/2022;5.7
06/04/2022;5.77;5.7;5.77;5.7;5.7489735007321325;561374;3227324.25;05/04/2022;5.76
05/04/2022;5.77;5.76;5.77;5.76;5.765215285559628;52651;303544.35;04/04/2022;5.77
04/04/2022;5.7;5.77;5.81;5.69;5.724164215201211;596242;3412987.12;01/04/2022;5.69
01/04/2022;5.63;5.69;5.7;5.6;5.65625211249901;644379;3644770.08;31/03/2022;5.55
31/03/2022;5.63;5.55;5.63;5.55;5.5873153972427625;137674;769228.06;30/03/2022;5.63
30/03/2022;5.7;5.63;5.7;5.63;5.690044567062818;98952;563041.29;29/03/2022;5.7
29/03/2022;5.75;5.7;5.75;5.7;5.71433025321868;168392;962247.5;28/03/2022;5.75
28/03/2022;5.76;5.75;5.76;5.75;5.7512792486988005;44190;254149.03;25/03/2022;5.7
25/03/2022;5.78;5.7;5.78;5.7;5.773625112404159;399229;2304998.58;24/03/2022;5.78
24/03/2022;5.78;5.78;5.78;5.74;5.761385613988607;7549;43492.7;23/03/2022;5.78
23/03/2022;5.78;5.78;5.78;5.78;5.78;41888;242112.64;22/03/2022;5.78
22/03/2022;5.81;5.78;5.81;5.78;5.791685381891755;29655;171752.43;21/03/2022;5.81
21/03/2022;5.82;5.81;5.83;5.81;5.821623801882291;23057;134229.18;18/03/2022;5.82
18/03/2022;5.79;5.82;5.82;5.78;5.801141708131688;44013;255325.65;17/03/2022;5.79
17/03/2022;5.83;5.79;5.83;5.79;5.823470359495278;63005;366907.75;16/03/2022;5.83
16/03/2022;5.67;5.83;5.83;5.67;5.70310746329471;3283791;18727812.96;15/03/2022;5.67
15/03/2022;5.69;5.67;5.69;5.67;5.67943945630541;88432;502244.19;14/03/2022;5.69
14/03/2022;5.75;5.69;5.75;5.69;5.748708775321946;790273;4543049.33;11/03/2022;5.79
11/03/2022;5.79;5.79;5.8;5.78;5.790125454249386;1725649;9991724.2;10/03/2022;5.75
10/03/2022;5.85;5.75;5.85;5.75;5.836902290572875;322845;1884414.72;09/03/2022;5.85
09/03/2022;5.85;5.85;5.9;5.84;5.856640911536016;81796;479049.8;08/03/2022;5.86
08/03/2022;5.9;5.86;5.9;5.86;5.897829877105749;300665;1773271.02;07/03/2022;5.9
07/03/2022;6.05;5.9;6.05;5.88;5.930125495537126;205585;1219144.85;04/03/2022;6.15
04/03/2022;6.2;6.15;6.2;6.15;6.177898116365251;117114;723518.36;03/03/2022;6.2
03/03/2022;6.2;6.2;6.2;6.17;6.196042702370813;50489;312832;02/03/2022;6.2
02/03/2022;6.2;6.2;6.25;6.19;6.200356466638396;740462;4591128.35;01/03/2022;6.22
01/03/2022;6.22;6.22;6.23;6.22;6.224036490546033;22636;140887.29;28/02/2022;6.12
28/02/2022;6.3;6.12;6.3;6.12;6.127933485534765;355231;2176831.94;25/02/2022;6.35
25/02/2022;6.3;6.35;6.35;6.3;6.300125167968282;751630;4735363.08;24/02/2022;6.29
24/02/2022;6.19;6.29;6.29;6.1;6.169323005888651;149440;921943.63;23/02/2022;6.25
23/02/2022;6.23;6.25;6.25;6.23;6.244341216216216;11840;73933;22/02/2022;6.23
22/02/2022;6.29;6.23;6.29;6.2;6.236858255769188;44157;275400.95;21/02/2022;6.23
21/02/2022;6.2;6.23;6.23;6.2;6.203970604776724;26671;165466.1;18/02/2022;6.3
18/02/2022;6.2;6.3;6.3;6.2;6.216614512388175;81489;506585.7;17/02/2022;6.2
17/02/2022;6.28;6.2;6.28;6.2;6.2727058919100225;381608;2393714.75;16/02/2022;6.28
16/02/2022;6.5;6.28;6.5;6.28;6.35502663060304;539417;3428009.4;15/02/2022;6.55
15/02/2022;6.55;6.55;6.6;6.55;6.58342855112627;14073;92648.59;14/02/2022;6.55
14/02/2022;6.63;6.55;6.63;6.55;6.574114387006142;557371;3664220.71;11/02/2022;6.64
11/02/2022;6.67;6.64;6.67;6.64;6.656820298170531;42526;283087.94;10/02/2022;6.67
10/02/2022;6.7;6.67;6.7;6.67;6.670432093066199;140803;939216.85;09/02/2022;6.7
09/02/2022;6.75;6.7;6.75;6.7;6.727681465936094;122461;823878.6;08/02/2022;6.75
08/02/2022;6.57;6.75;6.75;6.57;6.657089553990304;383467;2552774.16;07/02/2022;6.57
07/02/2022;6.65;6.57;6.65;6.57;6.601331929599207;274031;1808969.59;04/02/2022;6.64
04/02/2022;6.64;6.64;6.64;6.64;6.639429477020602;6310;41894.8;03/02/2022;6.65
03/02/2022;6.65;6.65;6.65;6.65;6.6502463127061855;67597;449536.7;02/02/2022;6.65
02/02/2022;6.9;6.65;6.9;6.65;6.682688423940601;254413;1700162.81;01/02/2022;6.9
01/02/2022;6.8;6.9;6.91;6.55;6.868070591984083;257338;1767415.55;31/01/2022;6.87
31/01/2022;6.82;6.87;6.95;6.82;6.886184355086795;18204;125356.1;28/01/2022;6.8
28/01/2022;6.85;6.8;6.85;6.8;6.843057533392235;19241;131667.27;27/01/2022;6.85
27/01/2022;6.76;6.85;6.85;6.76;6.845455350815024;22576;154543;26/01/2022;6.76
26/01/2022;6.75;6.76;6.8;6.75;6.779635747742978;664814;4507196.76;25/01/2022;6.75
25/01/2022;6.8;6.75;6.8;6.73;6.733423544523105;200862;1352488.92;24/01/2022;6.8
24/01/2022;6.84;6.8;6.84;6.7;6.8019828968466065;149680;1018120.8;21/01/2022;6.83
21/01/2022;6.9;6.83;6.9;6.82;6.885587552228457;383651;2641662.55;20/01/2022;6.9
20/01/2022;6.9;6.9;6.9;6.89;6.8909121673976745;277471;1912028.29;19/01/2022;6.9
19/01/2022;6.84;6.9;6.9;6.84;6.848826024966679;602483;4126301.25;18/01/2022;6.84
18/01/2022;6.95;6.84;6.95;6.78;6.871369192410605;65776;451971.18;17/01/2022;6.95
17/01/2022;6.95;6.95;6.95;6.95;6.95;15146;105264.7;14/01/2022;6.95
14/01/2022;6.95;6.95;7;6.95;6.97371572399116;48868;340791.54;13/01/2022;6.99
13/01/2022;6.8;6.99;6.99;6.8;6.9459628066311865;81735;567728.27;12/01/2022;6.8
12/01/2022;6.65;6.8;6.82;6.65;6.7881904976272205;106626;723797.6;11/01/2022;6.58
11/01/2022;6.55;6.58;6.6;6.54;6.549272949054008;192655;1261750.18;10/01/2022;6.51
10/01/2022;6.63;6.51;6.65;6.51;6.619725047491137;413235;2735502.08;07/01/2022;6.63
07/01/2022;6.45;6.63;6.63;6.45;6.4610591841891765;751890;4858005.79;06/01/2022;6.45
06/01/2022;6.45;6.45;6.48;6.4;6.449491516427523;395647;2551721.97;05/01/2022;6.35
05/01/2022;6.22;6.35;6.4;6.2;6.239308416292399;1870099;11668124.43;04/01/2022;6.2
04/01/2022;6.1;6.2;6.2;6.1;6.127901687763712;23700;145231.27;03/01/2022;6.05
03/01/2022;6.05;6.05;6.05;6.05;6.05;3490;21114.5;30/12/2021;6.05
31/12/2021;;;;;6.05;647;3914.35;30/12/2021;6.05
30/12/2021;6;6.05;6.06;5.95;5.962940068915659;1503577;8965739.54;29/12/2021;6
29/12/2021;6.12;6;6.12;6;6.055697337758633;28322;171509.46;28/12/2021;6.12
28/12/2021;6.12;6.12;6.2;6.1;6.120042777142271;1171420;7169140.51;27/12/2021;6.06
27/12/2021;5.8;6.06;6.06;5.8;5.99071760108806;92642;554992.06;23/12/2021;5.75
24/12/2021;;;;;;;;23/12/2021;5.75
23/12/2021;5.7;5.75;5.75;5.6;5.6986645333911845;55314;315215.93;22/12/2021;5.65
22/12/2021;5.7;5.65;5.7;5.6;5.650012731992681;887528;5014544.5;21/12/2021;5.7
21/12/2021;5.7;5.7;5.7;5.69;5.699491249491249;19656;112029.2;20/12/2021;5.63
20/12/2021;5.55;5.63;5.63;5.55;5.60827961870177;8812;49420.16;17/12/2021;5.55
17/12/2021;5.61;5.55;5.61;5.55;5.556893454118293;3416209;18983509.43;16/12/2021;5.6
16/12/2021;5.53;5.6;5.7;5.53;5.642972625744736;1011096;5705587.05;15/12/2021;5.48
15/12/2021;5.6;5.48;5.6;5.47;5.484440839180499;170738;936402.46;14/12/2021;5.6
14/12/2021;5.6;5.6;5.6;5.6;5.599638300670788;30412;170296.2;13/12/2021;5.6
13/12/2021;5.68;5.6;5.68;5.6;5.677595261648656;319436;1813628.32;10/12/2021;5.65
10/12/2021;5.7;5.65;5.7;5.61;5.682733316066649;81081;460761.7;09/12/2021;5.7
09/12/2021;5.57;5.7;5.78;5.57;5.684083253534614;17753;100909.53;07/12/2021;5.57
07/12/2021;5.62;5.57;5.72;5.53;5.622837472810384;1041758;5857635.92;06/12/2021;5.55
06/12/2021;5.6;5.55;5.6;5.47;5.474165553387062;526223;2880631.82;03/12/2021;5.6
03/12/2021;5.85;5.6;5.85;5.47;5.742871349614641;209156;1201156;02/12/2021;5.85
02/12/2021;5.86;5.85;5.94;5.8;5.860035132988223;562719;3297553.11;01/12/2021;5.86
01/12/2021;6.02;5.86;6.05;5.75;5.94012942371338;1142140;6784459.42;30/11/2021;6.02
30/11/2021;6.15;6.02;6.15;6.02;6.0899603268992495;563354;3430803.51;29/11/2021;6.15
29/11/2021;6.1;6.15;6.15;6.05;6.098899582862606;92056;561440.3;26/11/2021;6.1
26/11/2021;6.15;6.1;6.15;6;6.133233422120942;530104;3251251.57;25/11/2021;6.17
25/11/2021;6.2;6.17;6.2;6.17;6.194231742588575;11064;68532.98;24/11/2021;6.2
24/11/2021;6.22;6.2;6.3;6.2;6.219705993474154;29115;181086.74;23/11/2021;6.22
23/11/2021;6.25;6.22;6.25;6.22;6.249760005631399;227297;1420551.7;22/11/2021;6.25
22/11/2021;6.21;6.25;6.25;6;6.1336200483373915;222602;1365356.09;19/11/2021;6.3
19/11/2021;6.3;6.3;6.3;6.25;6.291581962668638;10822;68087.5;18/11/2021;6.3
18/11/2021;6.35;6.3;6.35;6.3;6.348407310704961;304485;1932994.8;17/11/2021;6.35
17/11/2021;6.35;6.35;6.35;6.35;6.353453054298643;3536;22465.81;16/11/2021;6.37
16/11/2021;6.4;6.37;6.4;6.37;6.398533141236164;111749;715029.68;15/11/2021;6.4
15/11/2021;6.42;6.4;6.42;6.35;6.3699468085106385;11280;71853;12/11/2021;6.42
12/11/2021;6.41;6.42;6.42;6.39;6.406630982715504;380283;2436332.85;11/11/2021;6.41
11/11/2021;6.4;6.41;6.41;6.4;6.409913785305624;353768;2267622.38;10/11/2021;6.41
10/11/2021;6.44;6.41;6.45;6.4;6.410279808395214;311892;1999314.99;09/11/2021;6.44
09/11/2021;6.4;6.44;6.47;6.35;6.439348651815244;2004028;12904635;08/11/2021;6.4
08/11/2021;6.4;6.4;6.4;6.39;6.399894639698531;130030;832178.3;05/11/2021;6.39
05/11/2021;6.23;6.39;6.39;6.23;6.347320866283682;83206;528135.18;04/11/2021;6.18
04/11/2021;6;6.18;6.2;6;6.113148767136559;61929;378581.19;03/11/2021;6.15
03/11/2021;6.2;6.15;6.2;6.01;6.150465925373426;407576;2506782.3;02/11/2021;6.3
02/11/2021;6.4;6.3;6.4;6.3;6.324835856656992;124373;786638.81;29/10/2021;6.45
29/10/2021;6.4;6.45;6.45;6.38;6.408596462770272;376057;2409997.56;28/10/2021;6.4
28/10/2021;6.35;6.4;6.4;6.3;6.373545743859348;1025624;6536861.48;27/10/2021;6.4
27/10/2021;6.25;6.4;6.4;6.25;6.3190759451714005;1074038;6786927.69;26/10/2021;6.21
26/10/2021;6.37;6.21;6.37;6.21;6.3113485592362375;91861;579766.79;25/10/2021;6.38
25/10/2021;6.35;6.38;6.42;6.35;6.3658836438461694;197308;1256039.77;22/10/2021;6.35
22/10/2021;6.4;6.35;6.4;6.25;6.28246556695325;267403;1679950.14;21/10/2021;6.23
21/10/2021;6.35;6.23;6.4;6.23;6.277287162445442;226593;1422389.33;20/10/2021;6.4
20/10/2021;6.4;6.4;6.46;6.4;6.409708223534757;220100;1410776.78;19/10/2021;6.4
19/10/2021;6.35;6.4;6.4;6.35;6.357751536433747;1018918;6478027.48;18/10/2021;6.31
18/10/2021;6.27;6.31;6.31;6.25;6.2678411201840785;178185;1116835.27;15/10/2021;6.25
15/10/2021;6.15;6.25;6.3;6.15;6.206701559036835;265292;1646588.27;14/10/2021;6.15
14/10/2021;5.95;6.15;6.15;5.95;6.135131807058723;560668;3439772.08;13/10/2021;5.9
13/10/2021;5.65;5.9;6;5.65;5.787158400276878;959266;5551424.29;12/10/2021;5.61
12/10/2021;5.5;5.61;5.65;5.5;5.579179333487025;1171170;6534167.46;11/10/2021;5.45
11/10/2021;5.48;5.45;5.5;5.45;5.483403857726539;31573;173127.51;07/10/2021;5.43
07/10/2021;5.31;5.43;5.45;5.3;5.412079299948722;1051123;5688761.03;06/10/2021;5.2
06/10/2021;5.22;5.2;5.22;5.2;5.207043400393259;479074;2494559.11;05/10/2021;5.21
05/10/2021;5.15;5.21;5.21;5.15;5.197429985671486;7677;39900.67;04/10/2021;5.11
04/10/2021;5.17;5.11;5.17;5.1;5.10283978484915;155054;791215.72;01/10/2021;5.17
01/10/2021;5.25;5.17;5.25;5.15;5.2194150923945255;155204;810074.1;30/09/2021;5.2
30/09/2021;5.25;5.2;5.25;5.2;5.218177338142342;364039;1899620.06;29/09/2021;5.25
29/09/2021;5.2;5.25;5.3;5.2;5.255186366615686;114425;601324.7;28/09/2021;5.2
28/09/2021;5.25;5.2;5.25;5.2;5.238727414848024;111301;583075.6;27/09/2021;5.27
27/09/2021;5.23;5.27;5.27;5.23;5.254491760082176;268692;1411839.9;24/09/2021;5.2
24/09/2021;5.15;5.2;5.25;5.15;5.211670911168703;712294;3712241.92;23/09/2021;5.1
23/09/2021;5.02;5.1;5.11;5.01;5.073738817973647;252414;1280682.71;22/09/2021;5.02
22/09/2021;4.9;5.02;5.02;4.9;4.967266939273288;167274;830894.61;21/09/2021;4.9
21/09/2021;4.8;4.9;4.9;4.8;4.847503969216089;511436;2479188.04;20/09/2021;4.75
20/09/2021;4.8;4.75;4.8;4.75;4.788904884951396;24381;116758.29;17/09/2021;4.75
17/09/2021;4.8;4.75;4.8;4.75;4.789973563143415;521242;2496735.4;16/09/2021;4.8
16/09/2021;4.8;4.8;4.8;4.8;4.8;10000;48000;15/09/2021;4.8
15/09/2021;4.8;4.8;4.8;4.79;4.798369670267197;70360;337613.29;14/09/2021;4.8
14/09/2021;4.8;4.8;4.8;4.79;4.799006186489105;80498;386310.4;13/09/2021;4.8
13/09/2021;4.95;4.8;5.13;4.8;4.98607453667563;103761;517360.08;10/09/2021;4.85
10/09/2021;4.85;4.85;4.9;4.85;4.873939611790079;27820;135593;09/09/2021;4.77
09/09/2021;4.81;4.77;4.82;4.7;4.766046672773361;506548;2414231.41;08/09/2021;4.9
08/09/2021;4.95;4.9;5;4.9;4.932334785766159;49572;244505.7;07/09/2021;5.05
07/09/2021;5.2;5.05;5.2;5.04;5.162145925968981;412908;2131491.35;06/09/2021;5.21
06/09/2021;5.2;5.21;5.25;5.2;5.225358482400461;27728;144888.74;03/09/2021;5.2
03/09/2021;5.14;5.2;5.23;5.14;5.183725536387359;55184;286058.71;02/09/2021;5.07
02/09/2021;4.95;5.07;5.07;4.95;4.98831689487753;366620;1828816.74;01/09/2021;4.95
01/09/2021;4.88;4.95;5.03;4.88;4.960997923507823;82832;410929.38;31/08/2021;4.79
31/08/2021;4.75;4.79;4.8;4.75;4.794342341302729;762584;3656088.76;27/08/2021;4.72
27/08/2021;4.6;4.72;4.72;4.57;4.625179675449666;235341;1088494.41;26/08/2021;4.5
26/08/2021;4.55;4.5;4.56;4.5;4.500189340463221;3603984;16218610.38;25/08/2021;4.55
25/08/2021;4.64;4.55;4.64;4.5;4.538926579332075;140914;639598.3;24/08/2021;4.65
24/08/2021;4.23;4.65;4.66;4.23;4.608316874805947;463792;2137300.5;23/08/2021;4.17
23/08/2021;4.55;4.75;4.9;4.55;4.7437392967590855;559410;2653695.2;20/08/2021;4.55
20/08/2021;4.75;4.55;4.8;4.55;4.7432113708241825;817355;3876887.53;19/08/2021;4.75
19/08/2021;4.8;4.75;4.8;4.55;4.691697890181918;431459;2024275.28;18/08/2021;4.8
18/08/2021;4.85;4.8;4.85;4.79;4.8004790902189045;1011584;4856087.84;17/08/2021;4.85
17/08/2021;4.98;4.85;4.98;4.8;4.920223785507556;430859;2119922.7;16/08/2021;4.98
16/08/2021;5.01;4.98;5.01;4.95;4.990951417339812;60289;300899.47;13/08/2021;5.05
13/08/2021;5.06;5.05;5.06;5.04;5.049734811053225;357217;1803851.12;12/08/2021;5.06
12/08/2021;4.95;5.06;5.08;4.95;5.030807599048037;312197;1570603.04;11/08/2021;4.8
11/08/2021;5.28;4.8;5.28;4.8;4.943931876635768;132583;655481.32;10/08/2021;5.25
10/08/2021;5.3;5.25;5.3;5.24;5.251385255506745;1094022;5745131;09/08/2021;5.3
09/08/2021;5.37;5.3;5.37;5.3;5.3368312996319975;41304;220432.48;06/08/2021;5.36
06/08/2021;5.5;5.36;5.5;5.36;5.368341531100478;104500;560991.69;05/08/2021;5.37
05/08/2021;5.4;5.37;5.4;5.36;5.372765416020941;383935;2062792.69;04/08/2021;5.35
04/08/2021;5.41;5.35;5.42;5.35;5.416393095788485;1107440;5998330.37;03/08/2021;5.37
03/08/2021;5.45;5.37;5.6;5.37;5.462004890581342;524682;2865815.65;02/08/2021;5.5
02/08/2021;5.65;5.5;5.81;5.5;5.71967828276974;94897;542780.31;30/07/2021;5.55
30/07/2021;6;5.55;6;5.25;5.523394763520503;193336;1067871.05;27/07/2021;6.15
27/07/2021;6.15;6.15;6.16;6.15;6.150029664238601;1069301;6576232.87;26/07/2021;6.15
26/07/2021;6.16;6.15;6.22;6.15;6.15022697960335;514055;3161554.93;23/07/2021;6.16
23/07/2021;6.15;6.16;6.17;6.15;6.150136732845323;2302958;14163506.59;22/07/2021;6.1
22/07/2021;6.11;6.1;6.17;6.1;6.111842118404064;560724;3427056.56;21/07/2021;6
21/07/2021;6.02;6;6.05;6;6.0053432788766035;1915833;11505234.83;20/07/2021;5.95
20/07/2021;5.94;5.95;5.97;5.94;5.95089595823413;174305;1037270.92;19/07/2021;5.94
19/07/2021;5.96;5.94;5.97;5.93;5.949701243749199;38995;232008.6;16/07/2021;5.95
16/07/2021;5.9;5.95;6.02;5.9;5.935923908672391;621674;3690209.56;15/07/2021;5.9
15/07/2021;5.9;5.9;5.92;5.9;5.900325914699975;245463;1448311.7;14/07/2021;5.9
14/07/2021;5.95;5.9;5.95;5.9;5.947498092753034;698651;4155225.49;13/07/2021;5.95
13/07/2021;5.95;5.95;5.95;5.95;5.950213085986463;119670;712062;12/07/2021;5.95
12/07/2021;5.95;5.95;5.95;5.95;5.949999999999999;72983;434248.85;09/07/2021;5.95
09/07/2021;5.95;5.95;5.95;5.91;5.941042161387159;22319;132598.12;08/07/2021;5.95
08/07/2021;6;5.95;6;5.95;5.98556491267733;70772;423610.4;07/07/2021;6
07/07/2021;6;6;6;6;6;447412;2684472;06/07/2021;6
06/07/2021;6;6;6;6;6.000366327311246;67972;407856.9;05/07/2021;6
05/07/2021;6;6;6;6;6;13282;79692;02/07/2021;6
02/07/2021;6;6;6;5.99;5.994364865392881;51186;306827.56;01/07/2021;6
01/07/2021;6.3;6;6.3;6;6.0664911100062895;364061;2208572.82;30/06/2021;6.3
30/06/2021;6.35;6.3;6.48;6.3;6.347955760026024;215190;1366016.6;28/06/2021;6.3
28/06/2021;6.2;6.3;6.34;6.2;6.250825575272665;1099609;6873464.06;25/06/2021;6.1
25/06/2021;6.1;6.1;6.1;6.1;6.1;18259;111379.9;24/06/2021;6.1
24/06/2021;6.1;6.1;6.1;6.1;6.101312434378281;6667;40677.45;23/06/2021;6
23/06/2021;6.16;6;6.16;6;6.041199124293747;718049;4337876.99;22/06/2021;6.16
22/06/2021;6.2;6.16;6.2;6.16;6.162402009625939;118430;729813.27;21/06/2021;6.16
21/06/2021;6.06;6.16;6.16;6.05;6.065736130486104;18638;113053.19;18/06/2021;6.05
18/06/2021;6;6.05;6.1;6;6.051281512007957;175925;1064571.7;17/06/2021;6
17/06/2021;6.25;6;6.25;6;6.08770765989611;62181;378539.75;16/06/2021;6.25
16/06/2021;6.45;6.25;6.45;6.25;6.392315330273139;153585;981763.75;15/06/2021;6.45
15/06/2021;6.51;6.45;6.58;6.38;6.55514679596776;360296;2361793.17;14/06/2021;6.5
14/06/2021;6.45;6.5;6.5;6.45;6.4538013779995245;63135;407460.75;11/06/2021;6.35
11/06/2021;6.35;6.35;6.5;6.35;6.371703009962925;56911;362619.99;10/06/2021;6.5
10/06/2021;6.2;6.5;6.57;6.2;6.243344687055902;351133;2192244.35;09/06/2021;6.05
09/06/2021;5.7;6.05;6.05;5.7;5.810261307432593;189853;1103095.54;08/06/2021;5.88
08/06/2021;5.85;5.88;6.3;5.83;5.992258092259079;941826;5643664.47;07/06/2021;5.79
07/06/2021;6.5;5.79;6.5;5.79;5.863568501931706;461768;2707608.3;04/06/2021;6.82
04/06/2021;6.6;6.82;6.9;6.6;6.7409482806869505;464546;3131480.56;03/06/2021;6.5
03/06/2021;6.41;6.5;6.55;6.35;6.497560210771565;590592;3837407.08;02/06/2021;6.41
02/06/2021;6.36;6.41;6.41;6.36;6.399986043836949;904260;5787251.38;01/06/2021;6.35
01/06/2021;6.6;6.35;6.6;6.25;6.2990383612309735;105445;664202.1;31/05/2021;6.6
31/05/2021;6.62;6.6;6.66;6.6;6.614542360971692;99620;658940.71;28/05/2021;6.6
28/05/2021;6.3;6.6;6.7;6.3;6.563707521726101;467180;3066432.88;27/05/2021;6.05
27/05/2021;6.19;6.05;6.19;6;6.0063825892894895;5438882;32668006.15;26/05/2021;6.09
26/05/2021;6.15;6.09;6.2;6.09;6.119402240373967;571601;3497856.44;25/05/2021;6.11
25/05/2021;6.19;6.11;6.24;6;6.09531684081155;1276619;7781397.29;24/05/2021;6.1
24/05/2021;6.66;6.1;6.66;6.1;6.124284957352469;1060671;6495851.45;21/05/2021;6.65
21/05/2021;7;6.65;7;6.5;6.629499971868353;6096337;40415665.97;20/05/2021;6.98
20/05/2021;6.95;6.98;6.99;6.94;6.967356615743419;1156839;8060109.86;19/05/2021;6.9
19/05/2021;7.15;6.9;7.15;6.9;7.0390317680748185;499023;3512638.75;18/05/2021;7.17
18/05/2021;7.2;7.17;7.2;7.17;7.199872212052712;1437303;10348397.93;17/05/2021;7.2
17/05/2021;7.3;7.2;7.3;7.1;7.136241874759892;65075;464390.94;14/05/2021;7.45
14/05/2021;7.7;7.45;7.7;7.45;7.4606699120105295;290262;2165548.97;13/05/2021;7.52
13/05/2021;7.14;7.52;7.52;7.13;7.495637608758007;3263208;24459824.61;12/05/2021;7.11
12/05/2021;7.05;7.11;7.12;7;7.0014826014877265;4056525;28401689.21;11/05/2021;7
11/05/2021;7;7;7;6.93;6.937580133711883;1530754;10619728.54;10/05/2021;6.86
10/05/2021;6.77;6.86;7;6.77;6.926517114766038;65908;456512.89;07/05/2021;6.62
07/05/2021;6.6;6.62;6.8;6.6;6.617628376632824;673526;4457144.77;06/05/2021;6.56
06/05/2021;6.55;6.56;6.58;6.55;6.557695245022274;21998;144256.18;05/05/2021;6.6
05/05/2021;6.61;6.6;6.65;6.6;6.612877804218747;43283;286225.19;04/05/2021;6.6
04/05/2021;6.8;6.6;6.8;6.6;6.6899740781001755;11959;80005.4;03/05/2021;6.8
03/05/2021;6.9;6.8;6.91;6.8;6.871596141154548;103036;708021.78;30/04/2021;6.9
30/04/2021;7.1;6.9;7.1;6.9;7.021600811549074;290309;2038433.91;29/04/2021;7
29/04/2021;6.9;7;7;6.9;6.986963429590812;35876;250664.3;28/04/2021;6.76
28/04/2021;6.7;6.76;6.9;6.7;6.704763138835208;582662;3906610.7;27/04/2021;6.7
27/04/2021;6.83;6.7;6.88;6.7;6.812771940567893;124108;845519.5;26/04/2021;6.84
26/04/2021;6.4;6.84;6.84;6.4;6.583340583596527;100686;662850.23;23/04/2021;6.4
23/04/2021;6.58;6.4;6.6;6.4;6.586954102961784;1016144;6693293.89;22/04/2021;6.58
22/04/2021;7;6.83;7.05;6.79;7.004167477831668;711939;4986539.99;21/04/2021;7.05
21/04/2021;7.1;7.05;7.1;7.05;7.068582331665976;612146;4327004.4;20/04/2021;7.1
20/04/2021;7.15;7.1;7.18;6.97;7.048830918285626;1151254;8114994.79;19/04/2021;7.15
19/04/2021;7.5;7.15;7.5;7.15;7.247343739036697;156773;1136187.82;16/04/2021;7.64
16/04/2021;7.68;7.64;7.68;7.64;7.652110277265987;22253;170282.41;15/04/2021;7.68
15/04/2021;7.7;7.68;7.7;7.68;7.699601536290662;214022;1647884.12;14/04/2021;7.69
14/04/2021;7.69;7.69;7.69;7.69;7.695215322984477;3994;30734.69;13/04/2021;7.7
13/04/2021;7.65;7.7;7.7;7.65;7.6971416913189845;98030;754550.8;12/04/2021;7.6
12/04/2021;7.68;7.6;7.68;7.48;7.494463525594896;81989;614463.57;09/04/2021;7.72
09/04/2021;7.64;7.72;7.74;7.64;7.721382673438837;152979;1181209.4;08/04/2021;7.74
08/04/2021;7.74;7.74;7.74;7.74;7.739990347194557;195798;1515474.63;07/04/2021;7.74
07/04/2021;7.74;7.74;7.74;7.74;7.74;265003;2051123.22;06/04/2021;7.74
06/04/2021;7.74;7.74;7.77;7.74;7.753111350884764;46340;359279.18;05/04/2021;7.7
05/04/2021;7.7;7.7;7.74;7.7;7.708332362970973;60115;463386.4;31/03/2021;7.65
