Fecha de cotización;Apertura;Cierre;Máximo;Mínimo;Promedio;Cantidad negociada;Monto negociado ($);Fecha anterior;Cierre anterior corregido
19/05/2026;304;315.3;315.3;304;309.3086662569146;3254;1006490.4;18/05/2026;303.86
18/05/2026;308.27;305.27;309.5;302.82;305.99327695560254;473;144734.82;15/05/2026;319
15/05/2026;323;319;335;315.5;322.03809540636047;2830;911367.81;14/05/2026;327.71
14/05/2026;322;327.71;327.71;318.87;320.4391788856305;341;109269.76;13/05/2026;320
13/05/2026;324;320;324;315.5;320.34484507042254;2130;682334.52;12/05/2026;323.5
12/05/2026;324.1;323.5;326.26;321.1;324.1169032258064;465;150714.36;11/05/2026;322.42
11/05/2026;331;324.5;331.64;324.5;326.0489574155653;681;222039.34;08/05/2026;330
08/05/2026;326.58;330;332.79;325.86;330.7733367795296;3869;1279762.04;07/05/2026;322.05
07/05/2026;326;322.05;327.48;322.05;323.1430706521739;736;237833.3;06/05/2026;324.26
06/05/2026;322.26;324.26;324.26;318.52;321.6979853862213;2874;924560.01;05/05/2026;319
05/05/2026;322.06;319;322.6;318;321.3797997223875;5043;1620718.33;04/05/2026;319.94
04/05/2026;322.6;319.1;324.22;319.1;319.8653395061728;648;207272.74;30/04/2026;322.6
30/04/2026;321;322.6;322.6;319.2;319.9322178988327;257;82222.58;29/04/2026;317
29/04/2026;318.5;317;318.99;317;317.5761152416357;538;170855.95;28/04/2026;318.02
28/04/2026;319;318.02;321;316.73;318.41734162895926;884;281480.93;27/04/2026;319.94
27/04/2026;321;323;324.9;321;322.2157587548638;257;82809.45;24/04/2026;323.65
24/04/2026;325.15;325.9;330;325.15;325.9969230769231;247;80521.24;23/04/2026;323.76
23/04/2026;333.13;323.76;333.13;323.76;326.3795215311005;209;68213.32;22/04/2026;333.5
22/04/2026;333.5;333.5;333.5;333.5;333.45468085106387;188;62689.48;21/04/2026;333.11
21/04/2026;341;333.11;343;332.21;340.969;470;160255.43;20/04/2026;336.75
20/04/2026;335;336.75;336.75;329.2;332.8653921568627;102;33952.27;17/04/2026;335
17/04/2026;344;335;344;330.01;334.8617863013699;1825;611122.76;16/04/2026;337.55
16/04/2026;322.41;337.55;339;322.41;332.0207029795158;2148;713180.47;15/04/2026;317
15/04/2026;350;317;354;317;328.56208175305517;2373;779677.82;14/04/2026;357
14/04/2026;360;357;360;354.9;356.06428897935865;14001;4985256.11;13/04/2026;357.7
13/04/2026;359;357.7;364.95;357.35;362.2347484976631;8986;3255041.45;10/04/2026;349
10/04/2026;354.22;349;357.5;349;351.4236367449664;2384;837793.95;09/04/2026;353
09/04/2026;350;353;353;347.15;350.20383177570096;2033;711964.39;08/04/2026;350.7
08/04/2026;351.5;350.7;354;350.7;353.1961306532663;398;140572.06;07/04/2026;335
07/04/2026;334.69;335;337;333.97;335.1272222222222;324;108581.22;06/04/2026;339.85
06/04/2026;337.39;339.85;339.85;337.39;338.09241758241757;91;30766.41;01/04/2026;341.55
01/04/2026;347.14;341.55;347.14;341.12;343.8955020080321;498;171259.96;31/03/2026;334.8
31/03/2026;324.9;334.8;335;324.9;332.56513402061853;485;161294.09;30/03/2026;318
30/03/2026;321.08;318;321.8;318;320.5302863961814;419;134302.19;27/03/2026;320.92
27/03/2026;325.01;320.92;325.01;320.92;323.8261869535978;2974;963059.08;26/03/2026;331.37
26/03/2026;335;331.37;337.2;331.21;334.2891914387634;841;281137.21;25/03/2026;340
25/03/2026;333.5;340;340;333.5;336.4664634146341;574;193131.75;24/03/2026;331.18
24/03/2026;331;331.18;331.18;331;330.99994786235663;959;317428.95;23/03/2026;333.99
23/03/2026;335.5;333.99;335.5;330.7;331.8767943548387;1488;493832.67;20/03/2026;321.5
20/03/2026;325;321.5;325;321.5;323.9876895306859;554;179489.18;19/03/2026;326
19/03/2026;321.49;326;326;319.2;322.64774494556764;643;207462.5;18/03/2026;325
18/03/2026;330.1;325;331.54;325;329.8155319148936;329;108509.31;17/03/2026;334.77
17/03/2026;333.85;334.77;335;333.85;334.46025316455695;158;52844.72;16/03/2026;334.5
16/03/2026;331;334.5;334.5;329.55;330.7802654867256;2712;897076.08;13/03/2026;325.15
13/03/2026;329.4;325.15;333.37;325.15;331.97925342232935;97083;32229541.86;12/03/2026;326.85
12/03/2026;326.35;326.85;331.37;325.1;327.09388998035365;3054;998944.74;11/03/2026;337.95
11/03/2026;342.89;337.95;342.89;335.49;337.97046875;64;21630.11;10/03/2026;343.95
10/03/2026;330;343.95;345.69;330;340.4028094233474;2844;968105.59;09/03/2026;321.7
09/03/2026;321.8;321.7;324.49;321.2;322.2601714077316;2742;883637.39;06/03/2026;331.6
06/03/2026;329;331.6;334.6;327;331.22205508474576;472;156336.81;05/03/2026;332.6
05/03/2026;333;332.6;333;329.13;331.64408010012517;799;264983.62;04/03/2026;338.89
04/03/2026;336;338.89;339.6;336;338.91161124833746;5263;1783691.81;03/03/2026;335.08
03/03/2026;350.73;335.08;350.73;330.2;333.8938058035714;896;299168.85;02/03/2026;350.73
02/03/2026;346.63;350.73;350.86;339.64;347.81814814814817;81;28173.27;27/02/2026;347.75
27/02/2026;350;347.75;355;347.75;349.7520994475138;362;126610.26;26/02/2026;349.51
26/02/2026;355.6;349.51;355.6;348.3;348.5269062119367;1642;572281.18;25/02/2026;355.75
25/02/2026;355;355.75;358.85;355;356.982993814433;2425;865683.76;24/02/2026;350.6
24/02/2026;344.1;350.6;350.6;344.1;348.229878794744;8828;3074173.37;23/02/2026;345
23/02/2026;350;345;350.6;344.3;348.06991615853656;1312;456667.73;20/02/2026;347.7
20/02/2026;347.3;347.7;350;346.6;347.6424990003999;35014;12172354.46;19/02/2026;350
19/02/2026;342;350;350;341.8;345.5031274742676;10104;3490963.6;18/02/2026;346
18/02/2026;335.67;346;346;335.67;344.04847000759304;2634;906223.67;17/02/2026;335.67
17/02/2026;334.49;335.67;335.67;328.8;335.28708537343596;154404;51769667.13;16/02/2026;331
16/02/2026;330;331;340;330;335.37179487179486;78;26159;13/02/2026;324
13/02/2026;330;324;330;317.44;323.9388394662353;2473;801100.75;12/02/2026;342.12
12/02/2026;346.23;342.12;347.4;341.08;343.3324840764331;157;53903.2;11/02/2026;345
11/02/2026;350;345;350;343;344.6118466573165;4278;1474249.48;10/02/2026;347.35
10/02/2026;354.6;347.35;354.6;347.35;349.9563083451202;1414;494838.22;09/02/2026;355.86
09/02/2026;354;355.86;357;354;356.6602352941176;1105;394109.56;06/02/2026;355
06/02/2026;359;355;359;353.2;354.76995708154504;466;165322.8;05/02/2026;355
05/02/2026;357.6;355;357.6;352;355.14131563186265;5009;1778902.85;04/02/2026;362.66
04/02/2026;371.21;362.66;373.67;361.2;367.2846941678521;703;258201.14;03/02/2026;374.5
03/02/2026;375.25;374.5;376.81;374.5;376.1916481069042;449;168910.05;02/02/2026;367.79
02/02/2026;353.82;367.79;368;353.82;363.6334002770083;1444;525086.63;30/01/2026;357.77
30/01/2026;353.43;357.77;357.77;353.43;354.173172526574;1223;433153.79;29/01/2026;363
29/01/2026;357;363;363;355.1;358.02266932270913;1757;629045.83;28/01/2026;357.2
28/01/2026;355;357.2;357.2;348.4;350.35785564120533;1427;499960.66;27/01/2026;354.3
27/01/2026;355;354.3;356.36;350.05;355.2410735146022;4965;1763771.93;26/01/2026;347.55
26/01/2026;344.4;347.55;349;344.4;347.05730994152043;1539;534121.2;23/01/2026;343.1
23/01/2026;339.1;343.1;343.1;325;340.20700645161287;775;263660.43;22/01/2026;339
22/01/2026;334;339;339.61;334;338.35583272013736;4077;1379476.73;21/01/2026;330.5
21/01/2026;330.03;330.5;330.5;326;328.9252380952381;105;34537.15;20/01/2026;326
20/01/2026;318;326;327.51;318;322.23890845070423;568;183031.7;19/01/2026;313
19/01/2026;318;313;318;313;315.3076923076923;39;12297;16/01/2026;320
16/01/2026;316.5;320;320;316.5;318.25;20;6365;15/01/2026;318.61
15/01/2026;321.2;318.61;321.2;318.61;319.67484257871064;667;213223.12;14/01/2026;317
14/01/2026;311.91;317;318;311.91;315.1126507394767;2637;830952.06;13/01/2026;309.84
13/01/2026;309.4;309.84;311.9;309;309.53360158311347;758;234626.47;12/01/2026;306.51
12/01/2026;307.38;306.51;307.38;303.76;305.5908501118568;447;136599.11;09/01/2026;303.2
09/01/2026;302;303.2;305;302;304.04648148148146;216;65674.04;08/01/2026;301.1
08/01/2026;296.9;301.1;301.1;293.53;297.9270310036784;1903;566955.14;07/01/2026;292.91
07/01/2026;293.5;292.91;294.03;291;293.07196457326893;621;181997.69;06/01/2026;296.99
06/01/2026;298.9;296.99;298.9;296;296.4244920993228;886;262632.1;05/01/2026;292.73
05/01/2026;290;292.73;292.73;290;290.3807400450789;2662;772993.53;02/01/2026;287.8
02/01/2026;287.1;287.8;287.8;284.8;286.4106504065041;246;70457.02;31/12/2025;287
01/01/2026;;;;;;;;;287
31/12/2025;288;287;288;287;287.79796296296297;54;15541.09;30/12/2025;290.01
30/12/2025;290.3;290.01;290.3;290.01;290.1262121212121;1254;363818.27;29/12/2025;288
29/12/2025;289.25;288;290.42;288;289.2443198804186;669;193504.45;26/12/2025;290
26/12/2025;290;290;290;289.5;289.7545045045045;444;128651;24/12/2025;290.1
24/12/2025;290.1;290.1;290.1;290.1;290.1;50;14505;23/12/2025;288.11
23/12/2025;290;288.11;290;287.7;289.07632794457277;433;125170.05;22/12/2025;288
22/12/2025;289;288;289;288;288.26462686567163;67;19313.73;19/12/2025;284.71
19/12/2025;283.2;284.71;285;283.2;284.0847298747764;2795;794016.82;18/12/2025;282.16
18/12/2025;279.1;282.16;282.16;279.1;280.3847703180212;283;79348.89;17/12/2025;272.76
17/12/2025;278;272.76;278;272.76;276.8093213828425;781;216188.08;16/12/2025;279
16/12/2025;278.68;279;280.37;278.68;279.0133952254642;377;105188.05;15/12/2025;281.6
15/12/2025;282.59;281.6;285;281.6;282.93780684104627;497;140620.09;12/12/2025;284.08
12/12/2025;283;284.08;285.29;281.35;283.262561247216;2245;635924.45;11/12/2025;282.45
11/12/2025;278.95;282.45;283;278.6;279.99160610847815;3798;1063408.12;10/12/2025;277
10/12/2025;274.72;277;277.5;274.72;276.68581961345745;1397;386530.09;05/12/2025;273.5
05/12/2025;278.33;273.5;280;271.62;276.2871964399237;1573;434599.76;04/12/2025;277.1
04/12/2025;264;277.1;278;264;270.6340516024995;9922;2685231.06;03/12/2025;259.45
03/12/2025;261.55;259.45;262.6;259.45;260.157027027027;555;144387.15;02/12/2025;261.55
02/12/2025;260;261.55;261.55;259.1;260.8577817319098;3372;879612.44;01/12/2025;255.55
01/12/2025;256.4;255.55;256.8;254.35;256.0215406162465;714;182799.38;28/11/2025;260.2
28/11/2025;255.55;260.2;260.2;255.55;258.71304034582136;1388;359093.7;26/11/2025;256
27/11/2025;;;;;258.3333333333333;9;2325;26/11/2025;256
26/11/2025;255;256;256;254.45;255.0975;84;21428.19;25/11/2025;253.36
25/11/2025;252.9;253.36;253.36;252.35;253.04631016042782;187;47319.66;24/11/2025;252.35
24/11/2025;248.3;252.35;252.35;248.3;250.15118589743588;312;78047.17;21/11/2025;247.42
21/11/2025;247;247.42;247.42;247;247.2019825708061;918;226931.42;20/11/2025;249.17
20/11/2025;256.94;249.17;256.94;249.17;252.93353333333332;750;189700.15;19/11/2025;254.46
19/11/2025;252;254.46;254.55;252;253.5169119470856;2419;613257.41;18/11/2025;251.42
18/11/2025;249.5;251.42;251.5;249.2;250.96946341463413;1230;308692.44;17/11/2025;249.5
17/11/2025;253.26;249.5;253.26;249.5;250.1653559322034;295;73798.78;14/11/2025;256
14/11/2025;245.5;256;256;245.5;252.53277173913042;368;92932.06;13/11/2025;252.4
13/11/2025;262;252.4;262;252.4;260.96826625386996;323;84292.75;12/11/2025;260.55
12/11/2025;258.82;260.55;260.55;258.82;259.09992657856094;681;176447.05;11/11/2025;259.81
11/11/2025;260.72;259.81;260.72;259.56;260.0928421052632;95;24708.82;10/11/2025;259.06
10/11/2025;260.52;259.06;260.99;258.53;258.99146282973624;417;107999.44;07/11/2025;256.66
07/11/2025;256.06;256.66;256.66;256;256.3134379562044;1370;351149.41;06/11/2025;259.13
06/11/2025;257.5;259.13;259.13;257.5;258.2759322033898;295;76191.4;05/11/2025;259.92
05/11/2025;259.92;259.92;259.92;259.92;260.08;7;1820.56;04/11/2025;258
04/11/2025;255.4;258;261.13;255.4;258.10089169000935;2142;552852.11;03/11/2025;260.6
03/11/2025;260.05;260.6;261.33;260.05;260.90253246753247;154;40178.99;31/10/2025;262
31/10/2025;259.2;262;262;259.2;260.34847533632285;223;58057.71;30/10/2025;260.75
30/10/2025;261.6;260.75;262.12;260;261.5341427978414;2409;630035.75;29/10/2025;263.5
29/10/2025;261.5;263.5;264;261.1;262.4943250883392;1415;371429.47;28/10/2025;261
28/10/2025;261.17;261;261.17;261;261.0211538461539;208;54292.4;27/10/2025;257.68
27/10/2025;256.7;257.68;257.68;256.7;257.6058638743456;191;49202.72;24/10/2025;258.5
24/10/2025;258.5;258.5;258.5;258.5;258.49603174603175;126;32570.5;23/10/2025;256.15
23/10/2025;254.3;256.15;256.15;254.3;255.2531680440771;363;92656.9;22/10/2025;253.5
22/10/2025;255.9;253.5;255.9;253.5;255.7882956521739;1150;294156.54;21/10/2025;253.5
21/10/2025;255;253.5;255;253.23;253.56261980830672;313;79365.1;20/10/2025;254.28
20/10/2025;255.5;254.28;256;254.28;254.67364102564102;390;99322.72;17/10/2025;252
17/10/2025;252.46;252;253;252;252.20458498023717;253;63807.76;16/10/2025;252.54
16/10/2025;252.56;252.54;255.5;252.4;253.04828146143436;739;187002.68;15/10/2025;255
15/10/2025;254.83;255;255.61;254.58;255.1719321148825;383;97730.85;14/10/2025;255
14/10/2025;255.92;255;257;255;256.18885714285716;280;71732.88;13/10/2025;258.53
13/10/2025;256.5;258.53;258.53;256.5;257.46299130434784;575;148041.22;10/10/2025;256.9
10/10/2025;257.75;256.9;260.2;255.5;256.3114827201784;897;229911.4;09/10/2025;261.9
09/10/2025;261.37;261.9;261.9;261.37;261.41823529411766;238;62217.54;07/10/2025;262.82
07/10/2025;262;262.82;263.57;262;262.7734971098266;2076;545517.78;06/10/2025;264
06/10/2025;262.1;264;264;262.1;263.264824120603;199;52389.7;03/10/2025;263.57
03/10/2025;262;263.57;263.57;258;261.3330711382114;4920;1285758.71;02/10/2025;259.3
02/10/2025;259.35;259.3;259.35;258.5;258.8874299312533;1891;489556.13;01/10/2025;261.3
01/10/2025;262.35;261.3;262.35;261.3;262.0776631227851;4797;1257186.55;30/09/2025;264.9
30/09/2025;265.9;264.9;265.9;263;264.079578313253;166;43837.21;29/09/2025;267.72
29/09/2025;263.5;267.72;267.72;263.5;266.4924745762712;295;78615.28;26/09/2025;262.9
26/09/2025;265;262.9;265;262.9;264.126962391514;4148;1095598.64;25/09/2025;261.7
25/09/2025;263.5;261.7;263.5;261.7;262.3515270506108;1146;300654.85;24/09/2025;265.1
24/09/2025;266.3;265.1;267.2;264.6;265.71891509433965;424;112664.82;23/09/2025;267.5
23/09/2025;267.93;267.5;268.8;267.5;268.4790117647059;425;114103.58;22/09/2025;265.95
22/09/2025;262;265.95;265.95;262;263.2912033426184;1795;472607.71;19/09/2025;262.35
19/09/2025;264;262.35;264;259.5;260.3617161016949;2360;614453.65;18/09/2025;262
18/09/2025;277;262;279;262;268.0513411764706;425;113921.82;17/09/2025;276
17/09/2025;275.32;276;278.7;275.32;276.10815711595376;3717;1026294.02;16/09/2025;271.2
16/09/2025;267;271.2;271.2;267;269.10496947082765;14740;3966607.25;15/09/2025;265.5
15/09/2025;267;265.5;267.24;265.5;267.02933428775947;2794;746079.96;12/09/2025;266.68
12/09/2025;266.3;266.68;267;264.13;265.521601010101;1980;525732.77;11/09/2025;266
11/09/2025;265;266;266;264.04;264.9900273224044;366;96986.35;10/09/2025;262.85
10/09/2025;265.75;262.85;265.75;262.85;263.8625318761384;2196;579442.12;09/09/2025;265.75
09/09/2025;264;265.75;268;264;265.1527987491624;4477;1187089.08;08/09/2025;263
08/09/2025;262;263;263;261.32;261.9191409978308;2305;603723.62;05/09/2025;261.5
05/09/2025;260.13;261.5;261.5;252.85;259.50709802538785;2836;735962.13;04/09/2025;260.5
04/09/2025;260.65;260.5;261.66;259.8;260.36227777777776;180;46865.21;03/09/2025;261.35
03/09/2025;260;261.35;261.35;259.65;260.3308485639687;3064;797653.72;02/09/2025;259.5
02/09/2025;257;259.5;259.5;257;258.8402824601367;2195;568154.42;01/09/2025;257
01/09/2025;257;257;257;257;257;15;3855;29/08/2025;256
29/08/2025;255.46;256;257.5;255.46;257.25839314845024;1226;315398.79;28/08/2025;255.88
28/08/2025;253.5;255.88;255.88;253.05;254.0990596528244;20854;5298981.79;27/08/2025;252.65
27/08/2025;250;252.65;253.3;250;252.04056959637873;2651;668159.55;26/08/2025;252
26/08/2025;251.25;252;252;250.75;251.06889920424402;2262;567917.85;25/08/2025;252.8
25/08/2025;254.75;252.8;255.4;249.6;253.39146341463416;410;103890.5;22/08/2025;255
22/08/2025;250;255;256;250;254.63272907625543;8065;2053612.96;21/08/2025;250.9
21/08/2025;250.3;250.9;251.13;248.3;249.34790820829656;1133;282511.18;20/08/2025;247.8
20/08/2025;249.6;247.8;250.8;247.8;249.77759772565744;1407;351437.08;19/08/2025;249.75
19/08/2025;251.9;249.75;253.6;249.75;252.14988706855414;18861;4755799.02;18/08/2025;253.2
18/08/2025;251.6;253.2;254;251.6;252.1603740648379;4010;1011163.1;15/08/2025;251
15/08/2025;251;251;253;249.8;251.01908509591735;2033;510321.8;14/08/2025;249.5
14/08/2025;249;249.5;250;247.6;248.31603851444294;2908;722103.04;13/08/2025;251
13/08/2025;251.99;251;254.67;250.4;252.51692386567547;11703;2955205.56;12/08/2025;251
12/08/2025;250;251;251;250;250.25684240524367;3509;878151.26;11/08/2025;249.08
11/08/2025;249.4;249.08;249.4;248.1;249.05194409148666;27545;6860135.8;08/08/2025;248.5
08/08/2025;247.5;248.5;248.5;246.52;247.19046213808463;1796;443954.07;07/08/2025;245.5
07/08/2025;243.3;245.5;245.57;243;244.59663826086955;5750;1406430.67;05/08/2025;241
05/08/2025;241.15;241;242;240.23;241.02816764132552;6156;1483769.4;04/08/2025;241.5
04/08/2025;237;241.5;241.5;237;239.58606341840684;1293;309784.78;01/08/2025;234.6
01/08/2025;232.08;234.6;236.2;232.08;235.0355792079208;2020;474771.87;31/07/2025;236.5
31/07/2025;234;236.5;236.5;233.35;235.0715660635548;6577;1546065.69;30/07/2025;233.5
30/07/2025;237;233.5;237;232.5;232.86470335954252;1399;325777.72;25/07/2025;235
25/07/2025;230;235;236.17;230;232.47007949125594;629;146223.68;24/07/2025;237.16
24/07/2025;236.64;237.16;237.2;232.9;236.683537414966;2646;626264.64;22/07/2025;231.2
22/07/2025;229.5;231.2;231.2;229.5;229.8208424475318;3383;777483.91;21/07/2025;229
21/07/2025;227;229;229;227;228.79177142857142;1750;400385.6;18/07/2025;227
18/07/2025;226.8;227;227;226.01;226.59884583676836;1213;274864.4;17/07/2025;225.5
17/07/2025;223.5;225.5;225.6;223;224.2459090909091;880;197336.4;16/07/2025;221.2
16/07/2025;219.7;221.2;221.65;219.7;221.08942159665713;4547;1005293.6;15/07/2025;222.15
15/07/2025;221.01;222.15;222.31;220.47;221.53602739726026;73;16172.13;14/07/2025;222
14/07/2025;221.1;222;222.55;221.06;222.15173345339937;2221;493399;11/07/2025;222.05
11/07/2025;222.04;222.05;222.05;222;222.0483656387665;2270;504049.79;10/07/2025;224.7
10/07/2025;223.2;224.7;224.7;222.9;223.38801186943618;1685;376408.8;09/07/2025;225.42
09/07/2025;225.05;225.42;225.55;225.05;225.39836917562724;558;125772.29;08/07/2025;226.2
08/07/2025;225.65;226.2;226.2;225.35;225.9187934816672;3191;720906.87;07/07/2025;224.05
07/07/2025;225.85;224.05;227;224.05;224.76760956175298;1004;225666.68;04/07/2025;228
04/07/2025;226;228;228;226;227.2;25;5680;03/07/2025;227
03/07/2025;225.51;227;227.6;225.3;226.4186219443926;21436;4853509.58;02/07/2025;224.5
02/07/2025;220.67;224.5;224.5;220.1;221.33710095238095;2625;581009.89;01/07/2025;221.6
01/07/2025;224.7;221.6;225.2;220;223.00862476934765;9213;2054578.46;30/06/2025;224.4
30/06/2025;224.27;224.4;225;224.27;224.81025889967637;309;69466.37;27/06/2025;223.1
27/06/2025;222;223.1;223.75;222;223.46230674846626;4075;910608.9;26/06/2025;222.12
26/06/2025;218;222.12;222.12;218;219.76260082576383;30275;6653312.74;25/06/2025;217.2
25/06/2025;217.4;217.2;218.5;216.9;217.74206013363028;1796;391064.74;24/06/2025;218.65
24/06/2025;219;218.65;219;218.5;218.76041277641278;2035;445177.44;23/06/2025;215.03
23/06/2025;215;215.03;218.1;215;215.93523186033826;1833;395809.28;20/06/2025;218.5
20/06/2025;217;218.5;218.5;217;217.79679926560587;4902;1067639.91;19/06/2025;216.82
19/06/2025;216.82;216.82;216.82;216;216.7166371681416;113;24488.98;18/06/2025;218
18/06/2025;220;218;220;216.8;219.0018642714571;2505;548599.67;17/06/2025;218.98
17/06/2025;219;218.98;219;217.85;218.6241193595342;2061;450584.31;16/06/2025;219
16/06/2025;217;219;220.54;217;219.88793261683372;8281;1820891.97;13/06/2025;216.6
13/06/2025;218;216.6;218;214.8;216.67744237102085;4555;986965.75;12/06/2025;218.2
12/06/2025;219;218.2;219.29;218;218.10496303362748;4193;914514.11;11/06/2025;218
11/06/2025;217;218;220;217;219.44538877098205;10366;2274770.9;10/06/2025;216.09
10/06/2025;214.75;216.09;216.4;214.75;215.23812853470434;1945;418638.16;09/06/2025;213.6
09/06/2025;213.42;213.6;214.6;213.35;213.98863414634147;2050;438676.7;06/06/2025;216.43
06/06/2025;215.8;216.43;216.5;215.55;216.27091895149144;3319;717803.18;05/06/2025;213.3
05/06/2025;211.35;213.3;215;211.35;213.07293364377182;859;183029.65;04/06/2025;213.2
04/06/2025;217;213.2;219;213;216.68444425560844;5884;1274971.27;03/06/2025;216.05
03/06/2025;210;216.05;217.3;210;216.25276556674643;17971;3886278.45;02/06/2025;214
02/06/2025;212.5;214;215.18;212.2;213.85009834961267;14845;3174604.71;30/05/2025;211
30/05/2025;208.08;211;211.64;208.08;209.8657998853211;3488;732011.91;29/05/2025;209.7
29/05/2025;208;209.7;210;207.65;209.41128903489505;52357;10964146.86;28/05/2025;208.5
28/05/2025;206.64;208.5;208.5;206.64;207.9555545156762;2137;444401.02;27/05/2025;207.3
27/05/2025;203.7;207.3;207.3;203.7;205.42405886909376;5164;1060809.84;23/05/2025;203.85
26/05/2025;;;;;;;;23/05/2025;203.85
23/05/2025;202.26;203.85;205.33;202;202.711202080524;10382;2104547.7;22/05/2025;204
22/05/2025;199.15;204;204;199.15;202.92545454545456;2761;560277.18;21/05/2025;200
21/05/2025;198.2;200;201;198.2;199.45770337364735;7855;1566740.26;20/05/2025;198
20/05/2025;194;198;198;194;195.36683116883117;2310;451297.38;19/05/2025;194
19/05/2025;195.5;194;198.06;194;195.52676033057853;1210;236587.38;16/05/2025;195.95
16/05/2025;208.6;206.8;208.6;205.8;206.5610984848485;2112;436257.04;15/05/2025;209.8
15/05/2025;209;209.8;210;208.1;209.02717630853996;726;151753.73;14/05/2025;206.75
14/05/2025;207.5;206.75;207.8;206.5;207.17033499791927;4806;995660.63;13/05/2025;207
13/05/2025;203.15;207;207;203.15;205.10875768100453;3743;767722.08;12/05/2025;203.27
12/05/2025;204.75;203.27;204.9;203;204.63063548102383;1133;231846.51;09/05/2025;205
09/05/2025;205.6;205;207.1;203.9;204.85811889973382;1127;230875.1;08/05/2025;204.1
08/05/2025;201.85;204.1;204.1;201.85;202.52256951777542;2841;575366.62;07/05/2025;200.7
07/05/2025;201.2;200.7;202;200.1;200.83382732051558;13887;2788979.36;06/05/2025;201.5
06/05/2025;201;201.5;202.71;200.75;201.0617793030623;3788;761622.02;05/05/2025;201
05/05/2025;200.68;201;202.4;200.68;201.55596431165057;19278;3885595.88;02/05/2025;199.5
02/05/2025;200.68;199.5;200.68;199.5;200.2088622754491;334;66869.76;30/04/2025;201
30/04/2025;197.3;201;201;197.3;199.22733819951338;2055;409412.18;29/04/2025;200.6
29/04/2025;200;200.6;201.8;200;200.41528648306428;3159;633111.89;28/04/2025;200
28/04/2025;198;200;200;198;198.58436182019977;4505;894622.55;25/04/2025;196.7
25/04/2025;195.6;196.7;197.17;195.6;196.29678517964072;2672;524505.01;24/04/2025;195
24/04/2025;193;195;195.13;193;194.76909722222223;576;112187;23/04/2025;192.5
23/04/2025;192.6;192.5;192.6;192.1;192.29824569254868;4469;859380.86;22/04/2025;190.44
22/04/2025;186.6;190.44;190.44;186.6;188.04916015625;512;96281.17;21/04/2025;184.7
21/04/2025;183.6;184.7;184.7;183.6;184.11726086956523;230;42346.97;16/04/2025;183.9
16/04/2025;185.4;183.9;186;183.9;185.38530405405407;592;109748.1;15/04/2025;186.6
15/04/2025;183.89;186.6;187.61;183.89;186.80090227325988;4267;797079.45;14/04/2025;184.5
14/04/2025;182.95;184.5;184.51;182;183.11516439721024;3011;551359.76;11/04/2025;178.57
11/04/2025;174;178.57;178.81;174;178.60046948356808;426;76083.8;10/04/2025;171.7
10/04/2025;175.01;171.7;175.01;169.2;173.2512288647343;3312;573808.07;09/04/2025;178.6
09/04/2025;169;178.6;179.3;168;174.2539857142857;700;121977.79;08/04/2025;170.15
08/04/2025;172;170.15;175.8;169.4;173.1617660738714;7310;1265812.51;07/04/2025;169
07/04/2025;173.1;169;180.3;169;171.0759813542689;2038;348652.85;04/04/2025;179.8
04/04/2025;178;179.8;180.99;176.5;179.63300362976406;1102;197955.57;03/04/2025;189.55
03/04/2025;189.56;189.55;191.5;189;190.60657282199068;4511;859826.25;02/04/2025;193
02/04/2025;191.15;193;193;191.15;192.56701149425285;261;50259.99;01/04/2025;191.6
01/04/2025;188.59;191.6;191.6;188.59;191.2994193548387;310;59302.82;31/03/2025;186
31/03/2025;186.2;186;187.63;185;185.90123909249564;573;106521.41;28/03/2025;187.7
28/03/2025;189.5;187.7;189.5;186.4;188.44305680793508;1109;208983.35;27/03/2025;191.01
27/03/2025;193;191.01;193;190.4;191.98582566585955;2065;396450.73;26/03/2025;192.4
26/03/2025;192.26;192.4;192.4;190.6;191.75181030332212;2077;398268.51;25/03/2025;197
25/03/2025;194.63;197;197;194.63;196.7788178913738;1565;307958.85;24/03/2025;192.05
24/03/2025;194.07;192.05;194.07;192.05;192.64065154312846;3791;730300.71;21/03/2025;192.01
21/03/2025;192.9;192.01;192.9;191.8;192.16400293255134;682;131055.85;20/03/2025;196.35
20/03/2025;193;196.35;196.9;193;194.97448898678417;2270;442592.09;19/03/2025;193.38
19/03/2025;188;193.38;193.38;188;190.98634128166916;4026;768911.01;18/03/2025;190.84
18/03/2025;190.95;190.84;191.58;190.8;191.03180089485457;1788;341564.86;17/03/2025;191.99
17/03/2025;190;191.99;191.99;190;190.85570734341255;1852;353464.77;14/03/2025;188.36
14/03/2025;186.45;188.36;188.36;186.45;187.79718005547608;148893;27961685.53;13/03/2025;184.22
13/03/2025;185;184.22;185.95;183.6;184.80962829117192;1937;357976.25;12/03/2025;183.7
12/03/2025;180.9;183.7;183.7;180.9;182.89380392156863;255;46637.92;11/03/2025;180.38
11/03/2025;181;180.38;181;180;180.00599897802758;1957;352271.74;10/03/2025;179.2
10/03/2025;180.2;179.2;182;179.2;180.0826330532213;357;64289.5;07/03/2025;182
07/03/2025;180.9;182;182;180.7;181.39153846153846;130;23580.9;06/03/2025;181.72
06/03/2025;181.72;181.72;181.72;181.72;181.72;131;23805.32;05/03/2025;183.47
05/03/2025;182.9;183.47;183.9;182.9;183.14374263261294;2036;372880.66;04/03/2025;185
04/03/2025;181;185;185;180;181.0497512437811;402;72782;03/03/2025;185
03/03/2025;183;185;186;183;185.3872062904718;1081;200403.57;28/02/2025;179
28/02/2025;181;179;181.3;179;179.8641131664853;919;165295.12;27/02/2025;182.75
27/02/2025;182.35;182.75;182.75;182.35;182.6038033395176;2695;492117.25;26/02/2025;183.12
26/02/2025;180.58;183.12;183.7;180.58;182.8132931242461;829;151552.22;25/02/2025;180.58
25/02/2025;180.5;180.58;180.58;178.7;179.79141321044548;3255;585221.05;24/02/2025;181
24/02/2025;180;181;181.2;179.5;180.26572987721693;2199;396404.34;21/02/2025;178.55
21/02/2025;184.05;178.55;184.05;178.55;180.6040979208585;1491;269280.71;20/02/2025;184.94
20/02/2025;183.81;184.94;185;183.81;184.6959595959596;495;91424.5;19/02/2025;183.51
19/02/2025;182.01;183.51;184.45;182.01;183.53771037181997;511;93787.77;18/02/2025;185.6
18/02/2025;186;185.6;186.66;185;185.82567924528303;530;98487.61;17/02/2025;185
17/02/2025;185;185;185;185;185;20;3700;14/02/2025;185.55
14/02/2025;183.5;185.55;187.27;183.5;185.7235294117647;51;9471.9;13/02/2025;184.56
13/02/2025;181;184.56;184.56;181;182.24046913580247;405;73807.39;12/02/2025;185
12/02/2025;185.8;185;185.8;185;185.78682170542635;516;95866;11/02/2025;188
11/02/2025;184.01;188;190.2;182.32;188.83889153349202;2941;555375.18;10/02/2025;191.6
10/02/2025;188.77;191.6;191.8;188.77;190.64268472906403;406;77400.93;07/02/2025;189
07/02/2025;190.75;189;190.75;189;189.94288793103448;928;176267;06/02/2025;190.3
06/02/2025;190.5;190.3;190.8;190.3;190.57611798980335;1373;261661.01;05/02/2025;187.38
05/02/2025;185.41;187.38;187.53;185.41;186.7407627118644;354;66106.23;04/02/2025;185.47
04/02/2025;185.84;185.47;186.09;185.4;185.65429362880886;361;67021.2;03/02/2025;182.8
03/02/2025;182.8;182.8;182.8;182.8;182.8;800;146240;31/01/2025;184
31/01/2025;185;184;185;184;184.00777324864916;10549;1941098;30/01/2025;184.9
30/01/2025;187;184.9;187;183;185.24006147540982;488;90397.15;29/01/2025;184
29/01/2025;182.6;184;184;178;179.71038251366122;183;32887;28/01/2025;183
28/01/2025;183;183;183;183;183;41;7503;27/01/2025;180
27/01/2025;181.3;180;181.99;180;181.65424317617868;806;146413.32;24/01/2025;181.4
24/01/2025;181.11;181.4;182.2;181.11;182.03311132254993;1051;191316.8;23/01/2025;181.9
23/01/2025;183.5;181.9;183.5;181.5;182.0987525987526;962;175179;22/01/2025;182.3
22/01/2025;183;182.3;183;182.3;182.7843373493976;166;30342.2;21/01/2025;183
21/01/2025;182.5;183;183.1;182.5;182.5729150119142;1259;229859.3;20/01/2025;190
20/01/2025;181.5;190;190;181.5;182.52325581395348;86;15697;17/01/2025;181.1
17/01/2025;182.28;181.1;182.28;181.1;181.87870573870575;819;148958.66;16/01/2025;191.2
16/01/2025;190.2;191.2;191.2;189.13;190.14710867802108;2466;468902.77;15/01/2025;191.46
15/01/2025;190.26;191.46;191.46;189.25;190.07252766453115;44642;8485217.78;14/01/2025;186.25
14/01/2025;181.44;186.25;187.9;181.44;186.2991617725574;5619;1046814.99;13/01/2025;180.1
13/01/2025;181.08;180.1;181.08;179.5;180.2377027027027;296;53350.36;10/01/2025;178.8
10/01/2025;180.46;178.8;180.5;178.45;179.91280135823428;1767;317905.92;09/01/2025;181.9
09/01/2025;183.75;181.9;183.75;181.9;182.52716894977166;219;39973.45;08/01/2025;183.56
08/01/2025;183.5;183.56;184.14;183.5;183.7635064935065;154;28299.58;07/01/2025;186.85
07/01/2025;188;186.85;188;186;186.32570422535213;426;79374.75;06/01/2025;187.85
06/01/2025;184.7;187.85;187.85;184.7;186.62554744525548;411;76703.1;03/01/2025;185.16
03/01/2025;183.4;185.16;185.35;183.4;184.2579861111111;432;79599.45;02/01/2025;183.01
02/01/2025;185.78;183.01;185.78;183.01;184.39431718061675;227;41857.51;31/12/2024;180
01/01/2025;;;;;;;;;180
31/12/2024;180;180;180;180;180;15;2700;30/12/2024;180.8
30/12/2024;181.7;180.8;181.7;179.4;180.9856526429342;927;167773.7;27/12/2024;180.85
27/12/2024;181;180.85;181;180;180.44076967592594;1728;311801.65;26/12/2024;182.2
26/12/2024;183.5;182.2;183.5;181;182.4952887259395;5455;995511.8;24/12/2024;182.3
24/12/2024;182;182.3;182.45;182;182.3119092627599;2116;385772;23/12/2024;181
23/12/2024;179.9;181;181;179.9;180.62277645305517;6710;1211978.83;20/12/2024;182.2
20/12/2024;182.01;182.2;183.2;182.01;182.96243902439025;205;37507.3;19/12/2024;180.9
19/12/2024;181.5;180.9;182.02;180.9;181.24268321513003;846;153331.31;18/12/2024;181.1
18/12/2024;185.14;181.1;186.6;181.1;184.60588998763907;1618;298692.33;17/12/2024;184.67
17/12/2024;185;184.67;185;184.1;184.74865342163355;453;83691.14;16/12/2024;185.5
16/12/2024;189.26;185.5;189.26;185.5;187.4643157894737;190;35618.22;13/12/2024;189.96
13/12/2024;190.26;189.96;191.5;189.96;190.48575225943648;1881;358303.7;12/12/2024;193.5
12/12/2024;195;193.5;195.8;193.2;193.32705988293563;2221;429379.4;11/12/2024;194.6
11/12/2024;192;194.6;194.78;192;194.14508855291578;2315;449445.88;10/12/2024;192
10/12/2024;192;192;192;192;191.97125;32;6143.08;06/12/2024;190
06/12/2024;190;190;190;189.1;189.9464935064935;1155;219388.2;05/12/2024;193
05/12/2024;192;193;194;192;193.38970588235293;136;26301;04/12/2024;190.35
04/12/2024;192.7;190.35;193.1;190.15;192.33868140243902;1312;252348.35;03/12/2024;192.45
03/12/2024;190.65;192.45;192.45;190.65;191.48578313253014;1660;317866.4;02/12/2024;192
02/12/2024;190.72;192;192.95;190.72;192.75017605633803;568;109482.1;29/11/2024;187.97
29/11/2024;188;187.97;188;187.6;187.69712297856339;5318;998173.3;27/11/2024;190
28/11/2024;;;;;;;;27/11/2024;190
27/11/2024;192;190;192;190;190.11986301369862;584;111030;26/11/2024;192.45
26/11/2024;188.24;192.45;192.45;188.24;190.2373795180723;996;189476.43;25/11/2024;192.75
25/11/2024;195.5;192.75;195.5;192.75;194.8098473566642;2686;523259.25;22/11/2024;197
22/11/2024;198.6;197;199.14;196.65;198.12659611992945;4536;898702.24;21/11/2024;198.3
21/11/2024;193.23;198.3;199;193.23;197.66829523278508;7174;1418072.35;20/11/2024;192
20/11/2024;191.85;192;192;191.34;191.7;60;11502;19/11/2024;192.9
19/11/2024;193.2;192.9;193.2;192.9;193.05939393939394;66;12741.92;18/11/2024;193.51
18/11/2024;191.5;193.51;193.54;191;192.39259589652096;7847;1509704.7;15/11/2024;191
15/11/2024;188.15;191;191;188;189.97682305134836;2707;514267.26;14/11/2024;187.45
14/11/2024;185;187.45;187.45;185;185.9165548098434;447;83104.7;13/11/2024;188.67
13/11/2024;183.25;188.67;188.67;183;185.56399388171312;2942;545929.27;12/11/2024;188.74
12/11/2024;187.95;188.74;189;186.35;187.3845896656535;4935;924742.95;11/11/2024;185.95
11/11/2024;185;185.95;185.99;184.63;185.19270287141075;1602;296678.71;08/11/2024;185
08/11/2024;182.53;185;185.42;178.32;182.16;610;111117.6;07/11/2024;182.84
07/11/2024;183.18;182.84;183.18;181.55;182.42374999999998;496;90482.18;06/11/2024;183.7
06/11/2024;183.2;183.7;183.7;182;183.17699566160522;922;168889.19;05/11/2024;181.8
05/11/2024;182;181.8;182.15;181.13;181.7784538375973;899;163418.83;04/11/2024;182.05
04/11/2024;183;182.05;183;181.7;182.41665480427048;562;102518.16;31/10/2024;184.5
31/10/2024;184.19;184.5;184.5;184.19;184.29617760617762;777;143198.13;30/10/2024;187.69
30/10/2024;188.9;187.69;188.9;187.4;188.45616326530612;1225;230858.8;29/10/2024;189.36
29/10/2024;189.8;189.36;190.6;188.27;189.21436839687644;2177;411919.68;28/10/2024;190.51
28/10/2024;191.45;190.51;192;190.51;191.15995327102803;1070;204541.15;25/10/2024;190.23
25/10/2024;188.62;190.23;190.46;188.62;189.84967063770145;1427;270915.48;24/10/2024;188.61
24/10/2024;187.5;188.61;188.61;187.5;188.26692307692306;52;9789.88;23/10/2024;188.6
23/10/2024;188.7;188.6;190;188;188.79667003027245;991;187097.5;22/10/2024;187
22/10/2024;186;187;187;186;186.62259259259258;135;25194.05;21/10/2024;187.3
21/10/2024;188.35;187.3;188.35;186.24;186.9235782747604;626;117014.16;18/10/2024;190
18/10/2024;187.2;190;190;187.2;189.08817945383615;1538;290817.62;17/10/2024;188.4
17/10/2024;185.9;188.4;189.69;185.9;187.06686131386863;685;128140.8;16/10/2024;186.5
16/10/2024;187.11;186.5;189.5;186.5;188.34648465703972;2216;417375.81;15/10/2024;184.05
15/10/2024;184.6;184.05;184.6;184.05;184.18014796547473;811;149370.1;14/10/2024;186.11
14/10/2024;187.28;186.11;187.28;186.11;186.31125772675668;7927;1476889.34;11/10/2024;186.3
11/10/2024;186.88;186.3;187;186.3;186.69568527918784;788;147116.2;10/10/2024;185
10/10/2024;184;185;185;184;184.8385974025974;385;71162.86;09/10/2024;181.96
09/10/2024;180.7;181.96;183.15;180.7;182.61107843137253;510;93131.65;07/10/2024;182.4
07/10/2024;183;182.4;183.22;182.4;182.87642276422764;246;44987.6;04/10/2024;183
04/10/2024;182.7;183;183.22;181.54;182.3666550412175;3154;575184.43;03/10/2024;182.22
03/10/2024;179.9;182.22;182.22;179.9;181.4163567839196;398;72203.71;02/10/2024;181.3
02/10/2024;183;181.3;183;181.3;182.22814781966;6765;1232773.42;01/10/2024;182.4
01/10/2024;178.8;182.4;182.89;178.8;180.42777227722772;1414;255124.87;30/09/2024;181
30/09/2024;183.48;181;183.48;180.9;181.43037442153977;2377;431260;27/09/2024;185
27/09/2024;180.3;185;185.01;180.3;183.63774612546126;13550;2488291.46;26/09/2024;180.65
26/09/2024;177;180.65;181.05;177;178.25655658976137;20198;3600425.93;25/09/2024;174.8
25/09/2024;175.52;174.8;175.52;174.8;174.88622866894198;586;102483.33;24/09/2024;178.1
24/09/2024;176.63;178.1;178.5;176.4;177.44931657501965;1273;225892.98;23/09/2024;174.45
23/09/2024;174.98;174.45;176.3;174.45;175.97284806776074;1889;332412.71;20/09/2024;177.87
20/09/2024;175.3;180.8;181;175.3;179.89617826617825;819;147334.97;19/09/2024;180.2
19/09/2024;181.15;180.2;181.15;179.8;180.19588506335595;7813;1407870.45;18/09/2024;180.5
18/09/2024;175.55;180.5;180.5;175.55;178.335031675148;19258;3434376.04;17/09/2024;174.9
17/09/2024;175.5;174.9;177;174.9;176.2554012458776;2729;481000.99;16/09/2024;174.5
16/09/2024;174.8;174.5;175.25;174.3;174.93428571428572;1001;175109.22;13/09/2024;175
13/09/2024;176;175;176;175;175.80322479649342;3194;561515.5;12/09/2024;174.2
12/09/2024;173;174.2;177;173;175.85952982013254;3169;557298.85;11/09/2024;173.57
11/09/2024;173;173.57;174;170;172.7982158273381;1390;240189.52;10/09/2024;169.98
10/09/2024;169.5;169.98;169.98;169.1;169.5473820754717;424;71888.09;09/09/2024;173.05
09/09/2024;172.2;173.05;173.94;172.2;173.421449603624;1766;306262.28;06/09/2024;170.93
06/09/2024;173.85;170.93;173.85;170.45;170.82667127071824;724;123678.51;05/09/2024;172.3
05/09/2024;171;172.3;172.3;171;171.7789046653144;986;169374;04/09/2024;169.5
04/09/2024;170.01;169.5;171.3;169.4;169.8243990929705;441;74892.56;03/09/2024;171.86
03/09/2024;174.7;171.86;174.7;171.6;172.2823259118901;2111;363687.99;02/09/2024;177.85
02/09/2024;175;177.85;178;175;177.14829268292684;205;36315.4;29/08/2024;174
29/08/2024;173;174;174.03;173;173.5397635220126;3975;689820.56;28/08/2024;172
28/08/2024;170;172;172;170;170.9780819617064;5954;1018003.5;27/08/2024;168.6
27/08/2024;169.98;168.6;169.98;168.6;169.5079425028185;1774;300707.09;26/08/2024;169.45
26/08/2024;169.83;169.45;170;169;169.7357853147474;11263;1911734.15;23/08/2024;169.66
23/08/2024;170;169.66;170.5;169.3;170.03691103202846;1405;238901.86;22/08/2024;168
22/08/2024;168.42;168;168.42;168;168.19604430379746;632;106299.9;21/08/2024;168.2
21/08/2024;170;168.2;170;160.5;169.57702834008097;1235;209427.63;20/08/2024;168.83
20/08/2024;168.16;168.83;168.83;167.9;168.06493618096803;7913;1329897.84;19/08/2024;168.15
19/08/2024;168.25;168.15;168.5;168;168.2619718875502;12450;2094861.55;16/08/2024;165.2
16/08/2024;166.15;165.2;166.15;160.51;165.3671462585034;8820;1458538.23;15/08/2024;168.12
15/08/2024;169;168.12;169;168;168.13051597817616;6415;1078557.26;14/08/2024;165
14/08/2024;167;165;167;165;166.5830843373494;415;69131.98;13/08/2024;162
13/08/2024;165.3;162;166;162;165.06868167202572;622;102672.72;12/08/2024;164.45
12/08/2024;165.3;164.45;165.3;164;164.88533724340175;682;112451.8;09/08/2024;167.27
09/08/2024;166.35;167.27;167.5;166.35;166.75932304038005;842;140411.35;08/08/2024;168.74
08/08/2024;165;168.74;168.74;165;167.95688689809631;1786;299971;07/08/2024;164
07/08/2024;165;164;165;164;164.23232323232324;495;81295;05/08/2024;159
05/08/2024;155.2;159;159;155.2;155.98403700189752;2108;328814.35;02/08/2024;162.1
02/08/2024;165;162.1;165;159.8;162.5891983122363;1185;192668.2;01/08/2024;167.5
01/08/2024;167.5;167.5;167.5;167.5;167.29999999999998;19;3178.7;31/07/2024;170.5
31/07/2024;173;170.5;173;170.5;171.96693308550186;538;92518.21;30/07/2024;172
30/07/2024;172;172;172;171;171.32445652173914;184;31523.7;26/07/2024;171.99
26/07/2024;171.99;171.99;171.99;171.99;171.3560606060606;33;5654.75;25/07/2024;170.7
25/07/2024;171.2;170.7;172.99;169.45;169.85692771084337;498;84588.75;24/07/2024;171.9
24/07/2024;170;171.9;172.19;170;171.7123511904762;336;57695.35;22/07/2024;173.6
22/07/2024;169;173.6;173.6;169;170.60970238095237;336;57324.86;19/07/2024;173.45
19/07/2024;172;173.45;173.45;172;172.24593248945146;2370;408222.86;18/07/2024;170.36
18/07/2024;173.99;170.36;173.99;170.35;171.47951972555745;583;99972.56;17/07/2024;169.25
17/07/2024;170.45;169.25;171.5;169.25;169.3602492280547;4534;767879.37;16/07/2024;170
16/07/2024;170;170;170.45;168.01;169.8829768467475;907;154083.86;15/07/2024;169.32
15/07/2024;169.32;169.32;169.32;169.32;169.39498542274055;343;58102.48;12/07/2024;170.07
12/07/2024;169.9;170.07;170.85;169.9;170.126656741812;2351;399967.77;11/07/2024;169
11/07/2024;168.05;169;169;168.05;168.07217335058215;773;129919.79;10/07/2024;168.3
10/07/2024;169.01;168.3;169.01;167.85;168.33703373400544;2579;434141.21;09/07/2024;167.87
09/07/2024;163.63;167.87;168;163.63;164.73661983471075;2420;398662.62;08/07/2024;161
08/07/2024;161;161;161;161;160.98433333333332;30;4829.53;05/07/2024;162.8
05/07/2024;162;162.8;162.8;161.71;162.32927002126152;2822;458093.2;03/07/2024;162
04/07/2024;;;;;160;7;1120;03/07/2024;162
03/07/2024;160;162;162;160;161.64045584045584;1755;283679;02/07/2024;159.58
02/07/2024;156.3;159.58;159.58;156.3;157.29443317972348;2170;341328.92;01/07/2024;157.2
01/07/2024;159.45;157.2;159.45;157.2;158.1623083941606;1096;173345.89;28/06/2024;160
28/06/2024;159;160;163.49;159;161.70379746835445;237;38323.8;27/06/2024;159.49
27/06/2024;163;159.49;163;158.4;160.8019718309859;426;68501.64;26/06/2024;164
26/06/2024;163.06;164;164;163.06;163.74923291492328;717;117408.2;25/06/2024;162
25/06/2024;161;162;162;161;161.84158415841586;101;16346;24/06/2024;162
24/06/2024;160;162;162;160;160.12933876811596;1104;176782.79;21/06/2024;158
21/06/2024;158;158;158;158;157.96034482758623;58;9161.7;20/06/2024;159
20/06/2024;157.5;159;159;157.5;158.27614008941876;671;106203.29;19/06/2024;157
19/06/2024;157;157;157;157;157.06730769230768;52;8167.5;18/06/2024;157.8
18/06/2024;158.95;157.8;158.95;157.3;158.19172963895886;1191;188406.35;17/06/2024;156.27
17/06/2024;155.03;156.27;156.27;155.03;156.0588288288288;1332;207870.36;14/06/2024;154.4
14/06/2024;158.23;154.4;158.23;154;154.9570091027308;3076;476647.76;13/06/2024;158.63
13/06/2024;161;158.63;161;158.63;159.21632768361582;1593;253631.61;12/06/2024;161.22
12/06/2024;159.28;161.22;161.22;159.28;159.55504545454545;220;35102.11;11/06/2024;157.7
11/06/2024;159.1;157.7;159.1;157.6;157.9480464625132;947;149576.8;10/06/2024;159.5
10/06/2024;160.02;159.5;160.02;159.4;159.68867549668875;302;48225.98;06/06/2024;163
06/06/2024;161.3;163;163.4;160.88;162.72089552238805;1206;196241.4;05/06/2024;163.7
05/06/2024;163;163.7;163.7;163;163.40525217391306;575;93958.02;04/06/2024;161.5
04/06/2024;163.15;161.5;163.63;161.5;163.35859798724746;13017;2126438.87;03/06/2024;164.41
03/06/2024;164.73;164.41;164.8;163.41;163.9806930896396;9739;1597007.97;31/05/2024;163.8
31/05/2024;163.75;163.8;163.87;163.75;163.8315938389419;5973;978566.11;30/05/2024;163
30/05/2024;164;163;164;163;163.99669231548043;9877;1619795.33;29/05/2024;164.15
29/05/2024;164.5;164.15;164.5;161.15;163.432219358995;24836;4059002.6;28/05/2024;166.34
28/05/2024;165.1;166.34;167.01;165.1;166.05938176197836;1294;214880.84;24/05/2024;165.07
27/05/2024;;;;;165.99;1;165.99;24/05/2024;165.07
24/05/2024;164;165.07;165.07;164;164.92626865671642;134;22100.12;23/05/2024;162.5
23/05/2024;162.55;162.5;165.2;162.5;163.88779564130047;2799;458721.94;22/05/2024;162.51
22/05/2024;164.5;162.51;164.5;162.51;164.16005405405406;370;60739.22;21/05/2024;165.3
21/05/2024;164.8;165.3;165.3;164.6;164.92469775474956;2316;381965.6;20/05/2024;163.02
20/05/2024;160.01;163.02;163.75;160.01;163.1344850255661;2738;446662.22;17/05/2024;164.3
17/05/2024;165;164.3;165;163.3;164.03952745849298;1566;256885.9;16/05/2024;163.62
16/05/2024;173;173;173.79;172.5;173.28807086614174;2794;484166.87;15/05/2024;174
15/05/2024;170.4;174;174;170.4;173.14997348307597;6411;1110064.48;14/05/2024;171
14/05/2024;170.25;171;171;170;170.74992609017;2706;462049.3;13/05/2024;170.5
13/05/2024;173.35;170.5;177.6;170.5;171.93142995356038;5168;888541.63;10/05/2024;176.35
10/05/2024;176.02;176.35;176.35;173.2;174.8522496328928;3405;595371.91;09/05/2024;175.5
09/05/2024;174;175.5;175.5;174;174.12569603188558;17061;2970758.5;08/05/2024;175.4
08/05/2024;169;175.4;175.4;168.5;173.42672330993722;2707;469466.14;07/05/2024;169
07/05/2024;169.55;169;169.6;168.6;169.24977997799778;909;153848.05;06/05/2024;169
06/05/2024;168.5;169;170;168.5;169.0392609699769;433;73194;03/05/2024;169
03/05/2024;169;169;169;168.8;169.01577464788733;355;60000.6;02/05/2024;166.15
02/05/2024;166.99;166.15;167;166.15;166.67370149253733;335;55835.69;30/04/2024;166.15
30/04/2024;167;166.15;167;166;166.55795847750866;289;48135.25;29/04/2024;168.35
29/04/2024;167;168.35;168.8;167;168.22297628781686;1223;205736.7;26/04/2024;166.8
26/04/2024;170.1;166.8;170.1;166;166.8024974844033;9938;1657683.22;25/04/2024;168.01
25/04/2024;168.65;168.01;168.65;168.01;168.6257765667575;367;61885.66;24/04/2024;168.7
24/04/2024;169;168.7;170;167.6;168.8371454753723;34920;5895793.12;23/04/2024;169.4
23/04/2024;167.3;169.4;170.15;167.3;169.47330861909177;1079;182861.7;22/04/2024;167.3
22/04/2024;166.3;167.3;167.3;166;166.56806930693068;404;67293.5;19/04/2024;164.4
19/04/2024;163.15;164.4;164.5;162;164.2723721590909;704;115647.75;18/04/2024;162
18/04/2024;161.99;162;162;161;161.20128205128205;390;62868.5;17/04/2024;161
17/04/2024;159.35;161;161;159.35;159.99349182763743;673;107675.62;16/04/2024;160
16/04/2024;158;160;160;158;159.8118811881188;202;32282;15/04/2024;160.49
15/04/2024;162.01;160.49;165;160;161.01380174927112;1715;276138.67;12/04/2024;165.5
12/04/2024;168.25;165.5;168.25;164.42;167.04844815083393;6895;1151799.05;11/04/2024;168.8
11/04/2024;167.5;168.8;169.3;167.01;169.1332046834345;4612;780042.34;10/04/2024;169
10/04/2024;167.85;169;170.91;167.85;170.24600164880462;18195;3097626;09/04/2024;171
09/04/2024;173.8;171;174;170;171.65160521859605;25984;4460195.31;08/04/2024;173.6
08/04/2024;172;173.6;173.88;172;173.63380368787946;8894;1544299.05;05/04/2024;172
05/04/2024;170.6;172;172;170.5;171.1181786611497;27068;4631826.86;04/04/2024;173.15
04/04/2024;171.9;173.15;174.27;171.9;173.55930303030303;1980;343647.42;03/04/2024;170.2
03/04/2024;169.65;170.2;171.55;169.65;169.9826010455183;7843;1333173.54;02/04/2024;169
02/04/2024;168.5;169;170;168.5;169.26121696373693;1627;275388;01/04/2024;167.55
01/04/2024;167.4;167.55;167.55;166.4;167.3372804532578;1412;236280.24;27/03/2024;168.05
27/03/2024;169.5;168.05;170.5;166.9;169.12047306473517;4418;747174.25;26/03/2024;170.3
26/03/2024;172;170.3;172;170.3;171.4023017902813;1173;201054.9;25/03/2024;171.6
25/03/2024;171;171.6;171.6;171;171.34883720930233;43;7368;22/03/2024;173.7
22/03/2024;176.8;173.7;176.8;173;174.1708059981256;1067;185840.25;21/03/2024;178.5
21/03/2024;177.78;178.5;179;177.45;178.39544464250346;5049;900718.6;20/03/2024;177.11
20/03/2024;171.3;177.11;177.48;171.3;175.275221450802;4177;732124.6;19/03/2024;169.75
19/03/2024;173.08;169.75;173.08;169.75;171.81112288135594;472;81094.85;18/03/2024;172.5
18/03/2024;172;172.5;172.5;171.5;171.68577049180328;1525;261820.8;15/03/2024;172.1
15/03/2024;173.2;172.1;173.2;171.43;171.7743846629561;1617;277759.18;14/03/2024;171.78
14/03/2024;172.02;171.78;172.02;171.75;171.83855704697987;298;51207.89;13/03/2024;171.91
13/03/2024;173;171.91;173.15;171.9;172.881228668942;1465;253271;12/03/2024;172.5
12/03/2024;171.9;172.5;174.18;171.9;172.19917154980803;4949;852213.7;11/03/2024;174.38
11/03/2024;175.25;174.38;175.39;170.01;174.6976839593596;168896;29505740.03;08/03/2024;175.48
08/03/2024;174.15;175.48;175.48;174.15;174.29824438541416;8282;1443538.06;07/03/2024;175
07/03/2024;174.5;175;175.98;174;174.9654862321366;8607;1505927.94;06/03/2024;173.5
06/03/2024;174.5;173.5;174.6;173;174.13563439356867;2861;498202.05;05/03/2024;174
05/03/2024;172;174;174;172;173.28657313058474;6379;1105395.05;04/03/2024;172
04/03/2024;171;172;173.68;171;172.7728149001536;5208;899800.82;01/03/2024;171.35
01/03/2024;170.6;171.35;173;170.6;171.9642518351214;3542;609097.38;29/02/2024;170.51
29/02/2024;169;170.51;170.51;169;169.83480850542313;16319;2771534.24;28/02/2024;165.01
28/02/2024;170;165.01;170.3;165.01;170.12293522860492;6824;1160918.91;27/02/2024;171
27/02/2024;170;171;172;170;171.22171525137304;4734;810563.6;26/02/2024;171
26/02/2024;169;171;171;169;170.68765149033737;3053;521109.4;23/02/2024;170.35
23/02/2024;169;170.35;174;169;169.9989805407267;5807;987184.08;22/02/2024;169.5
22/02/2024;168;169.5;169.5;163;168.22121212121212;1089;183192.9;21/02/2024;167.1
21/02/2024;165.7;167.1;167.1;165.7;165.90361673414304;7410;1229345.8;20/02/2024;167.05
20/02/2024;169;167.05;170.35;166;167.78968602231888;10574;1774208.14;16/02/2024;170.2
19/02/2024;;;;;;;;16/02/2024;170.2
16/02/2024;169.8;170.2;170.3;168;169.6855685208513;15083;2559367.43;15/02/2024;168.08
15/02/2024;162;168.08;168.08;162;166.29100688126164;47811;7950539.33;14/02/2024;162
14/02/2024;159.5;162;162;159.12;160.24690796653329;13745;2202593.75;13/02/2024;157.5
13/02/2024;157.99;157.5;158;156.25;157.4058121071783;3023;475837.77;12/02/2024;158
12/02/2024;155.15;158;158;155.15;156.9168166019219;9782;1534960.3;09/02/2024;154
09/02/2024;153;154;154;152.09;153.72541153137837;7059;1085147.68;08/02/2024;152.15
08/02/2024;152.6;152.15;153.1;152.15;152.86075110456554;679;103792.45;07/02/2024;153.3
07/02/2024;152.5;153.3;153.55;152;152.9173949579832;595;90985.85;06/02/2024;153.5
06/02/2024;151.95;153.5;154.35;151.95;153.49947315436242;2980;457428.43;05/02/2024;148
05/02/2024;148;148;148;148;148;88;13024;02/02/2024;150
02/02/2024;150;150;150.1;149.4;149.84412751677854;1192;178614.2;01/02/2024;149
01/02/2024;148.5;149;149;147.35;148.2189679218968;717;106273;31/01/2024;149.22
31/01/2024;149;149.22;149.22;149;149.05452488687783;221;32941.05;30/01/2024;149.5
30/01/2024;149.51;149.5;150;149.5;149.66382978723405;47;7034.2;29/01/2024;150.99
29/01/2024;151;150.99;151;149.8;150.44263736263736;91;13690.28;26/01/2024;150.75
26/01/2024;150;150.75;151;150;150.68579881656805;845;127329.5;25/01/2024;148
25/01/2024;148;148;148;148;148;80;11840;24/01/2024;149
24/01/2024;148;149;149;148;148.60242424242426;330;49038.8;23/01/2024;149
23/01/2024;148.6;149;149;148.6;148.6153846153846;1040;154560;22/01/2024;150.5
22/01/2024;150;150.5;150.85;149.15;150.27348634744754;2527;379741.1;19/01/2024;148.69
19/01/2024;148;148.69;148.69;146.8;148.26936666666666;600;88961.62;18/01/2024;149.4
18/01/2024;149.2;149.4;149.4;149.2;149.25291005291004;189;28208.8;17/01/2024;148.31
17/01/2024;148.4;148.31;149.8;148.31;148.93973236009734;411;61214.23;16/01/2024;150.5
16/01/2024;147;150.5;151.4;147;149.635136286201;1174;175671.65;12/01/2024;148
15/01/2024;;;;;;;;12/01/2024;148
12/01/2024;149.2;148;149.2;145.13;148.61867899603698;757;112504.34;11/01/2024;145.01
11/01/2024;146.21;145.01;146.21;145.01;145.40415094339622;159;23119.26;10/01/2024;146.21
10/01/2024;146.3;146.21;148.5;146.21;147.24517647058823;425;62579.2;09/01/2024;147.5
09/01/2024;147.3;147.5;148.99;147.3;147.69590377113133;769;113578.15;08/01/2024;147
08/01/2024;145.5;147;147;144.8;145.65657650695516;1294;188479.61;05/01/2024;145.85
05/01/2024;144.3;145.85;148.59;144.3;145.27086854460094;1278;185656.17;04/01/2024;146.01
04/01/2024;145;146.01;151;145;148.3675502008032;249;36943.52;03/01/2024;146.25
03/01/2024;147;146.25;147.35;146.25;146.82186248912097;1149;168698.32;02/01/2024;148
02/01/2024;148;148;148;147.2;147.82738095238096;210;31043.75;29/12/2023;149.5
29/12/2023;150;149.5;150;148.1;148.91319087287215;13805;2055746.6;28/12/2023;151
28/12/2023;152;151;152.5;151;151.58213197969545;2955;447925.2;27/12/2023;151.7
27/12/2023;152;151.7;152.5;151.7;152.1163510911425;6232;947989.1;26/12/2023;152.5
26/12/2023;151.73;152.5;153;151.62;152.08655939746663;2921;444244.84;22/12/2023;152
22/12/2023;152;152;152;151;151.8458019525802;13623;2068595.36;21/12/2023;152.9
21/12/2023;151.3;152.9;152.9;149.3;151.0965532160369;6934;1047703.5;20/12/2023;151
20/12/2023;154;151;154.8;151;153.9496237364283;5342;822398.89;19/12/2023;154
19/12/2023;150.5;154;154;150.5;153.23727336792876;15609;2391880.6;18/12/2023;151
18/12/2023;149.8;151;151.25;145;150.01822927128669;35844;5377253.41;15/12/2023;150
15/12/2023;141;150;150;141;147.95292748596722;21913;3242092.5;14/12/2023;140
14/12/2023;132.5;140;140;132.5;136.41058109795992;16813;2293471.1;13/12/2023;130.26
13/12/2023;125.21;130.26;130.26;125.2;127.85384479717814;2835;362465.65;12/12/2023;124.5
12/12/2023;124.17;124.5;124.5;123.95;124.10711206896552;1624;201549.95;11/12/2023;124.4
11/12/2023;125.05;124.4;125.85;124.37;125.11389703486478;3069;383974.55;07/12/2023;124.17
07/12/2023;124.4;124.17;124.4;123.7;124.15161290322581;775;96217.5;06/12/2023;126.6
06/12/2023;129;126.6;129;126.2;126.90725806451613;248;31473;05/12/2023;127.5
05/12/2023;126.5;127.5;127.5;124.4;126.64813278008299;241;30522.2;04/12/2023;126.5
04/12/2023;127.42;126.5;128.15;126.5;126.9953071672355;586;74419.25;01/12/2023;128.23
01/12/2023;125.9;128.23;128.23;125.9;126.3676439790576;382;48272.44;30/11/2023;124.5
30/11/2023;125;124.5;125;124.5;124.59839762611277;337;41989.66;29/11/2023;126.3
29/11/2023;126.3;126.3;126.8;126;126.4008226691042;547;69141.25;28/11/2023;127.05
28/11/2023;126.6;127.05;127.05;126.59;126.64087408949013;961;121701.88;27/11/2023;125.65
27/11/2023;127.45;125.65;127.45;122.22;125.88289234760053;1542;194111.42;24/11/2023;130
24/11/2023;129.43;130;130.2;128.65;129.16303178484108;2045;264138.4;22/11/2023;127.35
23/11/2023;;;;;;;;22/11/2023;127.35
22/11/2023;128.8;127.35;128.8;127.35;127.94638157894735;152;19447.85;21/11/2023;129.65
21/11/2023;130.2;129.65;130.2;129.65;129.995593220339;354;46018.44;20/11/2023;131.15
20/11/2023;128.5;131.15;131.5;128.5;130.7289587876145;9172;1199046.01;17/11/2023;128
17/11/2023;126;128;128;126;126.45588103254771;891;112672.19;16/11/2023;125.6
16/11/2023;124.95;125.6;125.6;124.5;125.42132908027644;1881;235917.52;15/11/2023;123
15/11/2023;122.7;123;123;122.5;122.6031228151946;4291;526090;14/11/2023;121.5
14/11/2023;118.6;121.5;121.5;118;118.93019417475728;1236;146997.72;13/11/2023;116.9
13/11/2023;121.68;116.9;121.68;116.9;118.72708650190114;4208;499603.58;10/11/2023;121.8
10/11/2023;119.64;121.8;121.8;119;119.40169452449568;1735;207161.94;09/11/2023;119.7
09/11/2023;121;119.7;121.25;119.65;120.45411539931219;2617;315228.42;08/11/2023;120.6
08/11/2023;121;120.6;121.15;120.3;120.67485065710873;3348;404019.4;07/11/2023;121
07/11/2023;121;121;122;121;121.28674149991866;12294;1491099.2;06/11/2023;121.25
06/11/2023;122;121.25;122;121;121.37334307992204;2052;249058.1;03/11/2023;121.94
03/11/2023;122;121.94;123.75;120.85;122.11787234042554;6533;797796.06;02/11/2023;128.25
02/11/2023;127.3;128.25;128.25;126;126.8723336968375;917;116341.93;31/10/2023;124.7
31/10/2023;124.26;124.7;124.8;124.26;124.68733991950238;2733;340770.5;30/10/2023;126
30/10/2023;126;126;126;126;125.92633228840126;319;40170.5;27/10/2023;125
27/10/2023;126.58;125;126.58;124.5;125.32462162162162;370;46370.11;26/10/2023;128.5
26/10/2023;128;128.5;134;128;128.76472628726287;1845;237570.92;25/10/2023;127.1
25/10/2023;127.2;127.1;127.2;127.1;127.03323529411765;68;8638.26;24/10/2023;126.2
24/10/2023;124.45;126.2;126.2;124.45;125.60070175438595;285;35796.2;23/10/2023;122.95
23/10/2023;124;122.95;124.5;122.95;123.90989847715736;3152;390564;20/10/2023;124.25
20/10/2023;125.5;124.25;126;124.25;125.21702922077922;616;77133.69;19/10/2023;126.5
19/10/2023;127.03;126.5;127.03;126.5;126.89550769230769;325;41241.04;18/10/2023;125.75
18/10/2023;126;125.75;126;124.4;125.28901803607215;499;62519.22;17/10/2023;126.48
17/10/2023;126.6;126.48;127.5;126.48;127.19809851088202;873;111043.94;16/10/2023;127.1
16/10/2023;127;127.1;127.1;127;127.09075000000001;800;101672.6;13/10/2023;125
13/10/2023;126.14;125;126.89;125;126.04748000000001;750;94535.61;12/10/2023;126
12/10/2023;127.8;126;127.8;126;126.7016990291262;206;26100.55;11/10/2023;128.5
11/10/2023;128.7;128.5;128.9;128.5;128.75483870967741;186;23948.4;10/10/2023;126.8
10/10/2023;127.5;126.8;128;126.8;127.56994918250109;4526;577381.59;09/10/2023;127.25
09/10/2023;127;127.25;127.25;126.35;127.01998754669988;2409;305991.15;06/10/2023;127
06/10/2023;125.3;127;127.01;125.18;126.02537162162163;592;74607.02;05/10/2023;124
05/10/2023;123.5;124;124;123.5;123.9031847133758;1570;194528;04/10/2023;123.8
04/10/2023;124.8;123.8;125;123.29;124.55363735333253;8267;1029684.92;03/10/2023;124.65
03/10/2023;122.85;124.65;125;122.8;124.57627566274667;10034;1249998.35;02/10/2023;123.29
02/10/2023;128.2;123.29;128.2;123.2;125.05902376663376;17209;2152140.74;29/09/2023;128
29/09/2023;130.3;128;130.3;128;128.631043854231;3238;416507.32;28/09/2023;129
28/09/2023;129;129;129.99;129;129.70229214971843;3019;391571.22;27/09/2023;129.99
27/09/2023;130;129.99;130;128.3;129.44742278354383;7997;1035191.04;26/09/2023;129.3
26/09/2023;132.1;129.3;132.1;129.3;130.46935915492958;2840;370532.98;25/09/2023;132.55
25/09/2023;132;132.55;133;132;132.71890625;320;42470.05;22/09/2023;132
22/09/2023;133.15;132;133.17;132;132.93355244755244;715;95047.49;21/09/2023;132.5
21/09/2023;134;132.5;134.45;132.5;133.74284014065458;3697;494447.28;20/09/2023;134.7
20/09/2023;137;134.7;138.04;134.7;136.31284875183553;681;92829.05;19/09/2023;135.51
19/09/2023;136.45;135.51;138.5;135.51;136.85583333333332;216;29560.86;18/09/2023;136
18/09/2023;136.8;136;136.8;136;136.42734962406016;532;72579.35;15/09/2023;136
15/09/2023;137.48;136;137.48;134.7;135.7298957497995;1247;169255.18;14/09/2023;138.1
14/09/2023;137.2;138.1;138.25;136.5;137.0874044829343;3926;538205.15;13/09/2023;136.5
13/09/2023;137.18;136.5;137.5;136.5;137.00694183864914;1066;146049.4;12/09/2023;136.88
12/09/2023;136;136.88;137.28;136;136.2153846153846;559;76144.4;11/09/2023;136.05
11/09/2023;136;136.05;136.6;136;136.17233924050632;1975;268940.37;08/09/2023;134.65
08/09/2023;136.15;134.65;136.15;134.65;135.49279516578866;3227;437235.25;07/09/2023;135.8
07/09/2023;137;135.8;137;135.28;135.95684013944225;4016;546002.67;06/09/2023;137.28
06/09/2023;138.5;137.28;138.5;137.28;137.7656938954765;4554;627384.97;05/09/2023;139
05/09/2023;139.9;139;140.28;139;139.56483780955702;2867;400132.39;01/09/2023;142.98
04/09/2023;;;;;142.5;1;142.5;01/09/2023;142.98
01/09/2023;142;142.98;142.98;142;142.7041012658228;395;56368.12;31/08/2023;141.4
31/08/2023;140;141.4;142;140;140.84584571428573;3500;492960.46;29/08/2023;145.5
29/08/2023;143.25;145.5;146.2;142.85;144.90545600285;5614;813499.23;28/08/2023;144
28/08/2023;141.3;144;144;140.5;140.80479786761438;2251;316951.6;25/08/2023;141
25/08/2023;140.5;141;141;140.09;140.34626575028636;873;122522.29;24/08/2023;142.5
24/08/2023;142.5;142.5;142.5;142.5;142.4472972972973;148;21082.2;23/08/2023;143.55
23/08/2023;141;143.55;145;139.6;141.9852901023891;293;41601.69;22/08/2023;140.8
22/08/2023;140.89;140.8;141.6;140.8;141.441075604053;1283;181468.9;21/08/2023;140
21/08/2023;137.6;140;140;137.6;138.1268009153318;2185;301807.06;18/08/2023;138.7
18/08/2023;138.01;138.7;139;138;138.26138348830656;3549;490689.65;17/08/2023;139.8
17/08/2023;140;139.8;140.28;139.8;139.9870514820593;2564;358926.8;16/08/2023;140
16/08/2023;142;140;142;139.8;140.28699856733525;2792;391681.3;15/08/2023;143
15/08/2023;144.5;143;144.5;143;143.55129554655872;2470;354571.7;14/08/2023;145
14/08/2023;150.5;145;150.5;144.7;145.71784545967287;1773;258357.74;11/08/2023;150.75
11/08/2023;155.5;150.75;155.5;150.55;151.3792944785276;3912;592195.8;10/08/2023;157.5
10/08/2023;159;157.5;160;157.5;159.13277456647398;1211;192709.79;09/08/2023;157.8
09/08/2023;157;157.8;158.2;157;157.2631351469943;4558;716805.37;08/08/2023;155.8
08/08/2023;153;155.8;155.8;153;154.47394890899415;3758;580513.1;07/08/2023;156
07/08/2023;155.75;156;156;155;155.7998820754717;1696;264236.6;04/08/2023;153.99
04/08/2023;154;153.99;154;153.99;153.9939962476548;533;82078.8;03/08/2023;154
03/08/2023;153;154;154.35;153;153.8441823899371;318;48922.45;02/08/2023;154
02/08/2023;156.75;154;156.75;154;154.2269297736506;1723;265733;01/08/2023;158.4
01/08/2023;157.61;158.4;158.4;157.43;157.81631341600902;887;139983.07;31/07/2023;156.7
31/07/2023;157.6;156.7;158;156.3;157.36274834437086;1208;190094.2;27/07/2023;155.3
27/07/2023;155.6;155.3;156.8;155.3;155.6561797752809;267;41560.2;26/07/2023;157.5
26/07/2023;155.01;157.5;157.5;155;156.07031093279838;2991;466806.3;25/07/2023;155.2
25/07/2023;155.4;155.2;155.4;154;155.1076923076923;325;50410;24/07/2023;156.55
24/07/2023;156;156.55;156.55;156;156.3693236714976;207;32368.45;21/07/2023;156.8
21/07/2023;156.25;156.8;157.6;156.25;157.00191353649893;1411;221529.7;20/07/2023;156.5
20/07/2023;155;156.5;156.55;155;156.48535677352638;1934;302642.68;19/07/2023;156.1
19/07/2023;155.4;156.1;156.7;155;155.56415466430312;4513;702061.03;18/07/2023;156
18/07/2023;156;156;157;154.95;156.62816145590295;2143;335654.15;17/07/2023;155.6
17/07/2023;148;155.6;155.6;148;152.74372006638743;12653;1932666.29;14/07/2023;152.2
14/07/2023;151;152.2;152.2;151;151.96872932745313;10884;1654027.65;13/07/2023;152.55
13/07/2023;150.2;152.55;153;150.2;152.4483348050965;7927;1208457.95;12/07/2023;149.7
12/07/2023;150.6;149.7;150.6;149.7;150.0232456140351;1368;205231.8;11/07/2023;149.7
11/07/2023;148.61;149.7;150;148.23;148.72681623931624;468;69604.15;10/07/2023;151.74
10/07/2023;151.8;151.74;151.8;151.4;151.55902222222224;3375;511511.7;07/07/2023;151.6
07/07/2023;150;151.6;153;150;151.74660396716826;2924;443707.07;06/07/2023;148.6
06/07/2023;148.65;148.6;149.15;147.5;148.00146341463415;1435;212382.1;05/07/2023;150.2
05/07/2023;147.5;150.2;150.2;147.5;149.44074870633892;12368;1848283.18;04/07/2023;148
04/07/2023;148;148;148;148;148;248;36704;03/07/2023;148
03/07/2023;147.5;148;148.15;147.5;148.08431338028169;5680;841118.9;30/06/2023;147.85
30/06/2023;147;147.85;149;147;148.01217144268776;4048;599153.27;28/06/2023;145.5
28/06/2023;143.99;145.5;145.5;143.99;144.77448237269166;3574;517424;27/06/2023;145.5
27/06/2023;145.01;145.5;145.5;145;145.1112740141557;989;143515.05;26/06/2023;144.9
26/06/2023;145.2;144.9;145.2;144.9;145.018407960199;402;58297.4;23/06/2023;145
23/06/2023;143.85;145;145;142.8;144.1664810690423;898;129461.5;22/06/2023;146.5
22/06/2023;147;146.5;147;145.4;145.70380641428335;12098;1762724.65;21/06/2023;149
21/06/2023;149;149;149.3;148.99;149.13194594594594;6845;1020808.17;20/06/2023;149
20/06/2023;148;149;149;147.5;148.27903572353094;7726;1145603.83;16/06/2023;149.3
19/06/2023;;;;;;;;16/06/2023;149.3
16/06/2023;148.55;149.3;149.3;148.55;148.81465671225232;7166;1066405.83;15/06/2023;148.3
15/06/2023;145;148.3;148.3;145;147.1187789473684;5225;768695.62;14/06/2023;146
14/06/2023;145;146;146.6;144.31;145.9448031212485;8330;1215720.21;13/06/2023;143.15
13/06/2023;142.5;143.15;143.15;141.5;142.37776054024457;5479;780087.75;12/06/2023;141.91
12/06/2023;140.8;141.91;142.3;140.8;141.8559433378696;8083;1146621.59;09/06/2023;139.87
09/06/2023;140;139.87;140.15;139.87;139.91702269692922;2247;314393.55;08/06/2023;140.55
08/06/2023;140;140.55;140.55;140;140.22731114987255;7453;1045114.15;07/06/2023;140
07/06/2023;140.1;140;140.1;139.45;139.95287725321887;5825;815225.51;06/06/2023;140.1
06/06/2023;138.35;140.1;140.1;138.35;139.872817577548;2708;378775.59;05/06/2023;137.88
05/06/2023;137.46;137.88;137.9;137.04;137.52681159420288;2139;294169.85;02/06/2023;137
02/06/2023;136;137;138;136;136.51734234234235;3108;424295.9;01/06/2023;132
01/06/2023;130.8;132;132;130.8;131.61917808219178;73;9608.2;31/05/2023;128.88
31/05/2023;130;128.88;130;127.3;128.7131763953984;4694;604179.65;30/05/2023;130.13
30/05/2023;131.2;130.13;131.2;129.15;130.02793950850662;529;68784.78;26/05/2023;132.1
29/05/2023;;;;;132;1;132;26/05/2023;132.1
26/05/2023;133.95;132.1;133.99;132.1;133.91828301260784;6028;807259.41;25/05/2023;134.2
25/05/2023;132.5;134.2;134.2;132.5;133.6621510297483;437;58410.36;24/05/2023;133.2
24/05/2023;131.9;133.2;133.93;131.9;133.42839464882942;2093;279265.63;23/05/2023;133.35
23/05/2023;133.35;133.35;135;133;133.5433173076923;416;55554.02;22/05/2023;132.6
22/05/2023;131;132.6;132.6;131;132.51545667447306;4270;565841;19/05/2023;132.5
19/05/2023;132.2;132.5;132.5;132.2;132.3122807017544;114;15083.6;18/05/2023;129.1
18/05/2023;129;129.1;129.1;127;127.6611281265952;3918;500176.3;17/05/2023;129.74
17/05/2023;135.2;136.5;137;135.2;135.91988360814744;3093;420400.2;16/05/2023;135
16/05/2023;138;135;138;135;135.85786782440906;2073;281633.36;15/05/2023;137
15/05/2023;137;137;137.8;136.6;136.98632541133455;2735;374657.6;12/05/2023;137
12/05/2023;138.7;137;140;136.45;137.3109290465632;4510;619272.29;11/05/2023;141.35
11/05/2023;140;141.35;142;140;141.12759604053736;4243;598804.39;10/05/2023;142.5
10/05/2023;145;142.5;145;142.49;144.6963492599851;14797;2141071.88;09/05/2023;145.01
09/05/2023;145;145.01;147;144.6;145.07756333830105;2684;389388.18;08/05/2023;147
08/05/2023;140;147;148;140;144.69994061399095;19870;2875187.82;05/05/2023;141
05/05/2023;137.7;141;141;137.7;139.88618363682994;3899;545416.23;04/05/2023;131.22
04/05/2023;133;131.22;133;131.22;131.80081967213115;488;64318.8;03/05/2023;134.57
03/05/2023;133.95;134.57;136;133.95;134.93923377257198;2049;276490.49;02/05/2023;132.4
02/05/2023;135;132.4;135;132.1;132.67360074626868;1072;142226.1;28/04/2023;135
28/04/2023;134;135;135;134;134.558784473953;979;131733.05;27/04/2023;133.83
27/04/2023;133.6;133.83;134;133.6;133.73870280146164;1642;219598.95;26/04/2023;133.85
26/04/2023;134.5;133.85;135;133.35;133.79027702525562;11443;1530962.14;25/04/2023;133.8
25/04/2023;133.8;133.8;133.8;133.8;133.80519480519482;308;41212;24/04/2023;134
24/04/2023;133;134;134.5;133;134.46702065799542;6535;878741.98;21/04/2023;132.85
21/04/2023;131.6;132.85;132.85;131.6;132.521;250;33130.25;20/04/2023;132.7
20/04/2023;132.8;132.7;132.8;132.7;132.77297297297298;74;9825.2;19/04/2023;133.27
19/04/2023;131.95;133.27;133.3;131.95;133.26999999999998;1340;178581.8;18/04/2023;132.22
18/04/2023;130.2;132.22;132.4;130.2;132.22021442495128;513;67828.97;14/04/2023;130.66
17/04/2023;;;;;;;;14/04/2023;130.66
14/04/2023;132;130.66;132.45;130.61;131.7564393939394;132;17391.85;13/04/2023;130.01
13/04/2023;130;130.01;131;130;130.15621118012425;161;20955.15;12/04/2023;129.8
12/04/2023;130.4;129.8;130.7;129.21;129.96304325802856;9871;1282865.2;11/04/2023;129.01
11/04/2023;129.6;129.01;129.99;129.01;129.4635089933733;41197;5333508.18;10/04/2023;128.82
10/04/2023;128.9;128.82;129.5;128.4;128.89578940296502;22327;2877856.29;05/04/2023;129.58
05/04/2023;128.7;129.58;129.58;128.7;129.1072680412371;582;75140.43;04/04/2023;129.53
04/04/2023;130.5;129.53;130.5;129.35;129.61458616780047;1764;228640.13;03/04/2023;130.85
03/04/2023;132.84;130.85;132.84;130.85;131.23511563367254;2162;283730.32;31/03/2023;132.4
31/03/2023;132.65;132.4;132.65;131.89;132.45181818181817;396;52450.92;30/03/2023;131.93
30/03/2023;133.97;131.93;134.17;131.93;133.2155848434926;607;80861.86;29/03/2023;135.27
29/03/2023;132.64;135.27;135.28;132.64;133.76439270853973;5047;675108.89;28/03/2023;131.2
28/03/2023;128.6;131.2;131.2;128.6;129.88227316141356;1047;135986.74;27/03/2023;129.19
27/03/2023;127.3;129.19;129.19;127.1;128.2860465116279;387;49646.7;24/03/2023;124.55
24/03/2023;122.53;124.55;124.55;122.53;123.9983111206679;241829;29986387.58;23/03/2023;124.79
23/03/2023;127;124.79;127;124.79;125.75856423173803;397;49926.15;22/03/2023;126.9
22/03/2023;128;126.9;128.1;126.9;127.86143588462978;8009;1024042.24;21/03/2023;128
21/03/2023;128;128;129.2;128;128.72589552238807;670;86246.35;20/03/2023;124
20/03/2023;121.17;124;124;121.17;123.20499548736463;2216;273022.27;17/03/2023;124.3
17/03/2023;126.4;124.3;126.4;121.45;123.04081282520039;7111;874943.22;16/03/2023;127.15
16/03/2023;125.95;127.15;127.64;125.95;127.19293487957181;1121;142583.28;15/03/2023;126.5
15/03/2023;125.8;126.5;126.64;124.15;125.34308611707017;3263;408994.49;14/03/2023;130
14/03/2023;130;130;130.75;129.95;130.1195224719101;1780;231612.75;13/03/2023;126.4
13/03/2023;126.5;126.4;127;126;126.79898086337339;2247;284917.31;10/03/2023;128.5
10/03/2023;128.24;128.5;130;128.24;128.89999064546305;3207;413382.27;09/03/2023;130.31
09/03/2023;131.3;130.31;131.93;130.31;131.487106017192;349;45889;08/03/2023;132.36
08/03/2023;131.71;132.36;132.36;131.25;132.0402380952381;336;44365.52;07/03/2023;131.61
07/03/2023;132.3;131.61;132.3;131;131.18943949044586;5495;720885.97;06/03/2023;132.13
06/03/2023;132.13;132.13;132.13;132.13;132.13;979;129355.27;03/03/2023;131.95
03/03/2023;130.23;131.95;132;130.23;131.09683131088704;5851;767047.56;02/03/2023;130
02/03/2023;129.85;130;130;129.85;129.9881651376147;1090;141687.1;01/03/2023;130.08
01/03/2023;129.1;130.08;130.23;129.1;130.11926052332197;1758;228749.66;28/02/2023;127.1
28/02/2023;127;127.1;127.1;126;126.25227600607441;5268;665096.99;27/02/2023;127
27/02/2023;128.65;127;128.65;127;128.06070254110614;1338;171345.22;24/02/2023;127.65
24/02/2023;128.86;127.65;128.86;127;127.44897356143079;1929;245849.07;23/02/2023;130
23/02/2023;131.5;130;131.5;130;131.08762195121952;328;42996.74;22/02/2023;130.32
22/02/2023;128.95;130.32;130.32;128.75;130.02408351026185;1413;183724.03;21/02/2023;129.03
21/02/2023;131.37;129.03;131.37;129.03;130.29452115812916;449;58502.24;17/02/2023;128.65
20/02/2023;;;;;;;;17/02/2023;128.65
17/02/2023;128.65;128.65;128.65;128.65;128.7041176470588;17;2187.97;16/02/2023;128.46
16/02/2023;127.52;128.46;129.4;127.52;128.85964118779214;7274;937325.03;15/02/2023;129.04
15/02/2023;126.8;129.04;129.04;126.8;127.99448389760529;1211;155001.32;14/02/2023;130.46
14/02/2023;132;130.46;133.28;130.46;132.30050420168067;2023;267643.92;13/02/2023;132
13/02/2023;130.5;132;132;130;131.17122401847575;866;113594.28;10/02/2023;126.7
10/02/2023;133.01;126.7;133.01;125.22;127.55594196804037;14268;1819968.18;09/02/2023;137.03
09/02/2023;138.41;137.03;138.41;136.94;138.01650406504064;246;33952.06;08/02/2023;138
08/02/2023;137.1;138;138.1;137.1;137.7427467811159;466;64188.12;07/02/2023;137.05
07/02/2023;136.11;137.05;137.4;136.11;136.51826512455517;2248;306893.06;06/02/2023;135.6
06/02/2023;134.63;135.6;135.72;134.63;135.54776530612244;980;132836.81;03/02/2023;135.35
03/02/2023;135.4;135.35;135.4;135.35;135.3535123966942;242;32755.55;02/02/2023;135.4
02/02/2023;134.4;135.4;135.51;134.4;134.73498127340824;267;35974.24;01/02/2023;133.13
01/02/2023;133;133.13;133.36;133;133.11910966340935;921;122602.7;31/01/2023;133.55
31/01/2023;134.13;133.55;134.95;133.55;134.06480585614258;1571;210615.81;30/01/2023;133.5
30/01/2023;137.06;133.5;137.06;132;133.57090329630304;5491;733437.83;27/01/2023;141.01
27/01/2023;141.01;141.01;141.4;141.01;141.1324358974359;468;66049.98;26/01/2023;141.17
26/01/2023;139.5;141.17;141.17;139.5;140.7173515981735;438;61634.2;25/01/2023;139.2
25/01/2023;138;139.2;139.2;137.95;138.8101550387597;258;35813.02;24/01/2023;138.99
24/01/2023;139.05;138.99;139.72;138.99;139.34433333333334;330;45983.63;23/01/2023;140.76
23/01/2023;140.83;140.76;141.34;140.63;141.06623076923077;780;110031.66;20/01/2023;141.07
20/01/2023;141;141.07;141.07;140.59;140.70184228416045;1471;206972.41;19/01/2023;142.48
19/01/2023;142.9;142.48;144;142.48;143.20254278728606;409;58569.84;18/01/2023;142.82
18/01/2023;144.5;142.82;144.5;142.82;144.2909020618557;776;111969.74;17/01/2023;143.4
17/01/2023;146.5;143.4;147.45;143.4;146.89822302493593;8582;1260680.55;16/01/2023;147
16/01/2023;147;147;147;147;147.25;16;2356;13/01/2023;149.12
13/01/2023;148.5;149.12;149.19;148.5;149.0848267008986;779;116137.08;12/01/2023;147.86
12/01/2023;143.53;147.86;147.86;143.53;144.5451111111111;360;52036.24;11/01/2023;144.21
11/01/2023;146.8;144.21;146.8;144.21;144.41199848312476;5274;761628.88;10/01/2023;148.87
10/01/2023;147.55;148.87;149.16;146.55;148.1150913735508;5089;753757.7;09/01/2023;148.09
09/01/2023;148;148.09;148.8;148;148.39248863291908;3299;489546.82;06/01/2023;145.56
06/01/2023;142.82;145.56;145.85;142.82;145.2074964234621;1398;203000.08;05/01/2023;142.02
05/01/2023;141.2;142.02;142.02;141;141.35777327935224;247;34915.37;04/01/2023;139.47
04/01/2023;139.31;139.47;141.31;139.22;140.42797287651678;1401;196739.59;03/01/2023;137.87
03/01/2023;136.72;137.87;137.87;136.7;137.22885135135135;444;60929.61;30/12/2022;135.25
02/01/2023;;;;;;;;30/12/2022;135.25
30/12/2022;135;135.25;135.6;135;135.14087471257815;52623;7111518.25;29/12/2022;135.55
29/12/2022;133.75;135.55;135.65;133.75;134.55094653630124;4807;646786.4;28/12/2022;134.7
28/12/2022;134.5;134.7;136;133.5;134.7563996880918;44885;6048541;27/12/2022;133.75
27/12/2022;133.8;133.75;135;133.75;134.26191813559836;65694;8820202.45;23/12/2022;134.75
26/12/2022;;;;;;;;23/12/2022;134.75
23/12/2022;133.5;134.75;135;133.5;134.031012816245;84112;11273616.55;22/12/2022;133.14
22/12/2022;135.2;133.14;135.2;131.9;133.30638912017764;72060;9606058.4;21/12/2022;135.7
21/12/2022;136;135.7;136.3;135.55;135.86612107566597;39529;5370651.9;20/12/2022;136
20/12/2022;136.5;136;136.9;135.61;136.53861097256856;20050;2737599.15;19/12/2022;134.05
19/12/2022;133.7;134.05;135.15;133.7;134.96712068795097;30351;4096387.08;16/12/2022;133.7
16/12/2022;134;133.7;134;133.1;133.52458299855374;31115;4154617.4;15/12/2022;133.9
15/12/2022;135;133.9;135;132.8;133.27732656640669;26797;3571432.52;14/12/2022;137.41
14/12/2022;138.5;137.41;138.5;136.72;137.8860818023833;16112;2221620.55;13/12/2022;138.7
13/12/2022;143.44;138.7;143.44;138.29;141.4432612966601;509;71994.62;12/12/2022;140
12/12/2022;146.65;140;146.65;139.33;142.11602996254683;18423;2618203.62;07/12/2022;144.16
07/12/2022;146;144.16;146.52;140;143.78620412844037;4360;626907.85;06/12/2022;147.7
06/12/2022;149.15;147.7;149.15;146.18;147.68753086419753;1215;179440.35;05/12/2022;147.93
05/12/2022;147.85;147.93;147.93;146.36;147.16080815179197;2846;418819.66;02/12/2022;149.8
02/12/2022;148.75;149.8;150.13;148.75;149.54054054054055;3182;475838;01/12/2022;151.7
01/12/2022;150.5;151.7;151.7;149.3;150.35779217310005;14974;2251457.58;30/11/2022;152.8
30/11/2022;146.51;152.8;153.2;146.51;151.38381491344873;4506;682135.47;29/11/2022;148.16
29/11/2022;149;148.16;149.5;148.16;149.30354258568033;5894;879995.08;28/11/2022;148.35
28/11/2022;150.11;148.35;151.8;148.14;149.34155737704916;1952;291514.72;25/11/2022;154.27
25/11/2022;150.8;154.27;154.27;150.8;151.85070707070707;792;120265.76;24/11/2022;153.8
24/11/2022;153.8;153.8;153.8;153.8;153.8;10;1538;23/11/2022;154.07
23/11/2022;154.3;154.07;154.6;153.73;153.89557858376511;2316;356422.16;22/11/2022;153.31
22/11/2022;151.31;153.31;153.7;151.31;152.94239804639804;4095;626299.12;21/11/2022;150
21/11/2022;148.87;150;150;148.47;149.734854315558;1819;272367.7;18/11/2022;150.41
18/11/2022;151.28;150.41;151.6;150;150.52487380235422;18265;2749336.82;17/11/2022;150.86
17/11/2022;153.37;150.86;153.37;150.86;151.8914404432133;722;109665.62;16/11/2022;155.45
16/11/2022;157.1;155.45;157.1;155.02;156.85977366255145;22356;3506757.1;15/11/2022;157.27
15/11/2022;157;157.27;158.05;154.85;156.823318935384;40052;6281087.57;14/11/2022;156.25
14/11/2022;156.72;156.25;157.05;156.25;156.7955118110236;762;119478.18;11/11/2022;156.56
11/11/2022;155;156.56;157.2;155;155.80518490808038;18712;2915426.62;10/11/2022;154
10/11/2022;151;154;156;151;153.45411277588042;54462;8357417.89;09/11/2022;151.4
09/11/2022;151;151.4;151.4;150;150.54922402455063;11405;1717013.9;08/11/2022;154.95
08/11/2022;153.49;154.95;155;152.5;153.65462531513518;23006;3534978.31;07/11/2022;153.4
07/11/2022;150;153.4;155;150;153.47282570730005;8589;1318178.1;04/11/2022;152
04/11/2022;148;152;152;148;150.52929715737034;20474;3081936.83;03/11/2022;143.5
03/11/2022;144.05;143.5;144.05;143.15;143.92921225382932;914;131551.3;02/11/2022;143.49
02/11/2022;150.25;143.49;151;143.49;146.0948031496063;11811;1725525.72;31/10/2022;145.8
31/10/2022;145;145.8;146.1;144.48;145.95829579939306;6261;913844.89;28/10/2022;144
28/10/2022;143.2;144;144.1;142.5;143.29306840482198;7134;1022252.75;27/10/2022;142.6
27/10/2022;140;142.6;142.78;140;140.95509254168957;5457;769191.94;26/10/2022;140
26/10/2022;138.75;140;140;138.33;139.85908234660926;11148;1559149.05;25/10/2022;138.7
25/10/2022;136.5;138.7;139.5;136.5;137.30293214682982;4495;617176.68;24/10/2022;133
24/10/2022;133;133;133;132;132.91684975494337;5917;786469;21/10/2022;133.15
21/10/2022;132;133.15;133.6;131;133.02913187936616;11738;1561495.95;20/10/2022;131
20/10/2022;132;131;132.5;131;132.2468487394958;952;125899;19/10/2022;131.18
19/10/2022;133;131.18;133;130.43;131.93466365433494;17705;2335903.22;18/10/2022;132.18
18/10/2022;132;132.18;132.18;132;132.03546798029558;203;26803.2;17/10/2022;129.7
17/10/2022;130.45;129.7;131;129.5;130.02235257555745;12871;1673517.7;14/10/2022;127
14/10/2022;127;127;127;127;127;354;44958;13/10/2022;131
13/10/2022;130.8;131;131;130.8;130.8015717092338;2545;332890;12/10/2022;130
12/10/2022;126.57;130;130;126.57;129.4280378250591;423;54748.06;11/10/2022;127.96
11/10/2022;127.38;127.96;129.29;127.38;128.27405665419562;18710;2400007.6;10/10/2022;127.37
10/10/2022;131.44;127.37;131.44;127.37;128.61804347826086;874;112412.17;07/10/2022;131.26
07/10/2022;131.2;131.26;131.26;131;131.07582781456955;1208;158339.6;06/10/2022;130.4
06/10/2022;130.4;130.4;130.4;130.11;130.2247474747475;495;64461.25;05/10/2022;130.41
05/10/2022;131.7;130.41;131.7;130.37;130.779251363411;2017;263781.75;04/10/2022;133
04/10/2022;132.16;133;133;131.67;132.04223779603674;4138;546390.78;03/10/2022;127.15
03/10/2022;126.06;127.15;127.15;126.06;126.719893129771;655;83001.53;30/09/2022;123.12
30/09/2022;124.35;123.12;124.35;123.12;124.04433206106872;524;64999.23;29/09/2022;122.79
29/09/2022;122.95;122.79;123.5;122.2;122.45666335978837;3024;370308.95;28/09/2022;125.83
28/09/2022;123.65;125.83;125.89;123.65;124.67114674441206;1029;128286.61;27/09/2022;119.63
27/09/2022;120.72;119.63;120.72;119.04;119.69443810610383;1753;209824.35;26/09/2022;118.1
26/09/2022;121.28;118.1;121.28;118.1;119.66604246534945;3391;405787.55;23/09/2022;123.35
23/09/2022;126.17;123.35;126.17;122.81;123.51650699677073;1858;229493.67;22/09/2022;129.38
22/09/2022;131.63;129.38;131.63;129.38;130.32425925925926;270;35187.55;21/09/2022;132
21/09/2022;130.37;132;132.55;130.37;132.176945677259;11266;1489105.47;20/09/2022;131
20/09/2022;129.66;131;131.12;129.66;130.2359474885845;876;114086.69;19/09/2022;129.61
19/09/2022;128.39;129.61;129.78;128.39;128.87810606060606;132;17011.91;16/09/2022;129.9
16/09/2022;128.05;129.9;129.9;127.26;128.42123070987654;2592;332867.83;15/09/2022;127.95
15/09/2022;127.24;127.95;128.4;127.24;127.43720588235294;408;51994.38;14/09/2022;127.65
14/09/2022;127.65;127.65;127.65;127.65;127.66217532467532;308;39319.95;13/09/2022;127.77
13/09/2022;130;127.77;130;127.77;128.74823232323234;198;25492.15;12/09/2022;131.5
12/09/2022;131.6;131.5;131.6;131;131.0895082029326;26393;3459845.39;09/09/2022;130.8
09/09/2022;130.8;130.8;131.88;130.8;131.34651785714286;224;29421.62;08/09/2022;127.83
08/09/2022;126.84;127.83;129.1;126.84;127.25224226804124;388;49373.87;07/09/2022;126.69
07/09/2022;125;126.69;126.69;125;126.30545454545455;165;20840.4;06/09/2022;126.61
06/09/2022;127.05;126.61;127.35;126.28;127.00095724313975;1567;199010.5;01/09/2022;126.2
05/09/2022;;;;;;;;01/09/2022;126.2
02/09/2022;;;;;;;;01/09/2022;126.2
01/09/2022;127.28;126.2;127.28;126.2;126.67410256410257;234;29641.74;31/08/2022;129.33
31/08/2022;128.6;129.33;130.34;128.6;130.14039915966387;476;61946.83;29/08/2022;130.24
29/08/2022;129.53;130.24;130.25;128.25;129.87791757500258;9633;1251113.98;26/08/2022;132.99
26/08/2022;132.99;132.99;132.99;132.99;132.96742574257425;707;94007.97;25/08/2022;132.76
25/08/2022;132.76;132.76;132.76;132.76;132.76;200;26552;24/08/2022;130.62
24/08/2022;131.52;130.62;131.52;130.41;130.7390909090909;539;70468.37;23/08/2022;132.49
23/08/2022;132.38;132.49;132.49;131.81;132.4695205479452;730;96702.75;22/08/2022;131.68
22/08/2022;129;131.68;131.68;128.51;130.2014834673816;1119;145695.46;19/08/2022;132.3
19/08/2022;132.7;132.3;132.83;132;132.3770186915888;1070;141643.41;18/08/2022;134.07
18/08/2022;135;134.07;135;134.07;134.7696195652174;184;24797.61;17/08/2022;137.1
17/08/2022;136.8;137.1;137.53;136.8;137.2012919708029;1370;187965.77;16/08/2022;138.07
16/08/2022;135.1;138.07;138.38;135.1;137.3781148002251;1777;244120.91;15/08/2022;137.2
15/08/2022;136;137.2;137.2;135.6;136.9797124600639;12520;1714986;12/08/2022;138.05
12/08/2022;137.96;138.05;138.05;136.5;137.3225417766051;2274;312271.46;11/08/2022;141.59
11/08/2022;142;141.59;143;141.5;142.3378974498101;3686;524657.49;10/08/2022;141.35
10/08/2022;139.65;141.35;142.11;139.65;140.75598995056325;12339;1736788.16;09/08/2022;136.72
09/08/2022;137.04;136.72;137.04;135.35;136.31962253625883;5378;733126.93;08/08/2022;138.12
08/08/2022;135.14;138.12;138.12;135.14;137.0242822475266;10714;1468078.16;05/08/2022;131.08
05/08/2022;130.9;131.08;131.08;130;130.42954510493354;9101;1187039.29;04/08/2022;129.95
04/08/2022;130.07;129.95;130.07;129.95;129.9609090909091;110;14295.7;03/08/2022;130.35
03/08/2022;129.81;130.35;130.55;129.6;130.3519954006722;5653;736879.83;02/08/2022;130
02/08/2022;131.02;130;131.02;129.73;130.45991438356162;584;76188.59;01/08/2022;128.5
01/08/2022;130.46;128.5;131.55;128.5;130.39589677419355;775;101056.82;27/07/2022;128.5
27/07/2022;128.3;128.5;128.5;128.3;128.3073469387755;245;31435.3;26/07/2022;129.5
26/07/2022;128.05;129.5;130.19;128.05;129.56808437067775;1446;187355.45;25/07/2022;128
25/07/2022;127;128;130;127;128.91911021233568;989;127501;22/07/2022;125.15
22/07/2022;125.4;125.15;125.4;124.5;124.88890489913544;694;86672.9;21/07/2022;125.05
21/07/2022;125.44;125.05;125.85;124.79;125.3368808080808;7425;930626.34;20/07/2022;126.46
20/07/2022;127;126.46;127.9;126.46;127.31454545454547;506;64421.16;19/07/2022;126.1
19/07/2022;124;126.1;126.13;124;125.6922077922078;7161;900081.9;18/07/2022;120.5
18/07/2022;117.43;120.5;120.81;117.43;120.4577888446215;502;60469.81;15/07/2022;116.01
15/07/2022;116.68;116.01;116.68;115.4;115.85512;1125;130337.01;14/07/2022;115.5
14/07/2022;117.5;115.5;117.5;113.95;115.67651356993737;958;110818.1;13/07/2022;118
13/07/2022;117;118;118.34;117;118.00384615384614;884;104315.4;12/07/2022;120
12/07/2022;121.61;120;121.61;120;120.83214920071048;2252;272114;11/07/2022;120.1
11/07/2022;120.58;120.1;120.58;120.1;120.14338983050848;354;42530.76;08/07/2022;122.35
08/07/2022;125;122.35;125.1;122.35;124.92956865237922;11012;1375724.41;07/07/2022;124
07/07/2022;121.6;124;124;121.6;123.50737078651684;445;54960.78;06/07/2022;117.64
06/07/2022;118;117.64;118;116;116.54261102977061;2049;238795.81;05/07/2022;120.25
05/07/2022;121.53;120.25;121.53;118.05;119.63573901464714;1502;179692.88;04/07/2022;121
04/07/2022;120.5;121;121;120;120.82699619771863;263;31777.5;01/07/2022;120.07
01/07/2022;119.7;120.07;121.04;119.7;120.52927497789565;1131;136318.61;30/06/2022;119.68
30/06/2022;119.5;119.68;121.25;118.87;119.86619165378671;3235;387767.13;28/06/2022;123.58
28/06/2022;127.85;123.58;128;123;124.93738578680204;394;49225.33;27/06/2022;124.29
27/06/2022;124;124.29;124.29;124;124.23528301886793;106;13168.94;24/06/2022;125
24/06/2022;126.23;125;126.23;123.69;124.44028364849834;1798;223743.63;23/06/2022;123.5
23/06/2022;124.91;123.5;124.91;123;124.32198168193173;1201;149310.7;22/06/2022;124.5
22/06/2022;125;124.5;125;124.5;124.80434782608695;345;43057.5;21/06/2022;127.5
21/06/2022;128.74;127.5;128.95;126.14;126.71089777523427;13979;1771291.64;20/06/2022;125
20/06/2022;125;125;125;125;125;20;2500;17/06/2022;124.9
17/06/2022;125.03;124.9;125.75;123.6;124.81544750430291;2324;290071.1;16/06/2022;122.5
16/06/2022;125.02;122.5;125.02;121.98;122.71275962236747;2754;337950.94;15/06/2022;127.82
15/06/2022;125.91;127.82;128.5;125.91;126.90727921195653;2944;373615.03;14/06/2022;123.58
14/06/2022;123.72;123.58;123.72;122.65;123.32592311343141;2107;259847.72;13/06/2022;123.83
13/06/2022;122.11;123.83;125.23;121.31;123.85961668111335;10383;1286034.4;10/06/2022;126
10/06/2022;130;126;130;126;127.59777964676199;2378;303427.52;09/06/2022;132.39
09/06/2022;134.56;132.39;134.56;132.39;132.82024615384617;325;43166.58;08/06/2022;134.95
08/06/2022;135;134.95;135.16;134.6;134.82028931487397;5634;759577.51;07/06/2022;136.23
07/06/2022;135.57;136.23;136.23;135;135.94536150234742;1065;144781.81;06/06/2022;136.45
06/06/2022;137.98;136.45;137.98;136.45;137.04914016489988;849;116354.72;03/06/2022;140.24
03/06/2022;140.56;140.24;140.68;140.24;140.58334217506632;754;105999.84;02/06/2022;142.86
02/06/2022;139.14;142.86;142.86;139.14;141.82644164759725;874;123956.31;01/06/2022;137.8
01/06/2022;141.18;137.8;141.18;137.8;138.9266409266409;777;107946;31/05/2022;141.08
31/05/2022;142.48;141.08;143.32;141.08;142.45549137284323;2666;379786.34;30/05/2022;143
30/05/2022;143;143;143;143;143;140;20020;27/05/2022;142.75
27/05/2022;143;142.75;144.42;142.75;143.74847383265435;3191;458701.38;26/05/2022;140.68
26/05/2022;141.62;140.68;142.85;140.6;141.33794777846344;25928;3664610.31;25/05/2022;139.5
25/05/2022;140.25;139.5;140.25;138.8;139.40543985637342;1671;232946.49;24/05/2022;138.9
24/05/2022;137.9;138.9;138.9;136.1;137.64579829890644;4115;566412.46;23/05/2022;139.5
23/05/2022;138.94;139.5;139.9;138.19;139.1786658653846;1664;231593.3;20/05/2022;134.8
20/05/2022;134;134.8;134.8;132;134.68792492020873;19739;2658604.95;19/05/2022;134.5
19/05/2022;130.65;134.5;134.5;130.65;130.8264088304685;11868;1552647.82;18/05/2022;128.67
18/05/2022;138.57;132.65;139.44;132.09;134.43569272237195;7420;997512.84;17/05/2022;139.96
17/05/2022;137;139.96;141.03;137;139.39270819987186;18732;2611104.21;16/05/2022;132.59
16/05/2022;133.65;132.59;134.1;132.59;133.2915590947192;1193;159016.83;13/05/2022;131.04
13/05/2022;126.86;131.04;132;126.86;130.13293785310734;1770;230335.3;12/05/2022;120.11
12/05/2022;121.76;120.11;124.15;118.95;123.16819549434922;13361;1645650.26;11/05/2022;125.12
11/05/2022;125;125.12;127.8;125;126.28148261758692;2934;370509.87;10/05/2022;126.83
10/05/2022;127;126.83;127.72;124;126.65153047404064;4430;561066.28;09/05/2022;125.78
09/05/2022;130;125.78;130;125.78;126.98417987467748;5426;689016.16;06/05/2022;133.08
06/05/2022;132.17;133.08;135.85;131.95;133.0509889620794;11234;1494694.81;05/05/2022;133.09
05/05/2022;137.3;133.09;137.3;132.76;133.82703006535948;3825;511888.39;04/05/2022;142
04/05/2022;140.9;142;142.09;139.37;140.69580200501252;1596;224550.5;03/05/2022;140.86
03/05/2022;139;140.86;141.2;138.3;139.6984864104967;2134;298116.57;02/05/2022;137.43
02/05/2022;137.36;137.43;138.68;137.36;137.38449084249083;4095;562589.49;29/04/2022;139.45
29/04/2022;140;139.45;140.45;139.41;139.73015007012623;7130;996275.97;28/04/2022;138.86
28/04/2022;138.08;138.86;138.86;135;136.38415155440416;1544;210577.13;27/04/2022;138
27/04/2022;136.5;138;138;136.5;137.89217803030306;1056;145614.14;26/04/2022;136.65
26/04/2022;135.6;136.65;136.65;135.47;136.44946315789474;9500;1296269.9;25/04/2022;139.78
25/04/2022;140;139.78;140.24;138;139.3095513937282;2296;319854.73;22/04/2022;148.5
22/04/2022;151.09;148.5;151.09;148.5;148.7399716713881;353;52505.21;21/04/2022;154.7
21/04/2022;152.8;154.7;155;152.29;154.02290983606557;3660;563723.85;20/04/2022;151.65
20/04/2022;148;151.65;152.2;147.2;151.02792263691452;17657;2666700.03;19/04/2022;145.19
19/04/2022;143.2;145.19;145.3;143.2;144.51067868359962;7323;1058251.7;18/04/2022;142
18/04/2022;145;142;145;141.3;142.58858585858587;396;56465.08;13/04/2022;144.5
13/04/2022;143.2;144.5;146;143.2;144.88557913887206;1649;238916.32;12/04/2022;145.2
12/04/2022;150;145.2;150;145;148.39190169491525;2950;437756.11;11/04/2022;150
11/04/2022;147.4;150;150.11;147.13;148.52558681672025;2488;369531.66;08/04/2022;146.11
08/04/2022;149.5;146.11;151.3;145.9;148.2105946974847;36775;5450444.62;07/04/2022;159.25
07/04/2022;162.22;159.25;162.22;157.35;159.65828374860544;5378;858642.25;06/04/2022;161
06/04/2022;163.9;161;166;161;162.78609278626976;7458;1214058.68;05/04/2022;167.91
05/04/2022;170;167.91;170;167.91;168.71116504854368;309;52131.75;04/04/2022;169.51
04/04/2022;170.27;169.51;170.8;169.25;170.10611282972425;30063;5113900.07;01/04/2022;170.36
01/04/2022;173.02;170.36;173.02;169.55;170.92189781021898;7261;1241063.9;31/03/2022;172.72
31/03/2022;173.5;172.72;173.75;171.44;172.21003127860848;13108;2257329.09;30/03/2022;174
30/03/2022;178.9;174;181.4;173;178.21330049261084;16849;3002715.9;29/03/2022;176.72
29/03/2022;178.71;176.72;179.51;176.68;177.34338009171836;11121;1972235.73;28/03/2022;176.92
28/03/2022;174.57;176.92;177.54;174.57;176.42875;1032;182074.47;25/03/2022;176.44
25/03/2022;178.27;176.44;178.8;175.96;176.32514449291168;3668;646760.63;24/03/2022;174
24/03/2022;176.2;174;177.3;174;177.2879165600322;218816;38793432.75;23/03/2022;177.45
23/03/2022;173.2;177.45;177.45;173.2;176.07445056538128;20694;3643684.68;22/03/2022;174.5
22/03/2022;171.5;174.5;174.57;171.5;173.9996545212175;9002;1566344.89;21/03/2022;169.49
21/03/2022;170;169.49;171.33;169.36;170.86671062271063;1365;233233.06;18/03/2022;167.89
18/03/2022;167.42;167.89;168.26;165.85;167.71384733606558;3904;654754.86;17/03/2022;168.63
17/03/2022;167.51;168.63;170.25;167.2;169.05418197725282;2286;386457.86;16/03/2022;167.55
16/03/2022;167.8;167.55;168.76;166.1;167.6206548906513;8322;1394939.09;15/03/2022;161.9
15/03/2022;162.35;161.9;164;161.2;162.9966892829607;6485;1057033.53;14/03/2022;163
14/03/2022;162;163;165.94;162;163.21705399748848;11945;1949627.71;11/03/2022;161.4
11/03/2022;162.55;161.4;163.55;160.25;161.21825701943845;4630;746440.53;10/03/2022;160.46
10/03/2022;159.85;160.46;160.46;158.5;160.10159427059008;6423;1028332.54;09/03/2022;162.55
09/03/2022;159.3;162.55;162.66;159.3;161.52335946924003;8290;1339028.65;08/03/2022;154.21
08/03/2022;150.4;154.21;155.2;150.24;152.76735095027337;7682;1173558.79;07/03/2022;147.67
07/03/2022;148.68;147.67;148.68;147.67;148.52351778656126;4554;676376.1;04/03/2022;154
04/03/2022;154.05;154;156.49;154;155.00046457607434;861;133455.4;03/03/2022;155.8
03/03/2022;155.5;155.8;156;155.45;155.74653179190753;692;107776.6;02/03/2022;153
02/03/2022;151.82;153;153;151.03;151.94597112860893;762;115782.83;01/03/2022;148.8
01/03/2022;151.5;148.8;152.88;148.8;151.0490867992767;1106;167060.29;28/02/2022;150
28/02/2022;146.47;150;150;146.47;149.18073800738009;271;40427.98;25/02/2022;150.3
25/02/2022;148;150.3;150.35;148;149.3530309139785;1488;222237.31;24/02/2022;144.26
24/02/2022;142.92;144.26;145;142.8;143.536220992777;6507;933990.19;23/02/2022;150.63
23/02/2022;151.46;150.63;153.18;150.63;151.34339808726838;3346;506395.01;22/02/2022;151.8
22/02/2022;152.48;151.8;154;151.02;152.0734515289525;3074;467473.79;21/02/2022;155
21/02/2022;155;155;155;155;155;34;5270;18/02/2022;155
18/02/2022;155.71;155;155.71;155;155.25303189624958;5706;885873.8;17/02/2022;154.8
17/02/2022;155.4;154.8;156;154.4;155.65549060542796;1916;298235.92;16/02/2022;158.12
16/02/2022;160;158.12;160;158.12;159.28079857397506;11220;1787130.56;15/02/2022;160
15/02/2022;156.78;160;160;155.39;158.2042616179002;2905;459583.38;14/02/2022;154
14/02/2022;155.43;154;156.83;153;153.49056890012642;3955;607055.2;11/02/2022;153.9
11/02/2022;155.58;153.9;158.01;153.01;156.7235083415113;2038;319402.51;10/02/2022;154
10/02/2022;150;154;157.3;150;154.71437942869795;18064;2794760.55;09/02/2022;151
09/02/2022;147;151;153.35;147;151.33731016545048;13841;2094659.71;08/02/2022;145.81
08/02/2022;138;145.81;152.8;138;146.7748050764013;27421;4024711.93;07/02/2022;135.3
07/02/2022;135.23;135.3;135.3;134.9;134.98861695347355;1569;211797.14;04/02/2022;135.5
04/02/2022;135.6;135.5;135.6;135.01;135.54428030303032;2640;357836.9;03/02/2022;134.9
03/02/2022;136.24;134.9;136.24;134.8;134.948384279476;1145;154515.9;02/02/2022;136
02/02/2022;138.3;136;138.3;134;135.49747269890796;641;86853.88;01/02/2022;139.55
01/02/2022;140.93;139.55;143;139.55;140.55136275460717;4124;579633.82;31/01/2022;142.9
31/01/2022;141.13;142.9;143.58;141.13;142.59161297159812;9436;1345494.46;28/01/2022;138.82
28/01/2022;136.18;138.82;138.82;136.18;138.2214318975553;859;118732.21;27/01/2022;135.2
27/01/2022;138.5;135.2;138.5;135.2;137.06528028933093;553;75797.1;26/01/2022;135.86
26/01/2022;138.8;135.86;139.1;134.46;135.79007707129094;1038;140950.1;25/01/2022;138.67
25/01/2022;134.52;138.67;138.82;134.52;137.14187788018432;868;119039.15;24/01/2022;137.66
24/01/2022;134.9;137.66;137.66;133.5;134.68033230859317;6831;920001.35;21/01/2022;136.67
21/01/2022;138.75;136.67;138.77;136.6;137.77011555708864;5798;798791.13;20/01/2022;141.43
20/01/2022;143.27;141.43;144.32;141.23;142.8194814814815;3915;559138.27;19/01/2022;142
19/01/2022;143.1;142;143.1;142;142.6082039614561;3736;532784.25;18/01/2022;143.77
18/01/2022;144.1;143.77;144.29;142.95;143.4500720461095;2776;398217.4;17/01/2022;145
17/01/2022;143.27;145;145;143;143.30435424354243;271;38835.48;14/01/2022;144.79
14/01/2022;144.8;144.79;145.03;143.81;144.57110456966637;3567;515685.13;13/01/2022;145.65
13/01/2022;143;145.65;146.3;143;145.4340708081074;7598;1105008.07;12/01/2022;143.29
12/01/2022;139.5;143.29;143.29;139.5;142.05752808988765;1513;214933.04;11/01/2022;138.3
11/01/2022;133;138.3;138.5;132.88;136.2732574460801;5842;796108.37;10/01/2022;131.8
10/01/2022;133.94;131.8;133.94;131.44;131.77533936651582;2431;320345.85;07/01/2022;134.5
07/01/2022;134.5;134.5;135;133.61;134.68021000512206;5857;788821.99;06/01/2022;132.2
06/01/2022;131.43;132.2;133.35;129.7;130.84959365752397;22641;2962565.65;05/01/2022;129.54
05/01/2022;128.91;129.54;130.9;128.91;130.3222818086225;11412;1487237.88;04/01/2022;128.5
04/01/2022;125.9;128.5;128.5;125.9;127.04221278497988;2237;284193.43;03/01/2022;123.7
03/01/2022;124.03;123.7;124.03;123.7;123.87875000000001;240;29730.9;31/12/2021;123.78
31/12/2021;124;123.78;124;123.5;123.79824561403508;627;77621.5;30/12/2021;124
30/12/2021;123.4;124;124;123;123.7508300395257;253;31308.96;29/12/2021;121.91
29/12/2021;123.2;121.91;123.2;121.58;122.2020957309185;773;94462.22;28/12/2021;122.42
28/12/2021;121.9;122.42;122.9;121.9;122.29276007300294;7123;871091.33;27/12/2021;122.71
27/12/2021;121.8;122.71;122.71;121.5;122.22166270783848;421;51455.32;23/12/2021;120.42
24/12/2021;;;;;;;;23/12/2021;120.42
23/12/2021;119.5;120.42;120.92;119.48;119.83385199240988;3162;378914.64;22/12/2021;117.2
22/12/2021;118;117.2;118;117;117.41499493414388;987;115888.6;21/12/2021;118.7
21/12/2021;116.6;118.7;119.5;116.6;119.0871047957371;1126;134092.08;20/12/2021;115
20/12/2021;115.41;115;115.41;114.49;115.03346570397112;2770;318642.7;17/12/2021;116.7
17/12/2021;113.9;116.7;116.7;113.9;116.09;1280;148595.2;16/12/2021;114.41
16/12/2021;110.05;114.41;114.8;110.05;112.76158534269983;5267;593915.27;15/12/2021;109.02
15/12/2021;109.5;109.02;109.5;108.5;108.90822776711452;1563;170223.56;14/12/2021;109.69
14/12/2021;110.5;109.69;110.5;108.7;109.53952280130294;6140;672572.67;13/12/2021;110.2
13/12/2021;111.14;110.2;112;110;110.85148517258143;4114;456043.01;10/12/2021;112.5
10/12/2021;113;112.5;113.33;112.15;112.68319025522042;1724;194265.82;09/12/2021;114.76
09/12/2021;114.13;114.76;115.7;114;114.55474145208949;9476;1085520.73;07/12/2021;116.9
07/12/2021;116.8;116.9;117.41;116.8;117.06654129190515;1223;143172.38;06/12/2021;115.02
06/12/2021;115.48;115.02;116.38;114.8;114.94353156450137;7651;879432.96;03/12/2021;113.35
03/12/2021;115.19;113.35;115.19;113.35;113.96929083094557;1396;159101.13;02/12/2021;115.5
02/12/2021;114.4;115.5;116.06;114.4;115.51860937500001;1280;147863.82;01/12/2021;113.4
01/12/2021;119.5;113.4;119.5;113.4;115.53180842279107;2422;279818.04;30/11/2021;117.4
30/11/2021;117.65;117.4;118.5;115.85;118.05292856355419;18142;2141716.23;29/11/2021;118.71
29/11/2021;117;118.71;118.71;116.69;117.19490318345913;3047;357092.87;26/11/2021;116.8
26/11/2021;117.23;116.8;117.81;114;115.72923819328273;7771;899331.91;25/11/2021;120
25/11/2021;120;120;120;120;120;133;15960;24/11/2021;121.55
24/11/2021;120.25;121.55;121.55;119.7;120.61930860033726;593;71527.25;23/11/2021;120.1
23/11/2021;119.17;120.1;120.1;118.9;119.52723577235773;492;58807.4;22/11/2021;118.5
22/11/2021;120.55;118.5;120.55;118.5;119.06598984771574;2561;304928;19/11/2021;120.29
19/11/2021;120;120.29;121;119.45;120.28084313576686;13177;1584940.67;18/11/2021;120.9
18/11/2021;120.3;120.9;120.9;120.3;120.61120331950207;482;58134.6;17/11/2021;120.2
17/11/2021;122.89;120.2;122.89;120.2;121.39643564356436;606;73566.24;16/11/2021;126.9
16/11/2021;125.84;126.9;126.9;125.84;126.38090692124105;419;52953.6;15/11/2021;126.7
15/11/2021;127.05;126.7;128.5;126.7;127.4595061728395;324;41296.88;12/11/2021;127.9
12/11/2021;126.89;127.9;127.9;126.89;127.5107843137255;102;13006.1;11/11/2021;127.84
11/11/2021;126.25;127.84;128.1;126.25;127.03047560975608;2460;312494.97;10/11/2021;125.9
10/11/2021;124.7;125.9;126.45;124.7;125.81124999999999;1056;132856.68;09/11/2021;125.9
09/11/2021;125;125.9;125.9;125;125.40158839779005;724;90790.75;08/11/2021;127.48
08/11/2021;126.8;127.48;127.81;126.8;127.5153785488959;634;80844.75;05/11/2021;127.43
05/11/2021;127.7;127.43;127.7;126.91;127.02700840336135;595;75581.07;04/11/2021;127.45
04/11/2021;128.5;127.45;129;127;127.7386880733945;3270;417705.51;03/11/2021;130.4
03/11/2021;131.6;130.4;131.6;129.92;130.78896882494004;417;54539;02/11/2021;131.88
02/11/2021;134.05;131.88;134.23;131.38;133.16904449565678;5641;751206.58;29/10/2021;129.95
29/10/2021;130.24;129.95;130.25;129.95;130.18442307692305;520;67695.9;28/10/2021;132.11
28/10/2021;130.25;132.11;132.11;130.25;130.57303656597776;1887;246391.32;27/10/2021;130.2
27/10/2021;127.85;130.2;130.44;127.85;129.4627802690583;446;57740.4;26/10/2021;129.15
26/10/2021;130.3;129.15;130.3;128.46;129.44873379506302;5631;728925.82;25/10/2021;130.7
25/10/2021;130.66;130.7;131.04;130.6;130.78430971512051;1369;179043.72;22/10/2021;130.88
22/10/2021;132.29;130.88;132.35;130.66;131.12494936708862;1580;207177.42;21/10/2021;132.66
21/10/2021;131.3;132.66;132.75;131.3;132.4108650519031;1156;153066.96;20/10/2021;131.32
20/10/2021;131.22;131.32;132.1;130.8;131.03931767023073;7108;931427.47;19/10/2021;133
19/10/2021;133.6;133;134.48;133;133.6055076495132;1438;192124.72;18/10/2021;133.09
18/10/2021;133.4;133.09;133.4;132.2;132.77259816207183;1197;158928.8;15/10/2021;134.5
15/10/2021;131.5;134.5;134.5;131.5;133.40709134615383;832;110994.7;14/10/2021;128.57
14/10/2021;129.2;128.57;129.25;128.57;128.81333646175503;4262;549002.44;13/10/2021;129.58
13/10/2021;129.75;129.58;129.75;129.43;129.48837451949478;5463;707394.99;12/10/2021;130
12/10/2021;129.72;130;130.32;128.7;129.6359420289855;2001;259401.52;11/10/2021;128.74
11/10/2021;126.67;128.74;128.74;126.67;128.04674846625767;2934;375689.16;07/10/2021;126
07/10/2021;124;126;126;122.35;124.51810145835198;11177;1391738.82;06/10/2021;115
06/10/2021;112.5;115;115;112.5;113.81916910473961;3418;389033.92;05/10/2021;113.33
05/10/2021;112;113.33;113.57;111.5;113.00260021668471;923;104301.4;04/10/2021;110.5
04/10/2021;112.45;110.5;112.45;110.5;111.41737089201878;213;23731.9;01/10/2021;113.55
01/10/2021;110.78;113.55;113.9;110.78;113.36250820269777;2743;310953.36;30/09/2021;112
30/09/2021;114.67;112;114.67;111.95;112.40987951807229;415;46650.1;29/09/2021;113.34
29/09/2021;114.66;113.34;114.68;111.26;113.1531174631532;4478;506699.66;28/09/2021;114
28/09/2021;113.5;114;114;113.5;113.87414828718912;2131;242665.81;27/09/2021;113.8
27/09/2021;110.04;113.8;115;110.04;113.2528103448276;2320;262746.52;24/09/2021;109.66
24/09/2021;109;109.66;109.74;108.59;109.02193423597679;517;56364.34;23/09/2021;108.02
23/09/2021;106.38;108.02;108.02;106.38;107.48217295873575;2278;244844.39;22/09/2021;106.5
22/09/2021;105.6;106.5;106.57;105.6;105.74325786163521;795;84065.89;21/09/2021;104.42
21/09/2021;105.08;104.42;105.08;104.42;104.87684161634928;2153;225799.84;20/09/2021;103.82
20/09/2021;104.32;103.82;104.32;103.78;103.86439834024897;723;75093.96;17/09/2021;107
17/09/2021;105.85;107;107.3;105.8;106.78094728601253;3832;409184.59;16/09/2021;105.44
16/09/2021;104.84;105.44;105.44;104.84;104.99110771581358;1309;137433.36;15/09/2021;106.32
15/09/2021;106.15;106.32;106.32;105.96;106.0543795620438;274;29058.9;14/09/2021;106.1
14/09/2021;106.1;106.1;106.1;106.1;106.0753448275862;174;18457.11;13/09/2021;106.08
13/09/2021;106.25;107.3;107.8;106.25;107.25287122207621;1522;163238.87;10/09/2021;104
10/09/2021;105.46;104;106.76;104;105.44044646235338;2643;278679.1;09/09/2021;104.6
09/09/2021;102.76;104.6;105;102.76;103.56734939759036;1328;137537.44;08/09/2021;104.06
08/09/2021;103.66;104.06;104.06;103.28;103.79811204911742;1303;135248.94;07/09/2021;105.02
07/09/2021;106.19;105.02;106.19;105.02;105.54152121697356;1249;131821.36;06/09/2021;104
06/09/2021;104;104;104;104;104;75;7800;03/09/2021;104.44
03/09/2021;105.6;104.44;105.6;104;104.55471544715446;1353;141462.53;02/09/2021;104.15
02/09/2021;104.17;104.15;105.5;104.15;104.89532082922014;1013;106258.96;01/09/2021;104.9
01/09/2021;107.72;104.9;107.72;104.9;105.7160153256705;522;55183.76;31/08/2021;106.61
31/08/2021;104.87;106.61;106.61;104.87;105.96434127979924;797;84453.58;27/08/2021;103.75
27/08/2021;104.89;103.75;105.4;103.04;103.61623587570621;1416;146720.59;26/08/2021;102.76
26/08/2021;105;102.76;105;102.08;103.07439534883721;1290;132965.97;25/08/2021;105
25/08/2021;103.2;105;105;102.47;104.19663826998689;3052;318008.14;24/08/2021;103.28
24/08/2021;100.97;103.28;103.29;100;101.13995127892812;821;83035.9;23/08/2021;99.9
23/08/2021;96.9;99.9;99.9;96.9;98.54054093567251;4104;404410.38;20/08/2021;94.55
20/08/2021;93.8;94.55;94.55;93.59;94.0608713692946;241;22668.67;19/08/2021;93.07
19/08/2021;90.53;93.07;93.07;89;90.90751861042185;3224;293085.84;18/08/2021;93
18/08/2021;96.53;93;96.53;93;94.66701264880952;2688;254464.93;17/08/2021;96.91
17/08/2021;100.5;96.91;100.5;95;96.69945222929937;7065;683181.63;16/08/2021;100.94
16/08/2021;99.9;100.94;101;99.9;100.73867528271406;2476;249428.96;13/08/2021;101.78
13/08/2021;106.31;101.78;106.31;101.78;104.58253797158255;4082;426905.92;12/08/2021;103.1
12/08/2021;103.1;103.1;103.1;103.1;103.1104;250;25777.6;11/08/2021;104.85
11/08/2021;104.95;104.85;105.31;104.85;104.91269607843137;816;85608.76;10/08/2021;106.06
10/08/2021;105.36;106.06;106.06;105;105.9434879406308;539;57103.54;09/08/2021;103.49
09/08/2021;103.44;103.49;103.6;103.1;103.47703925482368;1503;155525.99;06/08/2021;102.76
06/08/2021;103.5;102.76;103.5;101.92;102.73993169398908;1464;150411.26;05/08/2021;101.46
05/08/2021;100.7;101.46;101.46;100.7;101.22687224669603;227;22978.5;04/08/2021;100.5
04/08/2021;101.5;100.5;101.93;100.09;100.50953001395999;2149;215994.98;03/08/2021;101.47
03/08/2021;105.91;101.47;105.91;101.47;103.27656821963394;2404;248276.87;02/08/2021;103.85
02/08/2021;109.02;103.85;109.53;103.85;105.7298536585366;3895;411817.78;30/07/2021;101.29
30/07/2021;115.53;101.29;115.53;99.5;102.13372007591992;16333;1668150.05;27/07/2021;121
27/07/2021;120.64;121;121.15;119.88;120.65034876140808;3068;370155.27;26/07/2021;120.76
26/07/2021;120.7;120.76;121.01;120.4;120.80028646517741;3805;459645.09;23/07/2021;119.06
23/07/2021;121.36;119.06;121.36;118.28;118.50808863025962;4468;529494.14;22/07/2021;122
22/07/2021;122.3;122;122.8;121.95;122.44512446873102;3294;403334.24;21/07/2021;122.04
21/07/2021;119;122.04;122.3;118.98;120.13317487590683;5238;629257.57;20/07/2021;118.35
20/07/2021;117;118.35;118.5;117;118.3278388507183;3202;378885.74;19/07/2021;116.46
19/07/2021;116.67;116.46;116.8;116;116.38045928213046;2591;301541.77;16/07/2021;119
16/07/2021;118.3;119;120.9;118.3;118.74798771121353;2604;309219.76;15/07/2021;117.9
15/07/2021;118.2;117.9;118.23;117.9;117.92359717314488;1415;166861.89;14/07/2021;118.89
14/07/2021;118.94;118.89;118.94;118.27;118.85780834479597;2181;259228.88;13/07/2021;119.54
13/07/2021;120.05;119.54;120.66;119.31;120.12167168674698;664;79760.79;12/07/2021;120.15
12/07/2021;119.4;120.15;120.41;118.64;119.55904030710172;2084;249161.04;09/07/2021;119.22
09/07/2021;120;119.22;120;119;119.10697582243361;50460;6010138;08/07/2021;119
08/07/2021;119.06;119;119.06;118;118.64680272108843;4557;540673.48;07/07/2021;119.48
07/07/2021;118.82;119.48;119.67;118.18;119.25209509658247;2019;240769.98;06/07/2021;120
06/07/2021;120.45;120;121.16;120;120.70946390882227;2369;285960.72;05/07/2021;123
05/07/2021;123;123;123;123;123;170;20910;02/07/2021;121.16
02/07/2021;119.48;121.16;121.16;119.48;120.15655786350149;674;80985.52;01/07/2021;120.9
01/07/2021;121.95;120.9;122.15;120.83;121.77124758354046;14484;1763734.75;30/06/2021;121.22
30/06/2021;122;121.22;122.45;120.48;121.78158470579139;25866;3150002.47;28/06/2021;123.75
28/06/2021;119.39;123.75;123.75;119.39;122.9424048010288;13997;1720824.84;25/06/2021;119.12
25/06/2021;119.3;119.12;119.3;118.34;118.84174589397783;14978;1780011.67;24/06/2021;118.41
24/06/2021;116.73;118.41;118.41;116.73;117.7237427095484;18003;2119380.54;23/06/2021;116.21
23/06/2021;118.58;116.21;119;116.21;117.16602368866327;3546;415470.72;22/06/2021;116.01
22/06/2021;116;116.01;116.76;115;115.83685126582279;1896;219626.67;21/06/2021;116.27
21/06/2021;115.5;116.27;116.34;115.42;115.77581691772886;2589;299743.59;18/06/2021;115.8
18/06/2021;118;115.8;118.14;115.8;116.40068184354425;8961;1043066.51;17/06/2021;120.12
17/06/2021;118.86;120.12;120.4;118.63;119.39713327938966;8651;1032904.6;16/06/2021;118.37
16/06/2021;119;118.37;119;117.71;118.45004931313844;2839;336279.69;15/06/2021;120.66
15/06/2021;122;120.66;122.75;120.44;121.3757593027154;2983;362063.89;14/06/2021;122.29
14/06/2021;124.6;122.29;124.77;122.29;123.7359783751314;6659;823957.88;11/06/2021;125
11/06/2021;125.7;125;126.14;124.61;125.31134281678773;9912;1242086.03;10/06/2021;125.44
10/06/2021;126.44;125.44;130.86;125.44;128.66431990881458;7896;1015933.47;09/06/2021;125.8
09/06/2021;129;125.8;129;123.81;125.5064336513022;41199;5170739.56;08/06/2021;133.75
08/06/2021;133.28;133.75;134.33;133.15;133.34450411180958;101172;13490730.17;07/06/2021;134
07/06/2021;140;134;140.15;132;135.3006525093021;44076;5963511.56;04/06/2021;149.9
04/06/2021;143.9;149.9;150.06;143.47;147.68116400320102;41237;6089928.16;03/06/2021;142
03/06/2021;141.9;142;142.1;140;140.5053365057784;82376;11574267.6;02/06/2021;141.3
02/06/2021;139.25;141.3;142.02;138;140.10753091614652;42777;5993379.85;01/06/2021;138.2
01/06/2021;140;138.2;140.25;137.07;138.43890964748184;82322;11396567.92;31/05/2021;138
31/05/2021;138;138;140;124;138.66351351351352;888;123133.2;28/05/2021;137.5
28/05/2021;135.77;137.5;142.94;135.77;139.75209770896083;91967;12852581.17;27/05/2021;131.1
27/05/2021;131.25;131.1;132.6;130.15;131.08255838328256;61062;8004163.18;26/05/2021;129.8
26/05/2021;129.18;129.8;130.63;129.18;129.84436130174893;22585;2932534.9;25/05/2021;130.22
25/05/2021;131.67;130.22;132;130.22;130.78990423717696;15246;1994022.88;24/05/2021;132.03
24/05/2021;132;132.03;132.95;130.85;131.75743366296325;127719;16827927.67;21/05/2021;135.4
21/05/2021;134.39;135.4;135.59;130.99;133.99319863430148;85524;11459634.32;20/05/2021;138.11
20/05/2021;139.65;138.11;139.66;138.11;138.79641547580758;21763;3020626.39;19/05/2021;139.34
19/05/2021;138.13;139.34;139.96;137.5;138.8017064675621;49957;6934116.85;18/05/2021;140.75
18/05/2021;144.3;140.75;144.45;140.44;141.94959707757494;50506;7169306.35;17/05/2021;144.29
17/05/2021;146.1;144.29;146.1;142.36;144.68648340134553;36268;5247489.38;14/05/2021;146
14/05/2021;144.08;146;146;142.33;144.02292092403374;9004;1296782.38;13/05/2021;142
13/05/2021;141;142;144.45;141;143.54570537940862;16842;2417596.77;12/05/2021;139.85
12/05/2021;135.74;139.85;142.47;135.49;139.5509453937593;32304;4508053.74;11/05/2021;133.49
11/05/2021;131.85;133.49;133.55;131.5;133.01167510927144;34547;4595154.34;10/05/2021;133.2
10/05/2021;123.44;133.2;133.58;122.77;130.86515300205193;44836;5867470;07/05/2021;121.4
07/05/2021;121.03;121.4;122.53;120;120.76406322255582;28977;3499380.26;06/05/2021;116.25
06/05/2021;116;116.25;116.25;113.97;114.79961250505869;9884;1134679.37;05/05/2021;116.41
05/05/2021;117.8;116.41;117.8;115.83;116.45408797982628;7138;831249.28;04/05/2021;117.54
04/05/2021;120;117.54;120;117;117.70214863303812;2597;305672.48;03/05/2021;119.5
03/05/2021;120;119.5;120.6;119.01;119.32344093970758;12174;1452643.57;30/04/2021;119.8
30/04/2021;120.43;119.8;121;119.8;120.21287237428389;6284;755417.69;29/04/2021;120.65
29/04/2021;119.63;120.65;120.77;119.25;119.82631170180117;42361;5075962.39;28/04/2021;120.45
28/04/2021;120.5;120.45;121.57;119.99;120.843736294395;71686;8662804.08;27/04/2021;121.56
27/04/2021;122.13;121.56;122.13;121.15;121.22833153992136;51113;6196343.71;26/04/2021;121.3
26/04/2021;120.8;121.3;121.73;118.37;120.04147810352582;95609;11477045.68;23/04/2021;120
23/04/2021;121.8;120;122.49;118.79;119.71636871846374;82643;9893719.86;22/04/2021;123.17
22/04/2021;124.46;123.17;124.46;122.29;122.73905367443254;53396;6553774.51;21/04/2021;125.25
21/04/2021;125;125.25;126.59;123.47;124.28621596930385;98514;12243932.28;20/04/2021;126.84
20/04/2021;129.2;126.84;129.72;126.49;127.17344843671506;83606;10632463.33;19/04/2021;134.25
19/04/2021;138.7;134.25;138.7;134;136.05198485258316;36970;5029841.88;16/04/2021;140.45
16/04/2021;142;140.45;142;139.5;140.8485790534092;28291;3984747.15;15/04/2021;141.91
15/04/2021;140.98;141.91;142.16;140.14;141.383824;2500;353459.56;14/04/2021;143.5
14/04/2021;145.86;143.5;145.86;142.83;144.1084859813084;4280;616784.32;13/04/2021;144.92
13/04/2021;145.5;144.92;146.51;144.6;145.57039028275588;10044;1462109;12/04/2021;147.06
12/04/2021;142;147.06;147.06;141.27;144.6421993919184;20392;2949543.73;09/04/2021;150.2
09/04/2021;153.08;150.2;153.08;149.41;151.2881352259183;9229;1396238.2;08/04/2021;153
08/04/2021;148.94;153;153.25;148.94;152.38535904255318;6768;1031344.11;07/04/2021;144.5
07/04/2021;146.82;144.5;147.3;144.17;145.7955499616008;11719;1708578.05;06/04/2021;146.33
06/04/2021;139.68;146.33;146.33;139.68;142.94729131808887;5379;768913.48;05/04/2021;140.21
05/04/2021;137.6;140.21;140.21;137.6;139.1472762201454;9630;1339988.27;31/03/2021;137.4
