Fecha de cotización;Apertura;Cierre;Máximo;Mínimo;Promedio;Cantidad negociada;Monto negociado (S/);Fecha anterior;Cierre anterior corregido
19/05/2026;1.82;1.819;1.82;1.8;1.8149190688144694;28308;51376.729;18/05/2026;1.801
18/05/2026;1.799;1.801;1.82;1.799;1.7995278908260253;152344;274147.277;15/05/2026;1.795
15/05/2026;1.75;1.795;1.8;1.75;1.7939490401931109;130495;234101.38;14/05/2026;1.79
14/05/2026;1.85;1.79;1.85;1.76;1.7896341678516205;514788;921282.194;13/05/2026;1.81
13/05/2026;1.86;1.81;1.86;1.81;1.8383159937888198;25760;47355.02;12/05/2026;1.831
12/05/2026;1.82;1.831;1.86;1.82;1.8245981047982986;122731;223934.75;11/05/2026;1.86
11/05/2026;1.85;1.86;1.87;1.83;1.860752516203509;83161;154742.04;08/05/2026;1.849
08/05/2026;1.86;1.849;1.89;1.85;1.8562800092578955;95054;176446.84;07/05/2026;1.84
07/05/2026;1.86;1.84;1.86;1.84;1.8430233188475196;221366;407982.7;06/05/2026;1.838
06/05/2026;1.81;1.838;1.85;1.81;1.829179378812647;250810;458776.48;05/05/2026;1.81
05/05/2026;1.79;1.81;1.82;1.78;1.801905990395929;366303;660043.57;04/05/2026;1.812
04/05/2026;1.8;1.812;1.85;1.8;1.8264558338458825;385329;703786.4;30/04/2026;1.825
30/04/2026;1.83;1.825;1.83;1.8;1.814047059296119;199153;361272.914;29/04/2026;1.84
29/04/2026;1.87;1.84;1.88;1.8;1.8058947753025585;1289089;2327959.09;28/04/2026;1.842
28/04/2026;1.85;1.842;1.9;1.75;1.8196671258845831;169854;309077.74;27/04/2026;1.887
27/04/2026;1.96;1.887;1.96;1.88;1.903117263731338;116012;220784.44;24/04/2026;1.92
24/04/2026;1.94;1.92;1.94;1.91;1.927264919273895;69742;134411.31;23/04/2026;1.96
23/04/2026;1.94;1.96;1.96;1.94;1.9339911061700945;21588;41751;22/04/2026;1.99
22/04/2026;1.94;1.99;1.99;1.94;1.9675122067975108;20890;41101.33;21/04/2026;1.92
21/04/2026;1.93;1.92;1.93;1.91;1.9201903472386397;139587;268033.61;20/04/2026;1.92
20/04/2026;1.92;1.92;1.92;1.92;1.9200188646471665;247553;475306.43;17/04/2026;1.92
17/04/2026;1.95;1.92;1.95;1.89;1.9095187468616799;529742;1011552.28;16/04/2026;1.99
16/04/2026;1.9;1.99;2;1.9;1.921671956375327;1167046;2242679.57;15/04/2026;1.85
15/04/2026;1.8;1.85;1.91;1.8;1.853322089940047;375628;696159.67;14/04/2026;1.96
14/04/2026;2.05;2.08;2.08;2.04;2.0640490235650337;810141;1672170.74;13/04/2026;2.04
13/04/2026;2.07;2.04;2.1;2.04;2.069964983690233;1197442;2478663.01;10/04/2026;2.05
10/04/2026;2.07;2.05;2.07;2.05;2.0591688253787677;130093;267883.45;09/04/2026;2.06
09/04/2026;2.07;2.06;2.07;2.06;2.0662912726709037;64510;133296.45;08/04/2026;2.06
08/04/2026;2.08;2.06;2.09;2.06;2.069141563118884;119671;247616.24;07/04/2026;2.06
07/04/2026;2.05;2.06;2.06;2.03;2.0430434012730543;107301;219220.6;06/04/2026;2.08
06/04/2026;2.05;2.08;2.08;2.05;2.05983661848445;45660;94052.14;01/04/2026;2.02
01/04/2026;2.03;2.02;2.04;2.01;2.0284980506486336;115936;235175.95;31/03/2026;2.03
31/03/2026;1.98;2.03;2.1;1.98;2.007076930164938;390692;784148.9;30/03/2026;2.02
30/03/2026;2.01;2.02;2.1;2.01;2.018814367138365;366336;739564.38;27/03/2026;2
27/03/2026;2.1;2;2.1;2;2.0675768883100636;233423;482620;26/03/2026;2.06
26/03/2026;2.05;2.06;2.1;2.05;2.0809875722854785;55682;115873.55;25/03/2026;2.03
25/03/2026;2.06;2.03;2.06;2.03;2.0454663421569457;82997;169767.57;24/03/2026;2
24/03/2026;1.96;2;2;1.95;1.9515819257606082;1849638;3609720.09;23/03/2026;1.9
23/03/2026;1.94;1.9;1.94;1.89;1.9021044375484117;410542;780893.76;20/03/2026;1.9
20/03/2026;1.91;1.9;2;1.9;1.9077714464132385;678983;1295344.38;19/03/2026;1.91
19/03/2026;1.96;1.91;1.99;1.91;1.9580345494521536;219222;429244.25;18/03/2026;2
18/03/2026;2;2;2;1.95;1.9676355229321332;1650348;3247283.35;17/03/2026;2
17/03/2026;2.01;2;2.03;1.94;1.9999221225322936;525184;1050327.1;16/03/2026;2
16/03/2026;2.05;2;2.05;1.99;2.0472758015787935;1846980;3781277.46;13/03/2026;2.05
13/03/2026;2.01;2.05;2.05;2.01;2.031479125469548;251838;511603.64;12/03/2026;2.02
12/03/2026;2.02;2.02;2.07;2.02;2.022359383711176;383846;776274.56;11/03/2026;2.05
11/03/2026;2.01;2.05;2.05;2.01;2.0466448998644333;201377;412147.21;10/03/2026;2.01
10/03/2026;2.02;2.01;2.03;2.01;2.0195865989699247;218819;441923.92;09/03/2026;2.02
09/03/2026;2.02;2.02;2.03;2.02;2.022487565919372;120033;242765.25;06/03/2026;2.05
06/03/2026;2.05;2.05;2.05;2.05;2.051903639203888;69136;141860.41;05/03/2026;2.03
05/03/2026;2.05;2.03;2.05;2.01;2.030389240506329;467680;949572.44;04/03/2026;2.08
04/03/2026;2.1;2.08;2.1;2.07;2.0850540975298033;45381;94621.84;03/03/2026;2.07
03/03/2026;2.07;2.07;2.08;2.01;2.0550974855901765;119710;246015.72;02/03/2026;2.07
02/03/2026;2.13;2.07;2.13;2.07;2.07371991285654;2223001;4609881.44;27/02/2026;2.09
27/02/2026;2.09;2.09;2.1;2.07;2.0984336396253185;269242;564986.47;26/02/2026;2.09
26/02/2026;2.09;2.09;2.09;2.07;2.089964924317139;116605;243700.36;25/02/2026;2.09
25/02/2026;2.06;2.09;2.1;2.06;2.0895844698647905;374678;782921.33;24/02/2026;2.07
24/02/2026;2.09;2.07;2.09;2.07;2.0804925999618415;366890;763311.93;23/02/2026;2.09
23/02/2026;2.08;2.09;2.11;2.08;2.091871186815007;181115;378869.25;20/02/2026;2.11
20/02/2026;2.1;2.11;2.11;2.09;2.1069343512455165;151945;320138.14;19/02/2026;2.11
19/02/2026;2.09;2.11;2.11;2.09;2.09166596456449;80710;168818.36;18/02/2026;2.08
18/02/2026;2.15;2.08;2.15;2.08;2.109363202430028;165924;349993.98;17/02/2026;2.15
17/02/2026;2.17;2.15;2.17;2.15;2.1594558634174255;83876;181126.52;16/02/2026;2.15
16/02/2026;2.18;2.15;2.18;2.15;2.167592256632446;46853;101558.2;13/02/2026;2.17
13/02/2026;2.18;2.17;2.18;2.17;2.1721185756070382;107695;233926.31;12/02/2026;2.18
12/02/2026;2.18;2.18;2.19;2.16;2.176515437415066;231062;502910.01;11/02/2026;2.19
11/02/2026;2.18;2.19;2.2;2.17;2.1901514908624558;224568;491837.94;10/02/2026;2.15
10/02/2026;2.16;2.15;2.16;2.11;2.1483772358943063;293339;630202.83;09/02/2026;2.16
09/02/2026;2.15;2.16;2.16;2.14;2.1590502506306812;1461912;3156341.47;06/02/2026;2.16
06/02/2026;2.16;2.16;2.18;2.13;2.147679403455993;218056;468314.38;05/02/2026;2.14
05/02/2026;2.15;2.14;2.15;2.12;2.1330396684277177;156346;333492.22;04/02/2026;2.12
04/02/2026;2.11;2.12;2.12;2.1;2.1029131309880844;2001266;4208488.55;03/02/2026;2.1
03/02/2026;2.11;2.1;2.11;2.05;2.0946065343988964;585731;1226875.98;02/02/2026;2.1
02/02/2026;2.13;2.1;2.15;2.08;2.1101892866535077;330821;698094.93;30/01/2026;2.16
30/01/2026;2.17;2.16;2.2;2.12;2.151459072501633;2487875;5352561.24;29/01/2026;2.2
29/01/2026;2.16;2.2;2.2;2.15;2.171686021103082;620099;1346660.33;28/01/2026;2.15
28/01/2026;2.15;2.15;2.15;2.1;2.1475413270424344;2324628;4992234.7;27/01/2026;2.15
27/01/2026;2.13;2.15;2.15;2.1;2.1250914690991123;970765;2062964.42;26/01/2026;2.1
26/01/2026;2.1;2.1;2.12;2.08;2.112934317719933;513213;1084385.36;23/01/2026;2.08
23/01/2026;2.07;2.08;2.08;2.05;2.067152352522428;508518;1051184.18;22/01/2026;2.02
22/01/2026;2.07;2.02;2.07;2.01;2.0554618913234193;567666;1166815.83;21/01/2026;2.06
21/01/2026;2.09;2.06;2.1;2;2.0754255897764122;3765410;7814828.27;20/01/2026;2.09
20/01/2026;2.14;2.09;2.14;2.02;2.086382344131868;794614;1657868.62;19/01/2026;2.15
19/01/2026;2.11;2.15;2.15;2.1;2.1252358079294873;189243;402186;16/01/2026;2.1
16/01/2026;2.06;2.1;2.1;2.05;2.0673425277069732;750894;1552355.1;15/01/2026;2.05
15/01/2026;2.02;2.05;2.05;2.02;2.031182288192339;3160084;6418706.65;14/01/2026;2.02
14/01/2026;2.05;2.02;2.05;2;2.0014060764815444;9853959;19721773.42;13/01/2026;1.99
13/01/2026;1.95;1.99;2;1.92;1.983502840844267;657375;1303905.18;12/01/2026;1.95
12/01/2026;1.86;1.95;1.96;1.86;1.9221507864444511;648679;1246858.85;09/01/2026;1.84
09/01/2026;1.81;1.84;1.86;1.8;1.8139867827695153;1622125;2942513.31;08/01/2026;1.81
08/01/2026;1.79;1.81;1.81;1.79;1.7984687413160947;888857;1598581.53;07/01/2026;1.8
07/01/2026;1.8;1.8;1.8;1.79;1.7985808986754939;458586;824804.02;06/01/2026;1.8
06/01/2026;1.81;1.8;1.81;1.79;1.799615244889197;635859;1144301.55;05/01/2026;1.81
05/01/2026;1.81;1.81;1.81;1.8;1.8097762055733086;953509;1725637.9;02/01/2026;1.81
02/01/2026;1.8;1.81;1.81;1.8;1.8072754167061664;305911;552865.43;31/12/2025;1.8
01/01/2026;;;;;;;;;1.8
31/12/2025;1.78;1.8;1.8;1.78;1.7899339171372732;185222;331535.14;30/12/2025;1.78
30/12/2025;1.77;1.78;1.78;1.77;1.7734418949439525;577368;1023928.6;29/12/2025;1.77
29/12/2025;1.75;1.77;1.77;1.75;1.7574034849463895;182614;320926.48;26/12/2025;1.75
26/12/2025;1.7;1.75;1.75;1.7;1.7158989058572485;352879;605504.69;24/12/2025;1.66
24/12/2025;1.69;1.66;1.69;1.66;1.6746153103090635;196691;329381.76;23/12/2025;1.7
23/12/2025;1.69;1.7;1.7;1.69;1.6941304999460447;250207;423883.31;22/12/2025;1.68
22/12/2025;1.7;1.68;1.7;1.65;1.685378374146966;108583;183003.44;19/12/2025;1.7
19/12/2025;1.7;1.7;1.7;1.7;1.699754201985451;193004;328059.36;18/12/2025;1.7
18/12/2025;1.69;1.7;1.7;1.68;1.6951091313239086;562350;953244.62;17/12/2025;1.69
17/12/2025;1.69;1.69;1.7;1.68;1.6893621616062937;661249;1117089.04;16/12/2025;1.67
16/12/2025;1.62;1.67;1.67;1.62;1.6474489508339527;195155;321507.9;15/12/2025;1.62
15/12/2025;1.62;1.62;1.62;1.62;1.6190392164306595;131705;213235.56;12/12/2025;1.61
12/12/2025;1.59;1.61;1.61;1.59;1.6065418664231539;39423;63334.7;11/12/2025;1.58
11/12/2025;1.6;1.58;1.6;1.58;1.5975952533493294;1126942;1800397.19;10/12/2025;1.61
10/12/2025;1.61;1.61;1.61;1.6;1.6096981743206913;721211;1160932.03;05/12/2025;1.61
05/12/2025;1.56;1.61;1.61;1.55;1.5674777649923393;157297;246559.55;04/12/2025;1.57
04/12/2025;1.57;1.57;1.61;1.57;1.5763904836013038;510193;804263.39;03/12/2025;1.54
03/12/2025;1.53;1.54;1.54;1.53;1.536297960329819;39173;60181.4;02/12/2025;1.52
02/12/2025;1.52;1.52;1.52;1.51;1.5109024243655875;231277;349436.98;01/12/2025;1.51
01/12/2025;1.52;1.51;1.52;1.51;1.5110034601410414;1039553;1570768.18;28/11/2025;1.51
28/11/2025;1.49;1.51;1.51;1.49;1.4991084441018563;111569;167254.03;27/11/2025;1.48
27/11/2025;1.5;1.48;1.5;1.48;1.4950867455484234;328086;490517.03;26/11/2025;1.5
26/11/2025;1.49;1.5;1.5;1.47;1.4901242167437685;425627;634237.1;25/11/2025;1.5
25/11/2025;1.48;1.5;1.5;1.48;1.491978561410539;79856;119143.44;24/11/2025;1.5
24/11/2025;1.5;1.5;1.5;1.48;1.4920086077902044;324125;483597.29;21/11/2025;1.5
21/11/2025;1.51;1.5;1.51;1.49;1.4946473888649117;556080;831143.52;20/11/2025;1.5
20/11/2025;1.49;1.5;1.5;1.49;1.4933640267445145;530950;792901.63;19/11/2025;1.49
19/11/2025;1.5;1.49;1.5;1.49;1.4920091754146967;99832;148950.26;18/11/2025;1.48
18/11/2025;1.48;1.48;1.49;1.45;1.4618469817050326;280241;409669.46;17/11/2025;1.48
17/11/2025;1.5;1.48;1.5;1.48;1.4931069693349261;62775;93729.79;14/11/2025;1.5
14/11/2025;1.48;1.5;1.5;1.48;1.4950765128680732;86260;128965.3;13/11/2025;1.48
13/11/2025;1.49;1.48;1.49;1.48;1.4805159964120198;1337800;1980634.3;12/11/2025;1.48
12/11/2025;1.48;1.48;1.48;1.48;1.479991468973419;720898;1066922.89;11/11/2025;1.48
11/11/2025;1.47;1.48;1.48;1.47;1.4724014942227421;396728;584142.9;10/11/2025;1.47
10/11/2025;1.47;1.47;1.47;1.47;1.4700405600663042;272682;400853.6;07/11/2025;1.47
07/11/2025;1.46;1.47;1.47;1.46;1.4604004149277727;2492964;3640725.66;06/11/2025;1.46
06/11/2025;1.46;1.46;1.48;1.46;1.4794503221632154;7771061;11496898.7;05/11/2025;1.46
05/11/2025;1.48;1.46;1.48;1.46;1.4674502813045633;231955;340382.43;04/11/2025;1.48
04/11/2025;1.47;1.48;1.48;1.47;1.4785431323079907;164888;243794.02;03/11/2025;1.48
03/11/2025;1.47;1.48;1.48;1.47;1.4711998449771815;126433;186008.21;31/10/2025;1.47
31/10/2025;1.48;1.47;1.48;1.47;1.4750892355521659;343529;506735.93;30/10/2025;1.48
30/10/2025;1.48;1.48;1.48;1.46;1.4788443272318617;287417;425045;29/10/2025;1.48
29/10/2025;1.47;1.48;1.48;1.47;1.4708622545530305;115198;169440.39;28/10/2025;1.48
28/10/2025;1.47;1.48;1.48;1.47;1.4753657579917632;10198;15045.78;27/10/2025;1.48
27/10/2025;1.48;1.48;1.48;1.47;1.4783576776954004;108444;160319.02;24/10/2025;1.47
24/10/2025;1.47;1.47;1.48;1.47;1.4738545306785857;36915;54407.34;23/10/2025;1.47
23/10/2025;1.48;1.47;1.48;1.47;1.4773561231371282;105281;155537.53;22/10/2025;1.47
22/10/2025;1.48;1.47;1.48;1.47;1.4758349527574883;89538;132143.31;21/10/2025;1.47
21/10/2025;1.49;1.47;1.49;1.47;1.4817415977414274;211461;313330.56;20/10/2025;1.49
20/10/2025;1.48;1.49;1.49;1.48;1.4807961452427612;1125674;1666893.72;17/10/2025;1.49
17/10/2025;1.49;1.49;1.49;1.43;1.4324880759391465;4780670;6848252.77;16/10/2025;1.47
16/10/2025;1.49;1.47;1.49;1.47;1.485624480261426;478606;711028.79;15/10/2025;1.47
15/10/2025;1.47;1.47;1.49;1.47;1.481724896084008;91420;135459.29;14/10/2025;1.47
14/10/2025;1.45;1.47;1.47;1.45;1.453723335459212;224221;325955.3;13/10/2025;1.45
13/10/2025;1.46;1.45;1.47;1.45;1.4507993341548306;1156425;1677740.62;10/10/2025;1.45
10/10/2025;1.45;1.45;1.47;1.45;1.4579431361286617;34820;50765.58;09/10/2025;1.46
09/10/2025;1.46;1.46;1.46;1.45;1.4559561865575474;44233;64401.31;07/10/2025;1.45
07/10/2025;1.45;1.45;1.45;1.45;1.4500188629858881;3384936;4908221.05;06/10/2025;1.46
06/10/2025;1.46;1.46;1.46;1.44;1.4584382316172293;131985;192491.97;03/10/2025;1.46
03/10/2025;1.45;1.46;1.46;1.44;1.4519737367970311;35030;50862.64;02/10/2025;1.46
02/10/2025;1.46;1.46;1.47;1.46;1.4605846906687958;467153;682316.52;01/10/2025;1.46
01/10/2025;1.47;1.46;1.47;1.46;1.4608320628122768;350250;511656.43;30/09/2025;1.46
30/09/2025;1.45;1.46;1.47;1.45;1.4570397664213368;1271349;1852406.05;29/09/2025;1.46
29/09/2025;1.46;1.46;1.46;1.46;1.4599879531382338;190091;277530.57;26/09/2025;1.45
26/09/2025;1.45;1.45;1.45;1.45;1.4522419430172817;19269;27983.25;25/09/2025;1.45
25/09/2025;1.45;1.45;1.46;1.45;1.4526061490636137;105512;153267.38;24/09/2025;1.45
24/09/2025;1.46;1.45;1.46;1.45;1.4590421663894482;171345;249999.58;23/09/2025;1.46
23/09/2025;1.46;1.46;1.46;1.45;1.459360579895649;368756;538147.97;22/09/2025;1.44
22/09/2025;1.47;1.44;1.47;1.44;1.4629774864125678;314077;459487.58;19/09/2025;1.46
19/09/2025;1.47;1.46;1.48;1.46;1.4698210669953342;454360;667827.9;18/09/2025;1.47
18/09/2025;1.48;1.47;1.48;1.47;1.4794612544546528;327186;484059.01;17/09/2025;1.49
17/09/2025;1.52;1.49;1.52;1.49;1.506148770541338;223391;336460.08;16/09/2025;1.51
16/09/2025;1.48;1.51;1.51;1.48;1.4988393396226416;106000;158876.97;15/09/2025;1.49
15/09/2025;1.48;1.49;1.5;1.48;1.491770576362413;98098;146339.71;12/09/2025;1.48
12/09/2025;1.47;1.48;1.48;1.47;1.4783269941168422;73090;108050.92;11/09/2025;1.49
11/09/2025;1.49;1.49;1.49;1.49;1.4901187753596459;67775;100992.8;10/09/2025;1.49
10/09/2025;1.47;1.49;1.49;1.47;1.486573051952409;372591;553883.74;09/09/2025;1.47
09/09/2025;1.48;1.47;1.49;1.46;1.4721077263613445;604476;889853.79;08/09/2025;1.48
08/09/2025;1.48;1.48;1.49;1.48;1.482213587219085;120054;177945.67;05/09/2025;1.48
05/09/2025;1.49;1.48;1.49;1.48;1.4833654162590557;443642;658083.2;04/09/2025;1.49
04/09/2025;1.5;1.49;1.5;1.48;1.4915725464271072;629266;938595.89;03/09/2025;1.48
03/09/2025;1.47;1.48;1.48;1.47;1.4781374247477153;92356;136514.86;02/09/2025;1.47
02/09/2025;1.48;1.47;1.48;1.47;1.472886355031506;295816;435703.35;01/09/2025;1.47
01/09/2025;1.46;1.47;1.47;1.46;1.4632302416321752;539746;789772.67;29/08/2025;1.47
29/08/2025;1.47;1.47;1.47;1.45;1.457116003573483;81713;119065.32;28/08/2025;1.45
28/08/2025;1.44;1.45;1.46;1.44;1.4498265881142853;546387;792166.4;27/08/2025;1.44
27/08/2025;1.44;1.44;1.45;1.44;1.440332198971834;276220;397848.56;26/08/2025;1.44
26/08/2025;1.44;1.44;1.44;1.44;1.4412421644462294;57271;82541.38;25/08/2025;1.45
25/08/2025;1.44;1.45;1.45;1.44;1.4480789870633004;247281;358082.42;22/08/2025;1.43
22/08/2025;1.44;1.43;1.44;1.43;1.4379251449357735;35188;50597.71;21/08/2025;1.43
21/08/2025;1.43;1.43;1.43;1.43;1.4308345983021309;71148;101801.02;20/08/2025;1.44
20/08/2025;1.44;1.44;1.44;1.43;1.4371243647521335;93861;134889.93;19/08/2025;1.44
19/08/2025;1.45;1.44;1.45;1.44;1.4471288594960847;98588;142669.54;18/08/2025;1.44
18/08/2025;1.45;1.44;1.45;1.44;1.4438447081565806;55869;80666.16;15/08/2025;1.44
15/08/2025;1.44;1.44;1.45;1.43;1.4412060231959476;108381;156199.35;14/08/2025;1.45
14/08/2025;1.45;1.45;1.45;1.43;1.4417657345072115;361991;521906.22;13/08/2025;1.43
13/08/2025;1.43;1.43;1.43;1.43;1.4308722876627402;32260;46159.94;12/08/2025;1.43
12/08/2025;1.41;1.43;1.44;1.41;1.4391805034508298;4188413;6027882.33;11/08/2025;1.42
11/08/2025;1.42;1.42;1.42;1.42;1.4200189501645128;2757232;3915321.69;08/08/2025;1.43
08/08/2025;1.43;1.43;1.43;1.43;1.4290626283367556;19480;27838.14;07/08/2025;1.43
07/08/2025;1.41;1.43;1.43;1.41;1.4232013434167332;171503;244083.3;05/08/2025;1.43
05/08/2025;1.43;1.43;1.43;1.42;1.4205355519632072;814076;1156423.9;04/08/2025;1.43
04/08/2025;1.4;1.43;1.43;1.4;1.4232040116687603;46963;66837.93;01/08/2025;1.4
01/08/2025;1.42;1.4;1.42;1.4;1.4147605057447143;133427;188767.25;31/07/2025;1.42
31/07/2025;1.42;1.42;1.42;1.42;1.4209474136189129;39592;56258.15;30/07/2025;1.43
30/07/2025;1.43;1.43;1.43;1.43;1.4309401325395934;80127;114656.94;25/07/2025;1.43
25/07/2025;1.43;1.43;1.43;1.43;1.4328217843507263;113935;163248.55;24/07/2025;1.45
24/07/2025;1.45;1.45;1.45;1.45;1.447998435451816;47298;68487.43;22/07/2025;1.45
22/07/2025;1.42;1.45;1.45;1.42;1.4498860808280507;2122382;3077212.12;21/07/2025;1.43
21/07/2025;1.43;1.43;1.44;1.43;1.4319424028268553;226400;324191.76;18/07/2025;1.44
18/07/2025;1.43;1.44;1.44;1.43;1.4304526610366775;201895;288801.24;17/07/2025;1.43
17/07/2025;1.43;1.43;1.44;1.43;1.4374018331805682;2836600;4077334.04;16/07/2025;1.43
16/07/2025;1.44;1.43;1.44;1.43;1.4314094642982518;113944;163100.52;15/07/2025;1.42
15/07/2025;1.4;1.42;1.42;1.4;1.4066223573960308;214703;302006.04;14/07/2025;1.42
14/07/2025;1.44;1.42;1.44;1.42;1.4296164117504249;86499;123660.39;11/07/2025;1.44
11/07/2025;1.44;1.44;1.44;1.44;1.4376294117647057;27200;39103.52;10/07/2025;1.44
10/07/2025;1.43;1.44;1.44;1.43;1.4347497077358595;1384022;1985725.16;09/07/2025;1.44
09/07/2025;1.44;1.44;1.44;1.44;1.4409326098996516;106529;153501.11;08/07/2025;1.41
08/07/2025;1.41;1.41;1.41;1.41;1.427768070627184;21748;31051.1;07/07/2025;1.43
07/07/2025;1.45;1.43;1.45;1.43;1.4365628920119917;188132;270263.45;04/07/2025;1.45
04/07/2025;1.43;1.45;1.45;1.43;1.4380493611618126;50404;72483.44;03/07/2025;1.43
03/07/2025;1.42;1.43;1.44;1.42;1.4298817905777212;452502;647024.37;02/07/2025;1.43
02/07/2025;1.42;1.43;1.43;1.42;1.4219780528340833;131771;187375.47;01/07/2025;1.43
01/07/2025;1.42;1.43;1.43;1.42;1.424297588586493;193455;275537.49;30/06/2025;1.42
30/06/2025;1.43;1.42;1.43;1.42;1.4237618539763064;34693;49394.57;27/06/2025;1.42
27/06/2025;1.42;1.42;1.42;1.42;1.4198181298562116;279925;397442.59;26/06/2025;1.42
26/06/2025;1.41;1.42;1.42;1.41;1.4113292526056824;408914;577112.29;25/06/2025;1.41
25/06/2025;1.41;1.41;1.42;1.41;1.413386958816357;54949;77664.2;24/06/2025;1.4
24/06/2025;1.4;1.4;1.4;1.4;1.3988883201198576;80095;112043.96;23/06/2025;1.4
23/06/2025;1.42;1.4;1.42;1.39;1.4045087270643803;214677;301515.72;20/06/2025;1.41
20/06/2025;1.4;1.41;1.41;1.4;1.4070562951216459;71889;101151.87;19/06/2025;1.4
19/06/2025;1.41;1.4;1.41;1.4;1.403992849486408;445003;624781.03;18/06/2025;1.42
18/06/2025;1.42;1.42;1.48;1.42;1.4281530344917424;138178;197339.33;17/06/2025;1.42
17/06/2025;1.45;1.42;1.45;1.42;1.4281242670736927;53723;76723.12;16/06/2025;1.41
16/06/2025;1.42;1.41;1.42;1.41;1.4128397376645099;454380;641966.12;13/06/2025;1.42
13/06/2025;1.42;1.42;1.43;1.42;1.4222502568154878;126550;179985.77;12/06/2025;1.42
12/06/2025;1.44;1.42;1.44;1.42;1.438859201536662;219697;316113.05;11/06/2025;1.45
11/06/2025;1.45;1.45;1.45;1.45;1.4506208373774223;119516;173372.4;10/06/2025;1.45
10/06/2025;1.44;1.45;1.46;1.44;1.452721444204251;148954;216388.67;09/06/2025;1.4
09/06/2025;1.53;1.52;1.53;1.51;1.5215209986264422;380763;579338.9;06/06/2025;1.53
06/06/2025;1.51;1.53;1.54;1.51;1.5298045356831607;2581750;3949572.86;05/06/2025;1.52
05/06/2025;1.53;1.52;1.53;1.52;1.5214145674084674;239013;363637.86;04/06/2025;1.52
04/06/2025;1.52;1.52;1.54;1.52;1.525318251099595;229630;350258.83;03/06/2025;1.53
03/06/2025;1.53;1.53;1.54;1.52;1.5280116914440791;301417;460568.7;02/06/2025;1.52
02/06/2025;1.51;1.52;1.52;1.51;1.5186435985010625;2892182;4392193.68;30/05/2025;1.51
30/05/2025;1.51;1.51;1.51;1.5;1.5086932364481431;244413;368744.24;29/05/2025;1.5
29/05/2025;1.51;1.5;1.51;1.5;1.5003246076011179;2547599;3822225.47;28/05/2025;1.5
28/05/2025;1.51;1.5;1.52;1.5;1.5090603614952631;216711;327029.98;27/05/2025;1.51
27/05/2025;1.51;1.51;1.52;1.5;1.51074635703248;207729;313825.83;26/05/2025;1.51
26/05/2025;1.51;1.51;1.51;1.51;1.5105248717399509;196086;296192.78;23/05/2025;1.51
23/05/2025;1.5;1.51;1.51;1.5;1.5013487526672111;113883;170978.1;22/05/2025;1.5
22/05/2025;1.5;1.5;1.5;1.48;1.4887307113172317;83015;123586.98;21/05/2025;1.49
21/05/2025;1.47;1.49;1.5;1.47;1.4711192697649145;1187015;1746240.64;20/05/2025;1.49
20/05/2025;1.47;1.49;1.49;1.47;1.473101959082869;149815;220692.77;19/05/2025;1.49
19/05/2025;1.48;1.49;1.49;1.48;1.4852508764486525;89566;133027.98;16/05/2025;1.47
16/05/2025;1.49;1.47;1.49;1.47;1.4735311166743061;141805;208954.08;15/05/2025;1.49
15/05/2025;1.47;1.49;1.49;1.45;1.466869256728318;3053029;4478394.38;14/05/2025;1.46
14/05/2025;1.47;1.46;1.49;1.46;1.4676442998585573;176750;259406.13;13/05/2025;1.48
13/05/2025;1.45;1.48;1.48;1.45;1.4588034543655748;108153;157773.97;12/05/2025;1.44
12/05/2025;1.46;1.44;1.46;1.44;1.453608887818027;265622;386110.5;09/05/2025;1.45
09/05/2025;1.43;1.45;1.45;1.43;1.4417276401812116;184315;265732.03;08/05/2025;1.45
08/05/2025;1.47;1.45;1.47;1.45;1.4566313661651848;111802;162854.3;07/05/2025;1.47
07/05/2025;1.45;1.47;1.47;1.45;1.4543576149493604;168248;244692.76;06/05/2025;1.45
06/05/2025;1.45;1.45;1.46;1.44;1.4492814688855424;997382;1445487.25;05/05/2025;1.45
05/05/2025;1.44;1.45;1.45;1.43;1.4418062402986809;438729;632562.21;02/05/2025;1.43
02/05/2025;1.45;1.43;1.45;1.43;1.4418054989996991;169449;244312.5;30/04/2025;1.43
30/04/2025;1.44;1.43;1.45;1.43;1.4396478776076125;442119;636495.68;29/04/2025;1.43
29/04/2025;1.42;1.43;1.45;1.42;1.4232628223703274;269178;383111.04;25/04/2025;1.41
28/04/2025;;;;;1.4246663044462555;11043;15732.59;25/04/2025;1.41
25/04/2025;1.42;1.41;1.42;1.41;1.410220143884892;1021650;1440751.41;24/04/2025;1.4
24/04/2025;1.42;1.4;1.42;1.4;1.4107177586289896;41546;58609.68;23/04/2025;1.41
23/04/2025;1.39;1.41;1.44;1.39;1.3965818693388894;317738;443747.13;22/04/2025;1.39
22/04/2025;1.41;1.39;1.41;1.39;1.3973762393700446;737068;1029961.31;21/04/2025;1.39
21/04/2025;1.4;1.39;1.4;1.39;1.393818597006676;68753;95829.21;15/04/2025;1.38
16/04/2025;;;;;1.3971664698937427;7623;10650.6;15/04/2025;1.38
15/04/2025;1.47;1.38;1.47;1.38;1.4176568667698235;31667;44892.94;14/04/2025;1.39
14/04/2025;1.51;1.5;1.52;1.5;1.5029607057845618;264670;397788.61;11/04/2025;1.5
11/04/2025;1.5;1.5;1.5;1.47;1.480911227032158;578363;856504.26;10/04/2025;1.5
10/04/2025;1.5;1.5;1.51;1.5;1.5016232554544653;362272;543996.06;09/04/2025;1.5
09/04/2025;1.5;1.5;1.5;1.5;1.4998290683516668;190544;285783.43;08/04/2025;1.5
08/04/2025;1.48;1.5;1.5;1.48;1.4989601875208225;252132;377935.83;07/04/2025;1.48
07/04/2025;1.47;1.48;1.48;1.45;1.4662075811367739;378281;554638.47;04/04/2025;1.5
04/04/2025;1.54;1.5;1.54;1.5;1.5211728830289781;28366;43149.59;03/04/2025;1.55
03/04/2025;1.56;1.55;1.56;1.55;1.5508964954419415;215662;334469.44;02/04/2025;1.55
02/04/2025;1.53;1.55;1.55;1.53;1.5379232671586156;1001188;1539750.32;01/04/2025;1.53
01/04/2025;1.54;1.53;1.54;1.53;1.539892905100621;10166684;15655604.56;31/03/2025;1.54
31/03/2025;1.54;1.54;1.54;1.52;1.5284224478906403;118069;180459.31;28/03/2025;1.54
28/03/2025;1.54;1.54;1.55;1.5;1.5187689175529264;140478;213353.62;27/03/2025;1.5
27/03/2025;1.52;1.5;1.52;1.5;1.5176764020025113;61323;93068.47;26/03/2025;1.55
26/03/2025;1.54;1.55;1.55;1.54;1.5444525866382042;299810;463042.33;25/03/2025;1.55
25/03/2025;1.55;1.55;1.55;1.55;1.5499952401036712;3172338;4917108.8;24/03/2025;1.55
24/03/2025;1.55;1.55;1.55;1.54;1.5491100025322868;197450;305871.77;21/03/2025;1.53
21/03/2025;1.5;1.53;1.53;1.5;1.5195440128516704;24277;36889.97;20/03/2025;1.52
20/03/2025;1.53;1.52;1.54;1.52;1.5213119556353745;830211;1263009.92;19/03/2025;1.53
19/03/2025;1.52;1.53;1.53;1.52;1.5249956462408212;76945;117340.79;18/03/2025;1.5
18/03/2025;1.51;1.5;1.51;1.5;1.5069167371090448;160888;242444.82;17/03/2025;1.51
17/03/2025;1.51;1.51;1.51;1.5;1.5077029092089933;104702;157859.51;14/03/2025;1.5
14/03/2025;1.5;1.5;1.5;1.5;1.4996815829268813;46951;70411.55;13/03/2025;1.49
13/03/2025;1.48;1.49;1.49;1.48;1.4854479282357966;175575;260807.52;12/03/2025;1.48
12/03/2025;1.48;1.48;1.48;1.48;1.4788169696969695;20625;30500.6;11/03/2025;1.48
11/03/2025;1.47;1.48;1.48;1.47;1.4787572540165326;53591;79248.08;10/03/2025;1.48
10/03/2025;1.47;1.48;1.48;1.47;1.4772877245713505;87834;129756.09;07/03/2025;1.47
07/03/2025;1.46;1.47;1.47;1.46;1.46458984375;194048;284200.73;06/03/2025;1.47
06/03/2025;1.47;1.47;1.47;1.47;1.4686523998954673;34439;50578.92;05/03/2025;1.47
05/03/2025;1.47;1.47;1.48;1.47;1.4765583584058335;674710;996248.69;04/03/2025;1.46
04/03/2025;1.47;1.46;1.47;1.45;1.4580514318217908;1190197;1735368.44;03/03/2025;1.45
03/03/2025;1.44;1.45;1.45;1.44;1.4479277318776433;81336;117768.65;28/02/2025;1.44
28/02/2025;1.47;1.44;1.47;1.44;1.447718608584358;218770;316717.4;27/02/2025;1.45
27/02/2025;1.45;1.45;1.45;1.45;1.4510541135514257;19533;28343.44;26/02/2025;1.45
26/02/2025;1.45;1.45;1.46;1.45;1.4502569575235273;7292178;10575531.88;25/02/2025;1.45
25/02/2025;1.45;1.45;1.46;1.44;1.4504084621729658;1134744;1645842.3;24/02/2025;1.46
24/02/2025;1.47;1.46;1.47;1.45;1.461038519784103;103012;150504.5;20/02/2025;1.47
21/02/2025;;;;;1.4622931650276434;20439;29887.81;20/02/2025;1.47
20/02/2025;1.47;1.47;1.47;1.47;1.4643049362434482;12783;18718.21;19/02/2025;1.43
19/02/2025;1.46;1.43;1.46;1.43;1.4468812659800134;247966;358777.36;18/02/2025;1.46
18/02/2025;1.46;1.46;1.47;1.45;1.4604111431072322;315316;460491;17/02/2025;1.46
17/02/2025;1.46;1.46;1.46;1.46;1.4600332802219183;1061291;1549520.18;14/02/2025;1.47
14/02/2025;1.45;1.47;1.47;1.45;1.457102616609784;21975;32019.83;13/02/2025;1.45
13/02/2025;1.47;1.45;1.47;1.45;1.4683818211782498;103153;151467.99;12/02/2025;1.46
12/02/2025;1.46;1.46;1.46;1.46;1.4600046152071076;60669;88577.02;11/02/2025;1.45
11/02/2025;1.46;1.45;1.46;1.45;1.4515022022995867;243609;353599;10/02/2025;1.45
10/02/2025;1.45;1.45;1.45;1.44;1.4406253474536659;1084677;1562613.18;07/02/2025;1.45
07/02/2025;1.47;1.45;1.47;1.45;1.4588821126741531;1258159;1835505.66;06/02/2025;1.46
06/02/2025;1.46;1.46;1.46;1.45;1.4605198411596456;36011;52594.78;05/02/2025;1.46
05/02/2025;1.45;1.46;1.46;1.45;1.450017756189335;9040228;13108491.12;04/02/2025;1.47
04/02/2025;1.47;1.47;1.47;1.46;1.4626794739192779;170164;248895.39;03/02/2025;1.47
03/02/2025;1.47;1.47;1.47;1.47;1.46711286702824;21388;31378.61;31/01/2025;1.47
31/01/2025;1.45;1.47;1.47;1.42;1.435720427562813;557766;800796.04;30/01/2025;1.47
30/01/2025;1.47;1.47;1.47;1.46;1.4601678189702838;5252088;7668929.88;29/01/2025;1.48
29/01/2025;1.48;1.48;1.48;1.48;1.4794712497945577;42591;63012.16;28/01/2025;1.46
28/01/2025;1.47;1.46;1.47;1.46;1.4658737300055038;114469;167797.1;27/01/2025;1.46
27/01/2025;1.47;1.46;1.47;1.46;1.4658345605037324;19693;28866.68;24/01/2025;1.47
24/01/2025;1.46;1.47;1.47;1.45;1.4545213013760543;143817;209184.89;23/01/2025;1.46
23/01/2025;1.47;1.46;1.47;1.46;1.4634571036376116;14570;21322.57;22/01/2025;1.47
22/01/2025;1.46;1.47;1.47;1.46;1.4695847824168065;169935;249733.89;21/01/2025;1.46
21/01/2025;1.44;1.46;1.46;1.44;1.452406258299732;124251;180462.93;20/01/2025;1.44
20/01/2025;1.47;1.44;1.47;1.44;1.4431953137109232;187099;270020.4;17/01/2025;1.43
17/01/2025;1.45;1.43;1.45;1.43;1.4353281402992335;160343;230144.82;16/01/2025;1.45
16/01/2025;1.46;1.45;1.46;1.4;1.4014754404993932;20518984;28756852.14;15/01/2025;1.46
15/01/2025;1.47;1.46;1.47;1.46;1.4618265113863957;337025;492672.08;14/01/2025;1.45
14/01/2025;1.48;1.45;1.48;1.45;1.4677542508190193;253657;372306.14;13/01/2025;1.48
13/01/2025;1.47;1.48;1.48;1.47;1.4750419284790242;173152;255406.46;10/01/2025;1.47
10/01/2025;1.47;1.47;1.47;1.47;1.4700117909438237;109406;160828.11;09/01/2025;1.48
09/01/2025;1.48;1.48;1.49;1.48;1.4803745177910077;194677;288194.87;08/01/2025;1.49
08/01/2025;1.48;1.49;1.49;1.48;1.481530898281688;118081;174940.65;07/01/2025;1.47
07/01/2025;1.49;1.47;1.49;1.47;1.470620805428613;1128244;1659219.1;06/01/2025;1.49
06/01/2025;1.48;1.49;1.49;1.47;1.4793069708554079;81353;120346.06;03/01/2025;1.48
03/01/2025;1.49;1.48;1.49;1.45;1.469713615519218;265168;389721.02;02/01/2025;1.49
02/01/2025;1.48;1.49;1.49;1.48;1.4886558110774122;67922;101112.48;31/12/2024;1.49
01/01/2025;;;;;;;;;1.49
31/12/2024;1.49;1.49;1.49;1.49;1.484316934437681;10021;14874.34;30/12/2024;1.49
30/12/2024;1.47;1.49;1.49;1.47;1.4831244179039063;54759;81214.41;27/12/2024;1.47
27/12/2024;1.49;1.47;1.49;1.47;1.4799558759029587;189239;280065.37;26/12/2024;1.48
26/12/2024;1.47;1.48;1.48;1.47;1.471343296626464;91536;134680.88;24/12/2024;1.46
24/12/2024;1.46;1.46;1.46;1.46;1.4612419538053767;15846;23154.84;23/12/2024;1.46
23/12/2024;1.49;1.46;1.49;1.46;1.4766938807126258;64550;95320.59;20/12/2024;1.46
20/12/2024;1.46;1.46;1.47;1.46;1.461495480023852;209625;306365.99;19/12/2024;1.46
19/12/2024;1.47;1.46;1.47;1.46;1.4628566166196684;78726;115164.85;18/12/2024;1.46
18/12/2024;1.46;1.46;1.47;1.45;1.459982339728752;583230;851505.5;17/12/2024;1.46
17/12/2024;1.46;1.46;1.47;1.45;1.4594051029134598;361323;527316.63;16/12/2024;1.47
16/12/2024;1.47;1.47;1.49;1.47;1.4752895203004321;141130;208207.61;13/12/2024;1.46
13/12/2024;1.47;1.46;1.47;1.44;1.4554608388211163;148208;215710.94;12/12/2024;1.45
12/12/2024;1.46;1.45;1.47;1.45;1.4520870952797653;388540;564193.92;11/12/2024;1.45
11/12/2024;1.44;1.45;1.45;1.43;1.4398271860278065;87030;125308.16;10/12/2024;1.43
10/12/2024;1.44;1.43;1.46;1.43;1.4439100643668614;101139;146035.62;06/12/2024;1.44
06/12/2024;1.45;1.44;1.45;1.44;1.4440799118419096;161528;233259.34;05/12/2024;1.44
05/12/2024;1.45;1.44;1.45;1.44;1.4466470606318336;97589;141176.84;04/12/2024;1.44
04/12/2024;1.44;1.44;1.44;1.44;1.4402420040428467;105866;152472.66;03/12/2024;1.43
03/12/2024;1.45;1.43;1.46;1.43;1.4471945819223757;591206;855590.12;02/12/2024;1.45
02/12/2024;1.44;1.45;1.48;1.43;1.4457356059296198;109889;158870.44;29/11/2024;1.43
29/11/2024;1.44;1.43;1.44;1.43;1.4364710986346818;39185;56288.12;28/11/2024;1.43
28/11/2024;1.43;1.43;1.44;1.43;1.4336234182690644;173386;248570.23;27/11/2024;1.44
27/11/2024;1.45;1.44;1.46;1.43;1.4460744464325914;430887;623094.68;26/11/2024;1.45
26/11/2024;1.43;1.45;1.45;1.43;1.4335736836224318;528021;756957.01;25/11/2024;1.43
25/11/2024;1.46;1.43;1.46;1.43;1.4442326956166203;117398;169550.03;22/11/2024;1.45
22/11/2024;1.43;1.45;1.45;1.43;1.4447547255168072;101682;146905.55;21/11/2024;1.43
21/11/2024;1.43;1.43;1.45;1.41;1.431131512126784;114210;163449.53;20/11/2024;1.41
20/11/2024;1.44;1.41;1.44;1.41;1.4284335043258556;39183;55970.31;19/11/2024;1.4
19/11/2024;1.42;1.4;1.42;1.38;1.412547898527538;356274;503254.09;18/11/2024;1.44
18/11/2024;1.44;1.44;1.45;1.44;1.4399969144431841;1691753;2436119.1;15/11/2024;1.43
15/11/2024;1.44;1.43;1.44;1.43;1.4380453628330898;71865;103345.13;14/11/2024;1.44
14/11/2024;1.44;1.44;1.44;1.44;1.4402245195661825;31534;45416.04;13/11/2024;1.42
13/11/2024;1.44;1.42;1.44;1.42;1.4363511164594196;149580;214849.4;12/11/2024;1.44
12/11/2024;1.45;1.44;1.45;1.44;1.4403830355746956;140718;202687.82;11/11/2024;1.42
11/11/2024;1.44;1.42;1.44;1.42;1.4266435871710346;90701;129398;08/11/2024;1.44
08/11/2024;1.45;1.44;1.45;1.44;1.442837398707073;1855016;2676486.46;07/11/2024;1.45
07/11/2024;1.45;1.45;1.45;1.45;1.4488681321148706;44537;64528.24;06/11/2024;1.44
06/11/2024;1.44;1.44;1.44;1.44;1.4400437338949932;571639;823185.16;05/11/2024;1.44
05/11/2024;1.45;1.44;1.45;1.44;1.4410112359550562;206747;297924.75;04/11/2024;1.45
04/11/2024;1.45;1.45;1.45;1.45;1.4499864529934265;909426;1318655.38;31/10/2024;1.43
31/10/2024;1.45;1.43;1.46;1.43;1.4446255990594734;389569;562781.35;30/10/2024;1.45
30/10/2024;1.44;1.45;1.46;1.43;1.446332736229288;133980;193779.66;29/10/2024;1.45
29/10/2024;1.45;1.45;1.46;1.44;1.450851704685652;117529;170517.15;28/10/2024;1.45
28/10/2024;1.44;1.45;1.45;1.44;1.4420539885525707;193930;279657.53;25/10/2024;1.44
25/10/2024;1.46;1.44;1.46;1.44;1.4495947172651995;90332;130944.79;24/10/2024;1.46
24/10/2024;1.48;1.46;1.48;1.46;1.4615065476608804;85374;124774.66;23/10/2024;1.44
23/10/2024;1.4;1.44;1.44;1.4;1.4187271842297395;86289;122420.55;22/10/2024;1.43
22/10/2024;1.44;1.43;1.45;1.43;1.4428222824166763;84910;122510.04;21/10/2024;1.44
21/10/2024;1.44;1.44;1.44;1.44;1.4395421156171604;55407;79760.71;18/10/2024;1.44
18/10/2024;1.45;1.44;1.45;1.44;1.4477905906647364;356412;516009.94;17/10/2024;1.45
17/10/2024;1.44;1.45;1.45;1.44;1.4416037723066084;73801;106391.8;16/10/2024;1.44
16/10/2024;1.44;1.44;1.44;1.44;1.4391229808740462;70637;101655.33;15/10/2024;1.44
15/10/2024;1.45;1.44;1.45;1.43;1.4473970935932183;173410;250993.13;14/10/2024;1.46
14/10/2024;1.45;1.46;1.46;1.45;1.4509171653458408;74196;107652.25;11/10/2024;1.45
11/10/2024;1.43;1.45;1.48;1.43;1.4475990564415349;697784;1010111.46;10/10/2024;1.42
10/10/2024;1.42;1.42;1.42;1.42;1.4127554767958497;38937;55008.46;09/10/2024;1.37
09/10/2024;1.4;1.37;1.42;1.37;1.3999792499287629;136867;191610.96;07/10/2024;1.4
07/10/2024;1.4;1.4;1.42;1.38;1.3969639302168737;123067;171920.16;04/10/2024;1.4
04/10/2024;1.36;1.4;1.4;1.36;1.3807420410161684;718936;992665.16;03/10/2024;1.35
03/10/2024;1.34;1.35;1.35;1.34;1.3497002056308482;337498;455521.12;02/10/2024;1.34
02/10/2024;1.35;1.34;1.35;1.34;1.3472495898408368;93866;126460.93;01/10/2024;1.35
01/10/2024;1.35;1.35;1.35;1.35;1.3500979699640674;32561;43960.54;30/09/2024;1.35
30/09/2024;1.35;1.35;1.35;1.35;1.3455481353906718;28451;38282.19;27/09/2024;1.34
27/09/2024;1.33;1.34;1.34;1.33;1.3389566422302268;315376;422274.79;26/09/2024;1.33
26/09/2024;1.33;1.33;1.33;1.33;1.329556918109857;70619;93891.98;25/09/2024;1.33
25/09/2024;1.33;1.33;1.33;1.33;1.3300719816773912;36676;48781.72;24/09/2024;1.33
24/09/2024;1.33;1.33;1.33;1.33;1.329101054538397;30914;41087.83;23/09/2024;1.33
23/09/2024;1.33;1.33;1.34;1.33;1.3305036712104774;127206;169248.05;20/09/2024;1.33
20/09/2024;1.33;1.33;1.34;1.32;1.3266875882629845;82849;109914.74;19/09/2024;1.32
19/09/2024;1.32;1.32;1.32;1.32;1.326498599439776;10353;13733.24;18/09/2024;1.32
18/09/2024;1.33;1.32;1.33;1.32;1.329633189552695;29443;39148.39;17/09/2024;1.3
17/09/2024;1.32;1.3;1.32;1.3;1.3010500411625052;97123583;126362641.66;16/09/2024;1.32
16/09/2024;1.34;1.32;1.34;1.32;1.3250997035621144;61733;81802.38;13/09/2024;1.34
13/09/2024;1.33;1.34;1.34;1.33;1.3343349016253208;32732;43675.45;12/09/2024;1.31
12/09/2024;1.31;1.31;1.31;1.31;1.310080407060745;47757;62565.51;11/09/2024;1.3
11/09/2024;1.3;1.3;1.3;1.3;1.299836768225167;223976;291132.24;10/09/2024;1.3
10/09/2024;1.29;1.3;1.3;1.29;1.2937115300177475;271023;350625.58;09/09/2024;1.29
09/09/2024;1.3;1.29;1.3;1.29;1.2951608951145999;92234;119457.87;06/09/2024;1.29
06/09/2024;1.32;1.29;1.32;1.28;1.282185311508554;478783;613888.53;05/09/2024;1.29
05/09/2024;1.3;1.29;1.31;1.29;1.2912027484292201;1979749;2556257.35;04/09/2024;1.31
04/09/2024;1.33;1.31;1.33;1.29;1.3086783787554646;172016;225113.62;03/09/2024;1.31
03/09/2024;1.31;1.31;1.32;1.31;1.313095072261884;68916;90493.26;02/09/2024;1.31
02/09/2024;1.32;1.31;1.32;1.31;1.3127925267440108;33185;43565.02;29/08/2024;1.28
29/08/2024;1.33;1.28;1.33;1.28;1.293874739200246;104007;134572.03;28/08/2024;1.29
28/08/2024;1.3;1.29;1.3;1.29;1.2975161371588524;178625;231768.82;27/08/2024;1.29
27/08/2024;1.3;1.29;1.33;1.29;1.2924012780451322;938621;1213074.98;26/08/2024;1.3
26/08/2024;1.3;1.3;1.3;1.3;1.299163922597573;76225;99028.77;23/08/2024;1.3
23/08/2024;1.28;1.3;1.3;1.28;1.2964517373501792;114053;147864.21;22/08/2024;1.3
22/08/2024;1.3;1.3;1.3;1.28;1.2964422519232361;156897;203407.9;21/08/2024;1.3
21/08/2024;1.3;1.3;1.3;1.29;1.293447103869379;118572;153366.61;20/08/2024;1.29
20/08/2024;1.3;1.29;1.3;1.29;1.295122359058232;81931;106110.67;19/08/2024;1.28
19/08/2024;1.28;1.28;1.28;1.28;1.2809640824906674;55182;70686.16;16/08/2024;1.29
16/08/2024;1.29;1.29;1.3;1.29;1.291656523699124;124224;160454.74;15/08/2024;1.3
15/08/2024;1.3;1.3;1.3;1.3;1.2991469459932166;103487;134444.82;14/08/2024;1.3
14/08/2024;1.3;1.3;1.32;1.3;1.3000974036412551;1555178;2021882.88;13/08/2024;1.3
13/08/2024;1.31;1.3;1.33;1.3;1.3047112566089503;1433851;1870761.54;12/08/2024;1.31
12/08/2024;1.32;1.31;1.33;1.31;1.3194576275893566;648134;855185.35;09/08/2024;1.32
09/08/2024;1.32;1.32;1.32;1.32;1.3200499835741941;651414;859899.04;08/08/2024;1.32
08/08/2024;1.32;1.32;1.33;1.3;1.3185528129685347;99379;131036.46;07/08/2024;1.31
07/08/2024;1.33;1.31;1.33;1.31;1.3256061703912745;104888;139040.18;05/08/2024;1.33
05/08/2024;1.3;1.33;1.34;1.26;1.3134530750266524;120064;157698.43;02/08/2024;1.33
02/08/2024;1.34;1.33;1.34;1.33;1.3304240296304997;1634532;2174620.65;01/08/2024;1.34
01/08/2024;1.34;1.34;1.34;1.34;1.3418897174715942;85018;114084.78;31/07/2024;1.35
31/07/2024;1.34;1.35;1.36;1.34;1.3525005768891423;73671;99640.07;30/07/2024;1.34
30/07/2024;1.35;1.34;1.35;1.34;1.3416595499964057;69555;93319.13;26/07/2024;1.35
26/07/2024;1.35;1.35;1.36;1.35;1.3531207883903313;347848;470680.36;25/07/2024;1.36
25/07/2024;1.34;1.36;1.36;1.33;1.341791300440875;71222;95565.06;24/07/2024;1.35
24/07/2024;1.35;1.35;1.35;1.34;1.3461765938191323;119336;160647.33;22/07/2024;1.35
22/07/2024;1.35;1.35;1.35;1.35;1.3487891885661596;86760;117020.95;19/07/2024;1.35
19/07/2024;1.35;1.35;1.35;1.35;1.3508206750321528;28769;38861.76;18/07/2024;1.35
18/07/2024;1.35;1.35;1.35;1.34;1.348357283774792;85663;115504.33;17/07/2024;1.35
17/07/2024;1.35;1.35;1.36;1.35;1.3502092992765111;838990;1132812.1;16/07/2024;1.36
16/07/2024;1.35;1.36;1.36;1.35;1.3535212943868182;97467;131923.66;15/07/2024;1.33
15/07/2024;1.35;1.33;1.35;1.33;1.3487533602687924;687817;927695.49;12/07/2024;1.36
12/07/2024;1.35;1.36;1.36;1.35;1.3508579271839014;429850;580666.28;11/07/2024;1.35
11/07/2024;1.33;1.35;1.35;1.32;1.327170604355511;308345;409226.42;10/07/2024;1.35
10/07/2024;1.35;1.35;1.35;1.33;1.3345716433407602;184916;246783.65;09/07/2024;1.34
09/07/2024;1.35;1.34;1.35;1.34;1.346142132846242;117158;157711.32;08/07/2024;1.35
08/07/2024;1.34;1.35;1.35;1.34;1.3484751601927811;163709;220757.52;05/07/2024;1.35
05/07/2024;1.36;1.35;1.36;1.35;1.352268509751941;68653;92837.29;04/07/2024;1.35
04/07/2024;1.35;1.35;1.35;1.35;1.3498642874235123;29253;39487.58;03/07/2024;1.33
03/07/2024;1.35;1.33;1.35;1.33;1.339242279678555;148828;199316.75;02/07/2024;1.35
02/07/2024;1.35;1.35;1.35;1.34;1.3459792097404089;174120;234361.9;01/07/2024;1.35
01/07/2024;1.35;1.35;1.35;1.34;1.345985147972899;164422;221309.57;28/06/2024;1.33
28/06/2024;1.36;1.33;1.36;1.33;1.340332288972299;1570019;2104347.16;27/06/2024;1.37
27/06/2024;1.35;1.37;1.37;1.35;1.3550746074996756;53949;73104.92;26/06/2024;1.35
26/06/2024;1.35;1.35;1.35;1.35;1.3545139307228915;26560;35975.89;25/06/2024;1.37
25/06/2024;1.37;1.37;1.37;1.35;1.3614556192926965;111918;152371.39;24/06/2024;1.37
24/06/2024;1.38;1.37;1.38;1.37;1.3763131749756428;145746;200592.14;21/06/2024;1.36
21/06/2024;1.33;1.36;1.4;1.33;1.3588185293754922;210822;286468.84;20/06/2024;1.34
20/06/2024;1.36;1.34;1.36;1.33;1.343682574016493;251498;337933.48;19/06/2024;1.36
19/06/2024;1.35;1.36;1.38;1.35;1.3646973215000584;162367;221581.81;18/06/2024;1.37
18/06/2024;1.38;1.37;1.38;1.37;1.3715317414445005;498276;683401.35;17/06/2024;1.35
17/06/2024;1.37;1.35;1.37;1.35;1.3595951753010824;162663;221155.83;14/06/2024;1.36
14/06/2024;1.36;1.36;1.36;1.36;1.3597548551266165;211426;287487.53;13/06/2024;1.36
13/06/2024;1.37;1.36;1.37;1.36;1.3628137641249645;421240;574071.67;12/06/2024;1.37
12/06/2024;1.37;1.37;1.37;1.35;1.363807945182165;270277;368605.92;11/06/2024;1.37
11/06/2024;1.37;1.37;1.37;1.37;1.3700074453667135;343838;471060.62;10/06/2024;1.36
10/06/2024;1.49;1.49;1.49;1.48;1.486314202580754;189712;281971.64;06/06/2024;1.48
06/06/2024;1.49;1.48;1.49;1.47;1.4848250296019674;219580;326037.88;05/06/2024;1.48
05/06/2024;1.49;1.48;1.49;1.48;1.4876217417197306;130974;194839.77;04/06/2024;1.46
04/06/2024;1.45;1.46;1.48;1.45;1.4624071840764616;532344;778503.69;03/06/2024;1.45
03/06/2024;1.45;1.45;1.46;1.45;1.4561876342048756;158340;230572.75;31/05/2024;1.45
31/05/2024;1.45;1.45;1.45;1.44;1.4487608244952421;1644303;2382201.77;30/05/2024;1.45
30/05/2024;1.45;1.45;1.48;1.45;1.460081942640152;140098;204554.56;29/05/2024;1.45
29/05/2024;1.45;1.45;1.45;1.43;1.4487076031723416;315855;457581.54;28/05/2024;1.44
28/05/2024;1.47;1.44;1.49;1.44;1.4519047432047898;331042;480641.45;27/05/2024;1.46
27/05/2024;1.47;1.46;1.47;1.46;1.4654089928267335;85735;125636.84;24/05/2024;1.46
24/05/2024;1.46;1.46;1.46;1.45;1.4586097584099704;232046;338464.56;23/05/2024;1.45
23/05/2024;1.43;1.45;1.45;1.43;1.440944127684583;96989;139755.73;22/05/2024;1.44
22/05/2024;1.44;1.44;1.44;1.43;1.4399571611945379;193983;279327.21;21/05/2024;1.45
21/05/2024;1.44;1.45;1.46;1.42;1.4200747521429717;80220844;113919595.16;20/05/2024;1.45
20/05/2024;1.45;1.45;1.45;1.45;1.4487805071543964;138656;200882.11;17/05/2024;1.41
17/05/2024;1.44;1.41;1.46;1.41;1.4330389387481077;631556;905044.34;16/05/2024;1.45
16/05/2024;1.45;1.45;1.46;1.45;1.4528966994747128;111558;162082.25;15/05/2024;1.44
15/05/2024;1.43;1.44;1.44;1.43;1.4329235411183154;77885;111603.25;14/05/2024;1.43
14/05/2024;1.43;1.43;1.44;1.43;1.4306376019613234;174576;249754.99;13/05/2024;1.43
13/05/2024;1.46;1.43;1.46;1.43;1.4314318242591708;123409;176651.57;10/05/2024;1.45
10/05/2024;1.45;1.45;1.45;1.45;1.450582919001613;120274;174467.41;09/05/2024;1.45
09/05/2024;1.45;1.45;1.45;1.45;1.4502438303959782;172661;250400.55;08/05/2024;1.43
08/05/2024;1.43;1.43;1.43;1.43;1.4267566328201768;15265;21779.44;07/05/2024;1.45
07/05/2024;1.44;1.45;1.45;1.43;1.4476000195422234;204685;296302.01;06/05/2024;1.43
06/05/2024;1.45;1.43;1.45;1.43;1.448601735642434;288193;417476.88;03/05/2024;1.43
03/05/2024;1.44;1.43;1.44;1.43;1.436266006487963;35142;50473.26;02/05/2024;1.44
02/05/2024;1.45;1.44;1.45;1.44;1.446979752142265;86824;125632.57;30/04/2024;1.45
30/04/2024;1.45;1.45;1.45;1.45;1.4499950761785518;142166;206140;29/04/2024;1.45
29/04/2024;1.4;1.45;1.45;1.4;1.4244773280302374;80959;115324.26;26/04/2024;1.43
26/04/2024;1.42;1.43;1.44;1.42;1.432861611920639;60735;87024.85;25/04/2024;1.41
25/04/2024;1.38;1.41;1.41;1.38;1.4010821384982148;87669;122831.47;24/04/2024;1.37
24/04/2024;1.34;1.37;1.37;1.34;1.3570894097027166;267018;362367.3;23/04/2024;1.34
23/04/2024;1.34;1.34;1.34;1.34;1.3400042050790197;558848;748858.67;22/04/2024;1.34
22/04/2024;1.32;1.34;1.34;1.32;1.3201224911721046;3183658;4202818.53;19/04/2024;1.32
19/04/2024;1.32;1.32;1.32;1.32;1.3199950281026498;699934;923909.4;18/04/2024;1.32
18/04/2024;1.32;1.32;1.32;1.31;1.3182642632983153;1224892;1614731.35;17/04/2024;1.32
17/04/2024;1.32;1.32;1.32;1.3;1.306198869704122;1782896;2328816.74;16/04/2024;1.32
16/04/2024;1.32;1.32;1.32;1.31;1.3198789604035155;397308;524398.47;15/04/2024;1.32
15/04/2024;1.32;1.32;1.32;1.3;1.317477594242065;217578;286654.14;12/04/2024;1.31
12/04/2024;1.35;1.31;1.35;1.3;1.315723187179464;659442;867643.13;11/04/2024;1.35
11/04/2024;1.32;1.35;1.35;1.32;1.3206124037669278;791308;1045011.16;10/04/2024;1.32
10/04/2024;1.44;1.43;1.44;1.42;1.433093386825442;1050373;1505282.6;09/04/2024;1.44
09/04/2024;1.45;1.44;1.45;1.44;1.4465865871306078;1380003;1996293.83;08/04/2024;1.45
08/04/2024;1.5;1.45;1.5;1.45;1.4711035328550184;1687870;2483031.52;05/04/2024;1.5
05/04/2024;1.54;1.5;1.55;1.45;1.5041715884313698;614109;923725.31;04/04/2024;1.6
04/04/2024;1.65;1.6;1.65;1.59;1.6037054271677433;974781;1563261.58;03/04/2024;1.65
03/04/2024;1.66;1.65;1.66;1.64;1.647483077960063;2077025;3421863.54;02/04/2024;1.66
02/04/2024;1.68;1.66;1.68;1.66;1.672296626984127;199584;333763.65;01/04/2024;1.68
01/04/2024;1.69;1.68;1.69;1.66;1.6767230766501695;56373;94521.91;27/03/2024;1.7
27/03/2024;1.71;1.7;1.71;1.69;1.700103894800241;119544;203237.22;26/03/2024;1.7
26/03/2024;1.77;1.7;1.77;1.7;1.7479238616490707;308780;539723.93;25/03/2024;1.75
25/03/2024;1.75;1.75;1.75;1.74;1.7497303970156246;110978;194181.58;22/03/2024;1.75
22/03/2024;1.72;1.75;1.75;1.72;1.7391188595928688;109154;189831.78;21/03/2024;1.72
21/03/2024;1.75;1.72;1.75;1.72;1.720655150298366;215172;370236.81;20/03/2024;1.74
20/03/2024;1.72;1.74;1.74;1.72;1.7290043533527564;88897;153703.3;19/03/2024;1.72
19/03/2024;1.72;1.72;1.72;1.72;1.7200069426102707;132515;227926.72;18/03/2024;1.73
18/03/2024;1.73;1.73;1.73;1.72;1.7252714932126696;49504;85407.84;15/03/2024;1.72
15/03/2024;1.72;1.72;1.72;1.71;1.719993079131771;1573502;2706412.55;14/03/2024;1.72
14/03/2024;1.72;1.72;1.72;1.72;1.72;229734;395142.48;13/03/2024;1.72
13/03/2024;1.7;1.72;1.73;1.7;1.7237759936977954;172638;297589.24;12/03/2024;1.73
12/03/2024;1.74;1.73;1.74;1.73;1.7315107121303561;66280;114764.53;11/03/2024;1.71
11/03/2024;1.71;1.71;1.71;1.71;1.7094717009014335;27068;46271.98;08/03/2024;1.71
08/03/2024;1.73;1.71;1.73;1.71;1.7198317561986465;69007;118680.43;07/03/2024;1.73
07/03/2024;1.71;1.73;1.73;1.71;1.716327307520052;49122;84309.43;06/03/2024;1.72
06/03/2024;1.71;1.72;1.72;1.71;1.7127843168026784;38232;65483.17;05/03/2024;1.72
05/03/2024;1.72;1.72;1.72;1.72;1.7197793311403509;65664;112927.59;04/03/2024;1.72
04/03/2024;1.71;1.72;1.72;1.71;1.7188177821201758;57316;98515.76;29/02/2024;1.73
01/03/2024;;;;;1.7250282902829028;4065;7012.24;29/02/2024;1.73
29/02/2024;1.71;1.73;1.73;1.71;1.7174561498289211;27765;47685.17;28/02/2024;1.7
28/02/2024;1.71;1.7;1.71;1.7;1.7049725960425084;38863;66260.35;27/02/2024;1.7
27/02/2024;1.72;1.7;1.72;1.7;1.7092754301908089;83277;142343.33;26/02/2024;1.72
26/02/2024;1.72;1.72;1.72;1.72;1.7216883558730969;23514;40483.78;23/02/2024;1.72
23/02/2024;1.7;1.72;1.73;1.7;1.710315142318962;191120;326875.43;22/02/2024;1.74
22/02/2024;1.75;1.74;1.75;1.7;1.7237689425340716;180942;311902.2;21/02/2024;1.75
21/02/2024;1.75;1.75;1.75;1.75;1.7478093256407832;52865;92397.94;20/02/2024;1.75
20/02/2024;1.72;1.75;1.8;1.72;1.7520830245287569;223982;392435.06;19/02/2024;1.72
19/02/2024;1.72;1.72;1.72;1.72;1.709814918676388;10698;18291.6;16/02/2024;1.72
16/02/2024;1.72;1.72;1.72;1.72;1.7203688700504347;111828;192385.41;15/02/2024;1.72
15/02/2024;1.7;1.72;1.72;1.68;1.6988588002750085;116360;197679.21;14/02/2024;1.7
14/02/2024;1.67;1.7;1.7;1.66;1.66799235267209;201116;335459.95;13/02/2024;1.65
13/02/2024;1.66;1.65;1.67;1.65;1.6614067906574395;36992;61458.76;12/02/2024;1.66
12/02/2024;1.66;1.66;1.66;1.66;1.6609619238476954;18463;30666.34;09/02/2024;1.66
09/02/2024;1.65;1.66;1.66;1.65;1.6528852921768458;54556;90174.81;08/02/2024;1.63
08/02/2024;1.64;1.63;1.65;1.63;1.6400745696325614;146038;239513.21;07/02/2024;1.62
07/02/2024;1.62;1.62;1.62;1.62;1.6199999999999999;26774;43373.88;06/02/2024;1.62
06/02/2024;1.61;1.62;1.62;1.6;1.6148447523210296;48793;78793.12;05/02/2024;1.6
05/02/2024;1.6;1.6;1.61;1.6;1.6069020916586696;209451;336567.25;02/02/2024;1.61
02/02/2024;1.61;1.61;1.61;1.61;1.6083450034178874;54127;87054.89;01/02/2024;1.61
01/02/2024;1.61;1.61;1.61;1.61;1.6087465168539326;22250;35794.61;31/01/2024;1.61
31/01/2024;1.6;1.61;1.61;1.6;1.6028490510758813;30719;49237.92;30/01/2024;1.61
30/01/2024;1.61;1.61;1.61;1.61;1.61025659637077;50975;82082.83;29/01/2024;1.6
29/01/2024;1.61;1.6;1.61;1.6;1.6022111120293088;36303;58165.07;26/01/2024;1.6
26/01/2024;1.6;1.6;1.61;1.6;1.6021183501706577;72953;116879.34;25/01/2024;1.6
25/01/2024;1.6;1.6;1.61;1.6;1.60109523248009;440984;706057.38;24/01/2024;1.6
24/01/2024;1.59;1.6;1.6;1.58;1.5918047340048633;320363;509955.34;23/01/2024;1.57
23/01/2024;1.59;1.57;1.59;1.57;1.5788144451430368;127240;200888.35;22/01/2024;1.59
22/01/2024;1.59;1.59;1.59;1.59;1.5896740523713606;16383;26043.63;19/01/2024;1.59
19/01/2024;1.59;1.59;1.59;1.59;1.5892913711176915;14521;23078.1;18/01/2024;1.59
18/01/2024;1.57;1.59;1.59;1.57;1.5751246905826284;27067;42633.9;17/01/2024;1.59
17/01/2024;1.57;1.59;1.59;1.57;1.583462236380499;99196;157073.12;16/01/2024;1.59
16/01/2024;1.58;1.59;1.59;1.58;1.582430217229323;34894;55217.32;15/01/2024;1.59
15/01/2024;1.59;1.59;1.59;1.59;1.5811924520323486;18919;29914.58;12/01/2024;1.59
12/01/2024;1.59;1.59;1.59;1.59;1.58979066067491;35827;56957.43;11/01/2024;1.59
11/01/2024;1.58;1.59;1.6;1.56;1.5924534367505232;254761;405695.03;10/01/2024;1.57
10/01/2024;1.57;1.57;1.57;1.57;1.570015686889682;50998;80067.66;09/01/2024;1.57
09/01/2024;1.57;1.57;1.57;1.57;1.5708099871058492;102372;160806.96;08/01/2024;1.59
08/01/2024;1.59;1.59;1.6;1.58;1.591012690341021;177379;282212.24;05/01/2024;1.58
05/01/2024;1.58;1.58;1.58;1.58;1.580186467511013;145280;229569.49;04/01/2024;1.59
04/01/2024;1.59;1.59;1.59;1.59;1.5853420029073193;25453;40351.71;03/01/2024;1.59
03/01/2024;1.55;1.59;1.59;1.55;1.5766218296192196;29886;47118.92;29/12/2023;1.6
02/01/2024;;;;;1.5805701473414477;3122;4934.54;29/12/2023;1.6
29/12/2023;1.59;1.6;1.6;1.59;1.5970716207457192;276163;441052.09;28/12/2023;1.6
28/12/2023;1.6;1.6;1.6;1.58;1.5959211048427444;115926;185008.75;27/12/2023;1.6
27/12/2023;1.6;1.6;1.61;1.58;1.59943150592369;133194;213034.68;26/12/2023;1.6
26/12/2023;1.58;1.6;1.6;1.58;1.5900550767683617;85517;135976.74;22/12/2023;1.57
22/12/2023;1.56;1.57;1.57;1.56;1.566016243920056;130141;203802.92;21/12/2023;1.53
21/12/2023;1.55;1.53;1.55;1.53;1.545432765720523;181403;280346.14;20/12/2023;1.5
20/12/2023;1.5;1.5;1.5;1.5;1.5;203292;304938;19/12/2023;1.5
19/12/2023;1.5;1.5;1.5;1.5;1.5005918826939195;99023;148593.11;18/12/2023;1.5
18/12/2023;1.5;1.5;1.5;1.5;1.4995378013325735;380767;570974.51;15/12/2023;1.5
15/12/2023;1.46;1.5;1.5;1.46;1.4858292455888966;382444;568246.48;14/12/2023;1.45
14/12/2023;1.4;1.45;1.45;1.4;1.4115256351426329;3210027;4531035.4;13/12/2023;1.4
13/12/2023;1.4;1.4;1.4;1.4;1.3999758118487968;588718;824190.96;12/12/2023;1.4
12/12/2023;1.4;1.4;1.4;1.4;1.3991513649073246;34691;48537.96;11/12/2023;1.4
11/12/2023;1.4;1.4;1.4;1.39;1.399684011845488;276561;387098.01;07/12/2023;1.4
07/12/2023;1.4;1.4;1.4;1.4;1.4000000000000001;72412;101376.8;01/12/2023;1.4
06/12/2023;;;;;1.3981267579223702;10666;14912.42;01/12/2023;1.4
05/12/2023;;;;;1.399266582779076;5563;7784.12;01/12/2023;1.4
04/12/2023;;;;;1.3980339321357285;16032;22413.28;01/12/2023;1.4
01/12/2023;1.4;1.4;1.4;1.4;1.3997039602744015;252331;353188.7;28/11/2023;1.38
30/11/2023;;;;;1.3856963193723317;8667;12009.83;28/11/2023;1.38
29/11/2023;;;;;1.3797389330306469;881;1215.55;28/11/2023;1.38
28/11/2023;1.37;1.38;1.38;1.37;1.3792705899803464;161802;223168.74;27/11/2023;1.38
27/11/2023;1.38;1.38;1.38;1.38;1.3799656357388317;72750;100392.5;24/11/2023;1.38
24/11/2023;1.38;1.38;1.38;1.38;1.3799710130924199;20699;28564.02;23/11/2023;1.36
23/11/2023;1.33;1.36;1.36;1.33;1.3441974445362659;62924;84582.28;22/11/2023;1.36
22/11/2023;1.36;1.36;1.36;1.36;1.3596868343154342;36147;49148.6;21/11/2023;1.37
21/11/2023;1.38;1.37;1.38;1.37;1.372985006926481;163142;223991.52;20/11/2023;1.38
20/11/2023;1.38;1.38;1.38;1.38;1.380007045372197;49678;68555.99;17/11/2023;1.38
17/11/2023;1.38;1.38;1.38;1.38;1.3799795052802368;35131;48480.06;16/11/2023;1.38
16/11/2023;1.38;1.38;1.4;1.36;1.3801793790405372;576656;795888.72;15/11/2023;1.39
15/11/2023;1.38;1.39;1.39;1.38;1.3828378243108403;4415594;6106050.4;13/11/2023;1.4
14/11/2023;;;;;1.3876100858761191;5473;7594.39;13/11/2023;1.4
13/11/2023;1.4;1.4;1.4;1.4;1.3998381778521787;19713;27595.01;10/11/2023;1.4
10/11/2023;1.38;1.4;1.4;1.38;1.3942067705754817;58577;81668.45;09/11/2023;1.4
09/11/2023;1.4;1.4;1.4;1.4;1.3999801204134954;17606;24648.05;07/11/2023;1.4
08/11/2023;;;;;1.4109756097560975;1927;2718.95;07/11/2023;1.4
07/11/2023;1.4;1.4;1.4;1.4;1.4001881325958536;106308;148851.2;06/11/2023;1.4
06/11/2023;1.4;1.4;1.4;1.4;1.4003674258702192;18616;26069.24;03/11/2023;1.4
03/11/2023;1.4;1.4;1.4;1.4;1.3999501300873096;267897;375042.44;02/11/2023;1.4
02/11/2023;1.4;1.4;1.4;1.4;1.4003001668797816;184564;258445;31/10/2023;1.4
31/10/2023;1.4;1.4;1.4;1.4;1.3999969063617577;323244;452540.6;30/10/2023;1.4
30/10/2023;1.4;1.4;1.4;1.4;1.3998790572774156;196622;275247.02;27/10/2023;1.41
27/10/2023;1.4;1.41;1.41;1.4;1.4011542573872473;164608;230641.2;26/10/2023;1.4
26/10/2023;1.4;1.4;1.4;1.4;1.4;16064;22489.6;25/10/2023;1.4
25/10/2023;1.4;1.4;1.4;1.4;1.4;72750;101850;24/10/2023;1.4
24/10/2023;1.4;1.4;1.4;1.4;1.3933563501849568;8110;11300.12;23/10/2023;1.4
23/10/2023;1.4;1.4;1.4;1.4;1.4;153957;215539.8;20/10/2023;1.41
20/10/2023;1.41;1.41;1.41;1.41;1.407672058599115;13106;18448.95;19/10/2023;1.41
19/10/2023;1.4;1.41;1.41;1.4;1.4089552396500726;2262069;3187153.97;18/10/2023;1.4
18/10/2023;1.42;1.4;1.42;1.4;1.408900014270085;126138;177715.83;17/10/2023;1.42
17/10/2023;1.42;1.42;1.42;1.4;1.4107133435770522;73541;103745.27;16/10/2023;1.42
16/10/2023;1.42;1.42;1.42;1.42;1.4317320195723573;14919;21360.01;11/10/2023;1.45
13/10/2023;;;;;1.4280672050013026;7678;10964.7;11/10/2023;1.45
12/10/2023;;;;;1.4362734192037472;3416;4906.31;11/10/2023;1.45
11/10/2023;1.45;1.45;1.46;1.42;1.4270157973504796;180410;257447.92;10/10/2023;1.45
10/10/2023;1.45;1.45;1.45;1.45;1.4638924135466;11191;16382.42;09/10/2023;1.42
09/10/2023;1.43;1.42;1.44;1.42;1.4276696403053932;195944;279743.3;06/10/2023;1.43
06/10/2023;1.43;1.43;1.43;1.41;1.4261478549900004;71002;101259.35;05/10/2023;1.42
05/10/2023;1.46;1.42;1.46;1.42;1.4401331995894373;42868;61735.63;04/10/2023;1.48
04/10/2023;1.48;1.48;1.48;1.48;1.4811475409836066;5368;7950.8;02/10/2023;1.5
03/10/2023;;;;;1.5058611361587015;2218;3340;02/10/2023;1.5
02/10/2023;1.5;1.5;1.5;1.5;1.502689674187767;21761;32700.03;29/09/2023;1.49
29/09/2023;1.48;1.49;1.49;1.48;1.4887820649850365;56136;83574.27;28/09/2023;1.48
28/09/2023;1.48;1.48;1.49;1.48;1.4872034318587581;40328;59975.94;27/09/2023;1.48
27/09/2023;1.48;1.48;1.48;1.48;1.4810302163947355;20287;30045.66;26/09/2023;1.48
26/09/2023;1.52;1.48;1.52;1.48;1.5081912307481082;123819;186742.73;25/09/2023;1.48
25/09/2023;1.48;1.48;1.48;1.48;1.479658547689506;61502;91001.96;22/09/2023;1.48
22/09/2023;1.48;1.48;1.5;1.47;1.4810205643768612;107127;158657.29;21/09/2023;1.47
21/09/2023;1.48;1.47;1.48;1.47;1.4800723662817759;156841;232136.03;20/09/2023;1.48
20/09/2023;1.5;1.48;1.5;1.48;1.4832804318887738;67610;100284.59;19/09/2023;1.49
19/09/2023;1.48;1.49;1.49;1.48;1.4833436229358559;60255;89378.87;18/09/2023;1.52
18/09/2023;1.52;1.52;1.52;1.52;1.5174629288409232;22794;34589.05;15/09/2023;1.5
15/09/2023;1.5;1.5;1.5;1.5;1.505449467620876;11458;17249.44;14/09/2023;1.48
14/09/2023;1.48;1.48;1.48;1.48;1.4836309523809523;11760;17447.5;13/09/2023;1.48
13/09/2023;1.49;1.48;1.49;1.48;1.488407135682781;45798;68166.07;12/09/2023;1.5
12/09/2023;1.5;1.5;1.5;1.49;1.4985573194306134;85355;127909.36;11/09/2023;1.5
11/09/2023;1.51;1.5;1.51;1.5;1.5051603368073956;84915;127810.69;08/09/2023;1.5
08/09/2023;1.51;1.5;1.51;1.5;1.5009772257658789;89048;133659.02;07/09/2023;1.51
07/09/2023;1.52;1.51;1.52;1.51;1.5128813385971729;48887;73960.23;06/09/2023;1.52
06/09/2023;1.52;1.52;1.52;1.52;1.52;20725;31502;05/09/2023;1.52
05/09/2023;1.52;1.52;1.52;1.51;1.5167270371044015;219920;333558.61;04/09/2023;1.54
04/09/2023;1.54;1.54;1.55;1.54;1.539454874197222;85173;131119.99;01/09/2023;1.55
01/09/2023;1.54;1.55;1.55;1.54;1.5493437592735473;168490;261048.93;31/08/2023;1.55
31/08/2023;1.52;1.55;1.55;1.52;1.537121623574694;131463;202074.62;29/08/2023;1.55
29/08/2023;1.55;1.55;1.55;1.55;1.549126026918371;17163;26587.65;28/08/2023;1.56
28/08/2023;1.56;1.56;1.56;1.53;1.5481295189067934;111891;173221.76;25/08/2023;1.55
25/08/2023;1.55;1.55;1.55;1.55;1.5493835402107021;38348;59415.76;24/08/2023;1.55
24/08/2023;1.55;1.55;1.56;1.55;1.5515223227877881;72258;112109.9;23/08/2023;1.56
23/08/2023;1.55;1.56;1.56;1.55;1.5502531580304202;135765;210470.12;22/08/2023;1.56
22/08/2023;1.55;1.56;1.56;1.55;1.5553680892769637;179576;279306.78;21/08/2023;1.53
21/08/2023;1.52;1.53;1.53;1.52;1.5213381542351454;98875;150422.31;18/08/2023;1.53
18/08/2023;1.53;1.53;1.53;1.52;1.5294266653314448;209703;320725.36;17/08/2023;1.53
17/08/2023;1.54;1.53;1.55;1.53;1.5361142857142858;78400;120431.36;16/08/2023;1.55
16/08/2023;1.55;1.55;1.55;1.54;1.5467064904884624;67129;103828.86;15/08/2023;1.55
15/08/2023;1.53;1.55;1.55;1.53;1.5483072435996788;141946;219776.02;14/08/2023;1.53
14/08/2023;1.55;1.53;1.55;1.53;1.5392928007112403;49491;76181.14;11/08/2023;1.55
11/08/2023;1.55;1.55;1.57;1.55;1.550360502189674;654892;1015318.69;10/08/2023;1.55
10/08/2023;1.55;1.55;1.55;1.55;1.5492943684782385;48779;75573.03;09/08/2023;1.55
09/08/2023;1.52;1.55;1.55;1.51;1.536690957356826;153694;236180.18;08/08/2023;1.55
08/08/2023;1.58;1.55;1.58;1.55;1.5515532511289831;496243;769947.44;07/08/2023;1.57
07/08/2023;1.57;1.57;1.57;1.57;1.572467218563055;16549;26022.76;04/08/2023;1.56
04/08/2023;1.56;1.56;1.56;1.56;1.5596305841399738;163745;255381.71;03/08/2023;1.53
03/08/2023;1.53;1.53;1.54;1.53;1.5310354774455266;164668;252112.55;02/08/2023;1.54
02/08/2023;1.54;1.54;1.54;1.54;1.5388770879146585;21373;32890.42;01/08/2023;1.53
01/08/2023;1.53;1.53;1.53;1.53;1.5292140798057956;13182;20158.1;31/07/2023;1.53
31/07/2023;1.53;1.53;1.53;1.53;1.5302733922116893;117304;179507.19;27/07/2023;1.53
27/07/2023;1.54;1.53;1.54;1.53;1.5391869373436171;38767;59669.66;26/07/2023;1.55
26/07/2023;1.53;1.55;1.55;1.53;1.5372682752030578;16744;25740.02;25/07/2023;1.53
25/07/2023;1.55;1.53;1.55;1.53;1.5481730688317152;320855;496739.07;21/07/2023;1.54
24/07/2023;;;;;1.5469426301853486;16995;26290.29;21/07/2023;1.54
21/07/2023;1.55;1.54;1.56;1.54;1.5460945709281961;74801;115649.42;20/07/2023;1.55
20/07/2023;1.55;1.55;1.55;1.55;1.552285238491733;42035;65250.31;19/07/2023;1.55
19/07/2023;1.55;1.55;1.57;1.55;1.5628031356946106;143764;224674.83;18/07/2023;1.55
18/07/2023;1.55;1.55;1.55;1.55;1.5521077072523515;42207;65509.81;17/07/2023;1.55
17/07/2023;1.64;1.55;1.64;1.55;1.567683977570837;80431;126090.39;14/07/2023;1.55
14/07/2023;1.56;1.55;1.56;1.55;1.556211691754497;109017;169653.53;13/07/2023;1.55
13/07/2023;1.54;1.55;1.56;1.54;1.5471981595614759;35209;54475.3;12/07/2023;1.54
12/07/2023;1.56;1.54;1.56;1.54;1.5525093181818184;44000;68310.41;11/07/2023;1.55
11/07/2023;1.56;1.55;1.56;1.54;1.550095599224337;161926;251000.78;10/07/2023;1.55
10/07/2023;1.56;1.55;1.56;1.55;1.5537232566466745;44684;69426.57;07/07/2023;1.55
07/07/2023;1.55;1.55;1.55;1.55;1.55;65539;101585.45;06/07/2023;1.55
06/07/2023;1.55;1.55;1.55;1.55;1.5495669001695296;31263;48444.11;05/07/2023;1.56
05/07/2023;1.58;1.56;1.58;1.56;1.572634914628955;274859;432252.86;04/07/2023;1.6
04/07/2023;1.58;1.6;1.6;1.58;1.5998170035582433;5280977;8448596.8;03/07/2023;1.55
03/07/2023;1.58;1.55;1.58;1.55;1.564251589886769;25788;40338.92;28/06/2023;1.6
30/06/2023;;;;;1.624415283674257;2591;4208.86;28/06/2023;1.6
28/06/2023;1.57;1.6;1.6;1.57;1.5755448532169525;117316;184836.62;27/06/2023;1.57
27/06/2023;1.58;1.57;1.58;1.56;1.5733575657525534;427664;672868.39;26/06/2023;1.59
26/06/2023;1.58;1.59;1.59;1.58;1.5830251927808836;97131;153760.82;23/06/2023;1.61
23/06/2023;1.61;1.61;1.61;1.61;1.6053242835595776;7956;12771.96;22/06/2023;1.61
22/06/2023;1.61;1.61;1.61;1.61;1.6116109801746845;7213;11624.55;21/06/2023;1.59
21/06/2023;1.58;1.59;1.59;1.58;1.58066992875324;86039;135999.26;20/06/2023;1.6
20/06/2023;1.58;1.6;1.6;1.58;1.5815132809764394;199910;316160.32;19/06/2023;1.6
19/06/2023;1.6;1.6;1.6;1.6;1.5987497305453762;46390;74166;16/06/2023;1.6
16/06/2023;1.6;1.6;1.6;1.6;1.598226511051705;15337;24512;15/06/2023;1.58
15/06/2023;1.67;1.58;1.67;1.55;1.5723621526829226;226954;356853.88;14/06/2023;1.57
14/06/2023;1.72;1.73;1.73;1.72;1.7291592479002174;107273;185492.1;13/06/2023;1.75
13/06/2023;1.75;1.75;1.78;1.75;1.7620364185926498;135645;239011.43;12/06/2023;1.75
12/06/2023;1.74;1.75;1.75;1.72;1.7397919677885607;19372;33703.25;09/06/2023;1.75
09/06/2023;1.74;1.75;1.75;1.73;1.7365043239865343;49607;86142.77;08/06/2023;1.73
08/06/2023;1.7;1.73;1.73;1.7;1.7236137924590011;107015;184452.53;07/06/2023;1.72
07/06/2023;1.72;1.72;1.72;1.72;1.7203377827593234;39256;67533.58;06/06/2023;1.72
06/06/2023;1.72;1.72;1.72;1.72;1.7200048586324816;53513;92042.62;05/06/2023;1.72
05/06/2023;1.7;1.72;1.72;1.7;1.716816965288986;48947;84033.04;02/06/2023;1.7
02/06/2023;1.72;1.7;1.72;1.7;1.7106225225102505;73411;125578.51;01/06/2023;1.72
01/06/2023;1.72;1.72;1.72;1.72;1.7199884583676834;24260;41726.92;31/05/2023;1.72
31/05/2023;1.68;1.72;1.73;1.68;1.7125460024695836;231618;396656.48;30/05/2023;1.68
30/05/2023;1.65;1.68;1.69;1.65;1.6778447600324449;72739;122044.75;29/05/2023;1.65
29/05/2023;1.65;1.65;1.65;1.65;1.6500552942796987;50819;83854.16;26/05/2023;1.65
26/05/2023;1.65;1.65;1.65;1.65;1.6579048422829412;18958;31430.56;25/05/2023;1.65
25/05/2023;1.65;1.65;1.66;1.65;1.651581896145248;180271;297732.32;24/05/2023;1.65
24/05/2023;1.65;1.65;1.65;1.65;1.6506058566139346;5942;9807.9;23/05/2023;1.64
23/05/2023;1.64;1.64;1.64;1.64;1.6403316749585408;6030;9891.2;22/05/2023;1.64
22/05/2023;1.64;1.64;1.64;1.64;1.6444176797577619;22127;36386.03;19/05/2023;1.65
19/05/2023;1.65;1.65;1.65;1.65;1.652680736416704;8908;14722.08;18/05/2023;1.63
18/05/2023;1.66;1.63;1.66;1.63;1.6349492646963046;153542;251033.38;16/05/2023;1.63
17/05/2023;;;;;1.6366953441295546;1976;3234.11;16/05/2023;1.63
16/05/2023;1.65;1.63;1.65;1.63;1.6345991913092133;94721;154830.87;15/05/2023;1.65
15/05/2023;1.65;1.65;1.65;1.64;1.6494333275596438;109693;180931.29;12/05/2023;1.65
12/05/2023;1.68;1.65;1.68;1.65;1.6680306070819078;233214;389008.09;11/05/2023;1.67
11/05/2023;1.67;1.67;1.67;1.67;1.670122482425497;46374;77450.26;10/05/2023;1.65
10/05/2023;1.68;1.65;1.68;1.65;1.6697380621866393;402691;672388.49;09/05/2023;1.67
09/05/2023;1.67;1.67;1.69;1.67;1.6820263210938289;119068;200275.51;08/05/2023;1.67
08/05/2023;1.67;1.67;1.67;1.67;1.6704267218387832;61867;103344.29;05/05/2023;1.67
05/05/2023;1.67;1.67;1.69;1.67;1.6745291486229616;139938;234330.26;04/05/2023;1.69
04/05/2023;1.7;1.69;1.7;1.69;1.6958681407376728;94161;159684.64;03/05/2023;1.66
03/05/2023;1.7;1.66;1.7;1.66;1.662071374535174;281557;467967.83;02/05/2023;1.7
02/05/2023;1.7;1.7;1.7;1.7;1.7103340819764177;14248;24368.84;28/04/2023;1.68
28/04/2023;1.68;1.68;1.68;1.68;1.6890291140822191;8003;13517.3;27/04/2023;1.68
27/04/2023;1.64;1.68;1.68;1.64;1.6616013281884514;306583;509418.72;24/04/2023;1.68
26/04/2023;;;;;1.65;1300;2145;24/04/2023;1.68
25/04/2023;;;;;1.6785248924400737;1627;2730.96;24/04/2023;1.68
24/04/2023;1.68;1.68;1.68;1.68;1.680951314562596;250958;421848.18;20/04/2023;1.69
21/04/2023;;;;;1.72;1639;2819.08;20/04/2023;1.69
20/04/2023;1.69;1.69;1.69;1.69;1.6900726199026415;12531;21178.3;19/04/2023;1.69
19/04/2023;1.83;1.82;1.83;1.8;1.8201943313782678;93603;170375.65;18/04/2023;1.82
18/04/2023;1.84;1.82;1.84;1.81;1.8224100393789886;88372;161050.02;17/04/2023;1.83
17/04/2023;1.8;1.83;1.83;1.8;1.825254605110187;77414;141300.26;14/04/2023;1.79
14/04/2023;1.8;1.79;1.8;1.79;1.7901526102944174;490596;878241.71;13/04/2023;1.8
13/04/2023;1.78;1.8;1.8;1.78;1.7863824872657232;132909;237426.31;12/04/2023;1.78
12/04/2023;1.78;1.78;1.79;1.78;1.7804942790283347;216659;385760.11;11/04/2023;1.78
11/04/2023;1.79;1.78;1.79;1.78;1.7869914464827228;73537;131409.99;10/04/2023;1.79
10/04/2023;1.79;1.79;1.79;1.79;1.7903480778708725;16232;29060.93;05/04/2023;1.8
05/04/2023;1.8;1.8;1.8;1.79;1.796739159971377;110401;198361.8;04/04/2023;1.8
04/04/2023;1.8;1.8;1.82;1.8;1.8029350738981358;136201;245561.56;03/04/2023;1.78
03/04/2023;1.78;1.78;1.78;1.78;1.779640504227836;38554;68612.26;31/03/2023;1.74
31/03/2023;1.74;1.74;1.74;1.74;1.752339226519337;9050;15858.67;30/03/2023;1.75
30/03/2023;1.74;1.75;1.75;1.74;1.7496290572447133;267885;468699.38;28/03/2023;1.73
29/03/2023;;;;;1.730174091141833;1953;3379.03;28/03/2023;1.73
28/03/2023;1.72;1.73;1.73;1.72;1.7235713881913988;424538;731721.55;27/03/2023;1.71
27/03/2023;1.71;1.71;1.71;1.71;1.7078917190428935;9069;15488.87;24/03/2023;1.71
24/03/2023;1.71;1.71;1.71;1.71;1.7098646531737578;15959;27287.73;23/03/2023;1.71
23/03/2023;1.7;1.71;1.71;1.7;1.705686934268518;21101;35991.7;22/03/2023;1.7
22/03/2023;1.71;1.7;1.71;1.7;1.7068470586023072;212722;363083.92;21/03/2023;1.71
21/03/2023;1.7;1.71;1.71;1.7;1.7041952065399144;32294;55035.28;20/03/2023;1.7
20/03/2023;1.7;1.7;1.7;1.7;1.699976642062973;42812;72779.4;17/03/2023;1.7
17/03/2023;1.7;1.7;1.7;1.7;1.6994008347919751;22281;37864.35;16/03/2023;1.72
16/03/2023;1.72;1.72;1.72;1.72;1.7205092109836635;17262;29699.43;15/03/2023;1.72
15/03/2023;1.72;1.72;1.72;1.72;1.7190563432720052;64462;110813.81;14/03/2023;1.72
14/03/2023;1.72;1.72;1.73;1.72;1.7200567922436467;920020;1582486.65;13/03/2023;1.72
13/03/2023;1.7;1.72;1.72;1.7;1.7154938439142342;40529;69527.25;10/03/2023;1.69
10/03/2023;1.69;1.69;1.69;1.69;1.6915791179330053;33943;57417.27;09/03/2023;1.7
09/03/2023;1.7;1.7;1.7;1.7;1.7031926424700279;18267;31112.22;07/03/2023;1.71
08/03/2023;;;;;;;;07/03/2023;1.71
07/03/2023;1.7;1.71;1.71;1.7;1.7021891418563921;13704;23326.8;06/03/2023;1.73
06/03/2023;1.73;1.73;1.73;1.73;1.7297846089595208;225079;389338.19;03/03/2023;1.71
03/03/2023;1.72;1.71;1.72;1.71;1.7136476815096076;43455;74466.56;02/03/2023;1.71
02/03/2023;1.72;1.71;1.72;1.71;1.7150450480182173;30301;51967.58;01/03/2023;1.72
01/03/2023;1.73;1.72;1.73;1.72;1.721906072644722;70480;121359.94;28/02/2023;1.73
28/02/2023;1.73;1.73;1.73;1.73;1.730031154381085;17975;31097.31;27/02/2023;1.73
27/02/2023;1.73;1.73;1.73;1.73;1.726156708703742;4837;8349.42;24/02/2023;1.7
24/02/2023;1.72;1.7;1.72;1.7;1.7170359260191081;155013;266162.89;23/02/2023;1.72
23/02/2023;1.72;1.72;1.72;1.72;1.7218089711706732;32571;56081.04;22/02/2023;1.74
22/02/2023;1.72;1.74;1.74;1.72;1.733384622875785;41074;71197.04;21/02/2023;1.72
21/02/2023;1.74;1.72;1.74;1.72;1.7242844188230722;216139;372685.11;20/02/2023;1.72
20/02/2023;1.72;1.72;1.72;1.72;1.7200068536411648;74413;127990.87;17/02/2023;1.72
17/02/2023;1.72;1.72;1.72;1.72;1.7192624935960135;42942;73828.57;16/02/2023;1.7
16/02/2023;1.7;1.7;1.7;1.7;1.7000008385423218;548571;932571.16;15/02/2023;1.7
15/02/2023;1.72;1.7;1.72;1.7;1.7187671202969217;137410;236175.79;14/02/2023;1.73
14/02/2023;1.72;1.73;1.73;1.72;1.7230506626404964;47688;82168.84;13/02/2023;1.72
13/02/2023;1.72;1.72;1.73;1.72;1.7266852090824427;239451;413456.5;10/02/2023;1.71
10/02/2023;1.71;1.71;1.71;1.71;1.7096833518312986;90100;154042.47;09/02/2023;1.71
09/02/2023;1.67;1.71;1.71;1.67;1.7083758379017793;157238;268621.6;08/02/2023;1.71
08/02/2023;1.71;1.71;1.73;1.71;1.720361039944531;203357;349847.46;07/02/2023;1.72
07/02/2023;1.71;1.72;1.72;1.71;1.7164133738601823;39480;67764;06/02/2023;1.71
06/02/2023;1.71;1.71;1.71;1.71;1.71;62833;107444.43;02/02/2023;1.71
03/02/2023;;;;;1.7366518847006653;1353;2349.69;02/02/2023;1.71
02/02/2023;1.69;1.71;1.71;1.69;1.6985163159938446;139066;236205.87;01/02/2023;1.7
01/02/2023;1.73;1.7;1.73;1.7;1.7079730199568877;86286;147374.16;31/01/2023;1.71
31/01/2023;1.74;1.71;1.74;1.71;1.722408678500986;38025;65494.59;30/01/2023;1.72
30/01/2023;1.72;1.72;1.72;1.71;1.7126977721039411;218547;374304.96;27/01/2023;1.72
27/01/2023;1.71;1.72;1.72;1.71;1.7183730313679553;30732;52809.04;26/01/2023;1.72
26/01/2023;1.73;1.72;1.73;1.72;1.7270105889559815;34281;59203.65;25/01/2023;1.73
25/01/2023;1.72;1.73;1.73;1.72;1.729557870462407;25151;43500.11;24/01/2023;1.72
24/01/2023;1.73;1.72;1.73;1.72;1.7290987511265612;77670;134299.1;23/01/2023;1.73
23/01/2023;1.72;1.73;1.73;1.72;1.7224076309436338;38108;65637.51;20/01/2023;1.75
20/01/2023;1.75;1.75;1.75;1.75;1.7540211640211638;5670;9945.3;19/01/2023;1.74
19/01/2023;1.77;1.74;1.77;1.74;1.7436811001342023;123694;215682.89;18/01/2023;1.77
18/01/2023;1.75;1.77;1.77;1.75;1.768861583482799;741530;1311663.93;17/01/2023;1.75
17/01/2023;1.73;1.75;1.75;1.73;1.738973399644112;87668;152452.32;16/01/2023;1.72
16/01/2023;1.73;1.72;1.74;1.72;1.729369536423841;177425;306833.39;13/01/2023;1.73
13/01/2023;1.73;1.73;1.73;1.73;1.729798817539826;24356;42130.98;12/01/2023;1.73
12/01/2023;1.73;1.73;1.74;1.73;1.7325821121453189;310490;537949.42;11/01/2023;1.73
11/01/2023;1.73;1.73;1.75;1.73;1.7442533415271162;26036;45413.38;10/01/2023;1.75
10/01/2023;1.74;1.75;1.75;1.74;1.7448851939825811;56835;99170.55;09/01/2023;1.7
09/01/2023;1.7;1.7;1.7;1.7;1.7074834066932159;14313;24439.21;06/01/2023;1.7
06/01/2023;1.7;1.7;1.7;1.7;1.7176290369088814;13872;23826.95;05/01/2023;1.76
05/01/2023;1.75;1.76;1.78;1.75;1.7607233621629845;39427;69420.04;04/01/2023;1.75
04/01/2023;1.74;1.75;1.75;1.74;1.7484366470530945;420967;736034.13;02/01/2023;1.75
03/01/2023;;;;;1.7320664045434688;6867;11894.1;02/01/2023;1.75
02/01/2023;1.72;1.75;1.75;1.72;1.7437344627566522;21722;37877.4;30/12/2022;1.69
30/12/2022;1.7;1.69;1.7;1.68;1.6946188823998447;46403;78635.4;29/12/2022;1.7
29/12/2022;1.7;1.7;1.7;1.7;1.698422341989221;6123;10399.44;28/12/2022;1.7
28/12/2022;1.7;1.7;1.7;1.69;1.6986138161674793;67877;115296.81;27/12/2022;1.7
27/12/2022;1.7;1.7;1.7;1.69;1.6983623566870085;143218;243236.06;26/12/2022;1.65
26/12/2022;1.65;1.65;1.65;1.65;1.653358540925267;6744;11150.25;23/12/2022;1.65
23/12/2022;1.65;1.65;1.65;1.65;1.6497067978286042;188266;310583.7;22/12/2022;1.65
22/12/2022;1.63;1.65;1.65;1.63;1.6378653889685355;26506;43413.26;21/12/2022;1.63
21/12/2022;1.63;1.63;1.63;1.6;1.62923353379067;335566;546715.38;20/12/2022;1.6
20/12/2022;1.59;1.6;1.6;1.59;1.5934901800327332;31772;50628.37;19/12/2022;1.59
19/12/2022;1.59;1.59;1.59;1.59;1.5896120326117515;28456;45234;16/12/2022;1.59
16/12/2022;1.6;1.59;1.6;1.58;1.5840522064905367;82212;130228.1;15/12/2022;1.58
15/12/2022;1.58;1.58;1.59;1.57;1.5786480514262755;29868;47151.06;14/12/2022;1.6
14/12/2022;1.57;1.6;1.6;1.57;1.5984850337586862;152109;243143.96;13/12/2022;1.61
13/12/2022;1.62;1.61;1.62;1.61;1.610432054067101;37287;60048.18;12/12/2022;1.62
12/12/2022;1.6;1.62;1.62;1.58;1.6077264895772194;105634;169830.58;07/12/2022;1.6
07/12/2022;1.57;1.6;1.6;1.55;1.563112559258275;357545;558883.08;06/12/2022;1.57
06/12/2022;1.6;1.57;1.6;1.57;1.5741205597416577;23225;36558.95;05/12/2022;1.57
05/12/2022;1.57;1.57;1.57;1.55;1.5591032139364507;603310;940622.56;02/12/2022;1.56
02/12/2022;1.55;1.56;1.56;1.55;1.5595361149628135;15866;24743.6;01/12/2022;1.54
01/12/2022;1.57;1.54;1.57;1.53;1.5439547341725213;302038;466333;30/11/2022;1.53
30/11/2022;1.6;1.53;1.6;1.53;1.557664655043148;460159;716773.41;29/11/2022;1.63
29/11/2022;1.63;1.63;1.63;1.63;1.6299388856671275;22417;36538.34;28/11/2022;1.65
28/11/2022;1.64;1.65;1.65;1.64;1.6468134422110554;31840;52434.54;25/11/2022;1.65
25/11/2022;1.65;1.65;1.65;1.65;1.6541227720138334;60144;99485.56;24/11/2022;1.65
24/11/2022;1.61;1.65;1.65;1.61;1.6323796380933788;225362;367876.34;23/11/2022;1.63
23/11/2022;1.63;1.63;1.63;1.61;1.6271187907060445;144481;235087.75;22/11/2022;1.6
22/11/2022;1.6;1.6;1.6;1.6;1.6000087823850448;31882;51011.48;21/11/2022;1.6
21/11/2022;1.6;1.6;1.6;1.57;1.582584170788857;192050;303935.29;18/11/2022;1.6
18/11/2022;1.6;1.6;1.6;1.6;1.6002796690826562;40977;65574.66;17/11/2022;1.6
17/11/2022;1.6;1.6;1.6;1.6;1.5995087724874453;62924;100647.49;16/11/2022;1.6
16/11/2022;1.6;1.6;1.61;1.6;1.605419964014458;62803;100825.19;15/11/2022;1.6
15/11/2022;1.6;1.6;1.6;1.6;1.6017802775570091;16357;26200.32;14/11/2022;1.6
14/11/2022;1.59;1.6;1.6;1.58;1.5835813551371782;108727;172178.05;11/11/2022;1.56
11/11/2022;1.59;1.56;1.6;1.53;1.5580625636259018;542232;844831.38;10/11/2022;1.6
10/11/2022;1.6;1.6;1.62;1.59;1.6173587695828224;741147;1198700.6;09/11/2022;1.6
09/11/2022;1.6;1.6;1.6;1.59;1.599640795381655;38975;62346;08/11/2022;1.6
08/11/2022;1.6;1.6;1.63;1.6;1.6006468178093418;109830;175799.04;07/11/2022;1.6
07/11/2022;1.63;1.6;1.63;1.6;1.6136476477153583;29567;47710.72;04/11/2022;1.64
04/11/2022;1.58;1.64;1.64;1.58;1.6180107449470524;1576555;2550882.93;03/11/2022;1.58
03/11/2022;1.58;1.58;1.58;1.58;1.5800124533001245;32120;50750;02/11/2022;1.58
02/11/2022;1.58;1.58;1.58;1.57;1.5779190872091002;28747;45360.44;31/10/2022;1.58
31/10/2022;1.6;1.58;1.63;1.57;1.587828502220428;123850;196652.56;28/10/2022;1.58
28/10/2022;1.56;1.58;1.58;1.56;1.5675729968056868;44454;69684.89;27/10/2022;1.55
27/10/2022;1.54;1.55;1.55;1.54;1.5496678449612402;161250;249883.94;26/10/2022;1.54
26/10/2022;1.55;1.54;1.55;1.54;1.5464750330162658;59819;92508.59;25/10/2022;1.54
25/10/2022;1.51;1.54;1.54;1.51;1.5178311280862093;21993;33381.66;24/10/2022;1.52
24/10/2022;1.51;1.52;1.52;1.51;1.5181998429524932;25470;38668.55;21/10/2022;1.52
21/10/2022;1.52;1.52;1.52;1.52;1.5262547036688618;17008;25958.54;19/10/2022;1.51
20/10/2022;;;;;1.5284202211690363;1899;2902.47;19/10/2022;1.51
19/10/2022;1.52;1.51;1.52;1.51;1.5136761188930645;17562;26583.18;17/10/2022;1.52
18/10/2022;;;;;1.5042997648064997;9354;14071.22;17/10/2022;1.52
17/10/2022;1.55;1.52;1.55;1.5;1.545930201342282;152725;236102.19;14/10/2022;1.58
14/10/2022;1.58;1.58;1.58;1.58;1.5784936002625534;6094;9619.34;13/10/2022;1.5
13/10/2022;1.5;1.5;1.5;1.5;1.4996800583184837;24692;37030.1;12/10/2022;1.51
12/10/2022;1.51;1.51;1.51;1.51;1.510200364298725;17568;26531.2;11/10/2022;1.51
11/10/2022;1.53;1.51;1.53;1.51;1.5276049542379626;40208;61421.94;10/10/2022;1.51
10/10/2022;1.51;1.51;1.51;1.51;1.510301863979849;49625;74948.73;07/10/2022;1.52
07/10/2022;1.52;1.52;1.52;1.52;1.5199835054724835;64870;98601.33;06/10/2022;1.51
06/10/2022;1.51;1.51;1.51;1.51;1.5100040592747157;8597595;12982403.35;05/10/2022;1.51
05/10/2022;1.56;1.51;1.56;1.51;1.5101964731028419;3098134;4678791.04;04/10/2022;1.5
04/10/2022;1.5;1.5;1.5;1.5;1.5000036733690085;321231;481847.68;03/10/2022;1.48
03/10/2022;1.5;1.48;1.5;1.48;1.4851032841119987;24786;36809.77;30/09/2022;1.48
30/09/2022;1.48;1.48;1.48;1.48;1.4810388890812758;28877;42767.96;29/09/2022;1.48
29/09/2022;1.45;1.48;1.48;1.45;1.4764817130696153;91158;134593.12;28/09/2022;1.45
28/09/2022;1.46;1.45;1.47;1.45;1.4613411882677363;15956;23317.16;27/09/2022;1.45
27/09/2022;1.45;1.45;1.45;1.45;1.4499762077586902;148788;215739.06;26/09/2022;1.44
26/09/2022;1.48;1.44;1.48;1.44;1.4412984086182739;224082;322969.03;22/09/2022;1.5
23/09/2022;;;;;1.4904594222833563;3635;5417.82;22/09/2022;1.5
22/09/2022;1.5;1.5;1.5;1.5;1.4999994402270518;1018270;1527404.43;21/09/2022;1.5
21/09/2022;1.5;1.5;1.5;1.5;1.499991461759292;12016527;18024687.9;20/09/2022;1.5
20/09/2022;1.5;1.5;1.5;1.5;1.4999999585017756;7229225;10843837.2;19/09/2022;1.5
19/09/2022;1.45;1.5;1.5;1.45;1.4792826774599503;29401;43492.39;16/09/2022;1.44
16/09/2022;1.49;1.44;1.49;1.44;1.4431324671546673;591256;853260.73;15/09/2022;1.5
15/09/2022;1.5;1.5;1.5;1.5;1.5012765819502074;15424;23155.69;14/09/2022;1.5
14/09/2022;1.5;1.5;1.53;1.5;1.5221627125402295;280888;427557.24;13/09/2022;1.5
13/09/2022;1.52;1.5;1.52;1.49;1.4900109787887215;32012639;47699183.57;12/09/2022;1.48
12/09/2022;1.48;1.48;1.48;1.48;1.4859368278048228;17666;26250.56;09/09/2022;1.48
09/09/2022;1.48;1.48;1.48;1.46;1.4762831393165603;39945;58970.13;08/09/2022;1.45
08/09/2022;1.45;1.45;1.45;1.45;1.45041349478225;252216;365817.49;07/09/2022;1.44
07/09/2022;1.44;1.44;1.44;1.44;1.440668432888136;219678;316483.16;06/09/2022;1.48
06/09/2022;1.48;1.48;1.48;1.48;1.4799531542785758;32020;47388.1;05/09/2022;1.48
05/09/2022;1.48;1.48;1.48;1.48;1.4772702201512053;21031;31068.47;02/09/2022;1.48
02/09/2022;1.48;1.48;1.48;1.47;1.4787365889266415;190421;281582.5;01/09/2022;1.45
01/09/2022;1.44;1.45;1.45;1.44;1.440287229308251;265154;381897.92;31/08/2022;1.44
31/08/2022;1.49;1.44;1.49;1.44;1.44122235512136;508322;732605.03;29/08/2022;1.5
29/08/2022;1.49;1.5;1.5;1.49;1.4902864487921643;327528;488110.54;26/08/2022;1.49
26/08/2022;1.5;1.49;1.5;1.49;1.4919300597964589;120074;179142.01;25/08/2022;1.5
25/08/2022;1.5;1.5;1.5;1.5;1.4997893630275658;77052;115561.77;24/08/2022;1.5
24/08/2022;1.55;1.5;1.55;1.49;1.5158424708142455;33835;51288.53;23/08/2022;1.5
23/08/2022;1.47;1.5;1.5;1.47;1.4981174287365764;328710;492446.18;22/08/2022;1.47
22/08/2022;1.5;1.47;1.5;1.42;1.4539826964535012;315889;459297.14;19/08/2022;1.56
19/08/2022;1.55;1.56;1.56;1.55;1.5503823870220164;79396;123094.16;18/08/2022;1.55
18/08/2022;1.55;1.55;1.56;1.55;1.5563690270501886;72347;112598.63;17/08/2022;1.55
17/08/2022;1.57;1.55;1.59;1.55;1.5585066402114196;239902;373888.86;15/08/2022;1.55
16/08/2022;;;;;1.5801163001998908;11006;17390.76;15/08/2022;1.55
15/08/2022;1.6;1.55;1.6;1.55;1.5625476424800933;67062;104787.57;12/08/2022;1.58
12/08/2022;1.6;1.58;1.6;1.58;1.589368281414391;43722;69490.36;11/08/2022;1.6
11/08/2022;1.6;1.6;1.6;1.6;1.6003225039996198;63131;101029.96;10/08/2022;1.56
10/08/2022;1.56;1.56;1.56;1.55;1.5580564228367528;44840;69863.25;08/08/2022;1.55
09/08/2022;;;;;1.5589884551951623;3638;5671.6;08/08/2022;1.55
08/08/2022;1.56;1.55;1.56;1.55;1.559945466482451;656477;1024068.32;05/08/2022;1.56
05/08/2022;1.57;1.56;1.57;1.56;1.5640205358575325;24932;38994.16;04/08/2022;1.57
04/08/2022;1.55;1.57;1.57;1.55;1.5621496125189471;140523;219517.95;03/08/2022;1.57
03/08/2022;1.58;1.57;1.58;1.57;1.5691503653461778;30519;47888.9;02/08/2022;1.58
02/08/2022;1.6;1.58;1.6;1.58;1.5811600389671514;274077;433359.6;01/08/2022;1.59
01/08/2022;1.59;1.59;1.59;1.59;1.5884847121037384;35551;56472.22;26/07/2022;1.54
27/07/2022;;;;;1.5544219066937117;2958;4597.98;26/07/2022;1.54
26/07/2022;1.54;1.54;1.54;1.53;1.5375391689373297;76336;117369.59;25/07/2022;1.52
25/07/2022;1.56;1.52;1.56;1.5;1.5193521240925274;2121965;3224012.03;21/07/2022;1.57
22/07/2022;;;;;1.5945038167938932;131;208.88;21/07/2022;1.57
21/07/2022;1.55;1.57;1.57;1.55;1.5513615589463077;166728;258655.41;20/07/2022;1.5
20/07/2022;1.46;1.5;1.5;1.46;1.4610809554491437;991743;1449016.81;19/07/2022;1.46
19/07/2022;1.5;1.46;1.5;1.45;1.4769975581271897;84771;125206.56;18/07/2022;1.46
18/07/2022;1.46;1.46;1.46;1.46;1.4601896609257632;146841;214415.71;15/07/2022;1.46
15/07/2022;1.5;1.46;1.5;1.46;1.4624977385196616;56379;82454.16;14/07/2022;1.46
14/07/2022;1.55;1.46;1.55;1.46;1.5031990741469712;127018;190933.34;13/07/2022;1.46
13/07/2022;1.59;1.59;1.59;1.59;1.5892376687352057;78155;124206.87;12/07/2022;1.59
12/07/2022;1.6;1.59;1.6;1.59;1.5983589882988072;158189;252842.81;11/07/2022;1.62
11/07/2022;1.65;1.62;1.65;1.62;1.6410900336465948;34476;56578.22;08/07/2022;1.65
08/07/2022;1.69;1.65;1.69;1.65;1.662438956970423;32559;54127.35;07/07/2022;1.7
07/07/2022;1.69;1.7;1.7;1.69;1.6933201515900478;12138;20553.52;05/07/2022;1.7
06/07/2022;;;;;1.6996402877697843;3058;5197.5;05/07/2022;1.7
05/07/2022;1.7;1.7;1.7;1.7;1.7;17738;30154.6;04/07/2022;1.7
04/07/2022;1.7;1.7;1.7;1.7;1.7;26031;44252.7;01/07/2022;1.7
01/07/2022;1.7;1.7;1.7;1.7;1.7006440229378033;15869;26987.52;30/06/2022;1.7
30/06/2022;1.7;1.7;1.7;1.7;1.6999901778893376;36652;62308.04;28/06/2022;1.68
28/06/2022;1.65;1.68;1.7;1.65;1.6687848816672555;28310;47243.3;24/06/2022;1.59
27/06/2022;;;;;1.6074685185185185;5400;8680.33;24/06/2022;1.59
24/06/2022;1.59;1.59;1.59;1.59;1.5908833254605574;10585;16839.5;23/06/2022;1.59
23/06/2022;1.6;1.59;1.6;1.53;1.5704173065630787;177112;278139.75;22/06/2022;1.64
22/06/2022;1.63;1.64;1.64;1.55;1.558325080009673;459007;715282.12;21/06/2022;1.63
21/06/2022;1.77;1.63;1.77;1.63;1.6655796754004455;235675;392535.49;17/06/2022;1.77
20/06/2022;;;;;1.85135593220339;59;109.23;17/06/2022;1.77
17/06/2022;1.77;1.77;1.77;1.77;1.7722509765625;4096;7259.14;16/06/2022;1.73
16/06/2022;1.68;1.73;1.73;1.68;1.6993273283199737;24202;41127.12;15/06/2022;1.68
15/06/2022;1.68;1.68;1.68;1.68;1.6801050745296082;24554;41253.3;14/06/2022;1.69
14/06/2022;1.67;1.69;1.69;1.67;1.6811647590651149;62382;104874.42;13/06/2022;1.69
13/06/2022;1.69;1.69;1.7;1.69;1.6903207473561013;474205;801558.55;10/06/2022;1.69
10/06/2022;1.69;1.69;1.7;1.65;1.6965887316804078;335365;568976.48;09/06/2022;1.7
09/06/2022;1.7;1.7;1.7;1.7;1.699937463357436;10234;17397.16;08/06/2022;1.7
08/06/2022;1.67;1.7;1.7;1.67;1.673182911957959;583051;975550.97;07/06/2022;1.67
07/06/2022;1.67;1.67;1.67;1.67;1.6699532945519633;35756;59710.85;06/06/2022;1.64
06/06/2022;1.6;1.64;1.64;1.57;1.6000287115730043;11873261;18997558.5;03/06/2022;1.6
03/06/2022;1.6;1.6;1.6;1.6;1.5999874639707872;631779;1010838.48;02/06/2022;1.6
02/06/2022;1.55;1.6;1.6;1.55;1.589279008755571;94911;150840.06;01/06/2022;1.52
01/06/2022;1.51;1.52;1.56;1.51;1.5424344023323615;65856;101578.56;31/05/2022;1.51
31/05/2022;1.6;1.51;1.6;1.47;1.501563127624612;438160;657924.9;30/05/2022;1.65
30/05/2022;1.67;1.65;1.67;1.65;1.6584291400536886;10803;17916.01;27/05/2022;1.62
27/05/2022;1.6;1.62;1.62;1.6;1.60162231063386;51778;82928.8;26/05/2022;1.55
26/05/2022;1.55;1.55;1.55;1.55;1.5499868185173469;37932;58794.1;25/05/2022;1.5
25/05/2022;1.5;1.5;1.5;1.5;1.5;168406;252609;24/05/2022;1.5
24/05/2022;1.5;1.5;1.5;1.5;1.5;90480;135720;23/05/2022;1.5
23/05/2022;1.5;1.5;1.52;1.43;1.4885275151603048;551605;821079.22;20/05/2022;1.5
20/05/2022;1.5;1.5;1.5;1.5;1.4998591131719696;84323;126472.62;19/05/2022;1.5
19/05/2022;1.5;1.5;1.51;1.5;1.5016802622482883;224215;336699.24;18/05/2022;1.5
18/05/2022;1.5;1.5;1.5;1.49;1.4993433547500707;197976;296834;17/05/2022;1.5
17/05/2022;1.5;1.5;1.56;1.43;1.456278906095552;379375;552475.81;16/05/2022;1.5
16/05/2022;1.6;1.5;1.6;1.5;1.5244715572854861;258713;394400.61;13/05/2022;1.5
13/05/2022;1.57;1.5;1.57;1.5;1.5061368133333335;1500000;2259205.22;12/05/2022;1.5
12/05/2022;1.55;1.5;1.6;1.5;1.507960774330001;510635;770017.55;11/05/2022;1.55
11/05/2022;1.68;1.55;1.68;1.55;1.5653646790677156;136010;212905.25;10/05/2022;1.6
10/05/2022;1.6;1.6;1.62;1.56;1.5928556157291658;452764;721187.68;09/05/2022;1.6
09/05/2022;1.66;1.6;1.66;1.6;1.6172668844860436;167417;270757.97;06/05/2022;1.6
06/05/2022;1.66;1.6;1.67;1.6;1.6272606877935303;1822640;2965910.42;05/05/2022;1.65
05/05/2022;1.77;1.65;1.77;1.65;1.6770470957244263;1401847;2350963.44;04/05/2022;1.77
04/05/2022;1.8;1.77;1.8;1.77;1.79282283712965;77663;139236;03/05/2022;1.78
03/05/2022;1.78;1.78;1.78;1.78;1.7790127183649231;40414;71897.02;02/05/2022;1.75
02/05/2022;1.78;1.75;1.78;1.75;1.776670386722851;347665;617686.11;29/04/2022;1.78
29/04/2022;1.78;1.78;1.78;1.78;1.7793138936535164;17490;31120.2;28/04/2022;1.78
28/04/2022;1.82;1.78;1.82;1.78;1.7936744541962082;128068;229712.3;27/04/2022;1.8
27/04/2022;1.8;1.8;1.8;1.8;1.8;413348;744026.4;26/04/2022;1.74
26/04/2022;1.78;1.74;1.78;1.74;1.7737055808386473;591524;1049189.42;25/04/2022;1.79
25/04/2022;1.84;1.79;1.84;1.79;1.8198457430000539;519004;944507.22;22/04/2022;1.86
22/04/2022;1.87;1.86;1.87;1.86;1.869768713822445;319777;597909.03;21/04/2022;1.87
21/04/2022;1.88;1.87;1.88;1.87;1.8800904245701344;580705;1091777.91;20/04/2022;1.88
20/04/2022;2;2;2;2;2;417700;835400;19/04/2022;2
19/04/2022;2;2;2.01;2;2.0010264528836776;543230;1087017.6;18/04/2022;2
18/04/2022;2.1;2;2.1;2;2.0848211890226573;703704;1467097.01;13/04/2022;2.1
13/04/2022;2.2;2.1;2.2;2.1;2.160638797768002;1383693;2989660.78;12/04/2022;2.2
12/04/2022;2.2;2.2;2.2;2.2;2.2;7246;15941.2;11/04/2022;2.2
11/04/2022;2.2;2.2;2.2;2.2;2.199657604601794;14603;32121.6;08/04/2022;2.2
08/04/2022;2.2;2.2;2.2;2.2;2.201798894633624;28045;61749.45;07/04/2022;2.21
07/04/2022;2.2;2.21;2.21;2.2;2.202495979302147;28602;62995.79;06/04/2022;2.22
06/04/2022;2.23;2.22;2.23;2.22;2.2246504665088427;43086;95851.29;05/04/2022;2.25
05/04/2022;2.25;2.25;2.25;2.25;2.2582836710369487;8390;18947;04/04/2022;2.25
04/04/2022;2.3;2.25;2.3;2.24;2.294735368067003;600570;1378149.22;01/04/2022;2.24
01/04/2022;2.24;2.24;2.24;2.24;2.2402835232489067;37034;82966.66;31/03/2022;2.24
31/03/2022;2.21;2.24;2.25;2.21;2.247349972239114;189115;425007.59;30/03/2022;2.21
30/03/2022;2.17;2.21;2.22;2.17;2.20411146229762;77515;170851.7;29/03/2022;2.18
29/03/2022;2.2;2.18;2.2;2.18;2.195994749737487;57140;125479.14;28/03/2022;2.2
28/03/2022;2.18;2.2;2.22;2.18;2.201418959554954;106416;234266.2;25/03/2022;2.2
25/03/2022;2.2;2.2;2.2;2.2;2.2;528018;1161639.6;24/03/2022;2.2
24/03/2022;2.2;2.2;2.2;2.19;2.1923789427801554;50472;110653.75;22/03/2022;2.2
23/03/2022;;;;;;;;22/03/2022;2.2
22/03/2022;2.2;2.2;2.22;2.2;2.2016213306092585;144881;318973.1;21/03/2022;2.2
21/03/2022;2.2;2.2;2.2;2.2;2.2000134831460674;35600;78320.48;18/03/2022;2.2
18/03/2022;2.2;2.2;2.2;2.2;2.2002281519690507;20162;44361;17/03/2022;2.23
17/03/2022;2.23;2.23;2.23;2.23;2.23;35050;78161.5;16/03/2022;2.23
16/03/2022;2.19;2.23;2.23;2.19;2.2152622427389885;259950;575857.42;15/03/2022;2.18
15/03/2022;2.17;2.18;2.18;2.16;2.1751758910169405;99465;216353.87;14/03/2022;2.17
14/03/2022;2.19;2.17;2.19;2.17;2.175069937223401;92869;201996.57;11/03/2022;2.16
11/03/2022;2.17;2.16;2.19;2.16;2.1797337308735534;96594;210549.2;10/03/2022;2.17
10/03/2022;2.15;2.17;2.17;2.12;2.164343909344669;1651883;3575242.91;09/03/2022;2.15
09/03/2022;2.1;2.15;2.16;2.1;2.143103285014755;154185;330434.38;08/03/2022;2.08
08/03/2022;2.1;2.08;2.1;2.05;2.0968964689148124;541335;1135123.45;07/03/2022;2.1
07/03/2022;2.12;2.1;2.12;2.1;2.1076896566579073;23213;48925.8;04/03/2022;2.19
04/03/2022;2.19;2.19;2.19;2.18;2.185934593023256;27520;60156.92;03/03/2022;2.19
03/03/2022;2.13;2.19;2.19;2.13;2.145300778787405;421938;905183.92;02/03/2022;2.14
02/03/2022;2.15;2.14;2.16;2.14;2.1446442166910686;187825;402817.8;01/03/2022;2.18
01/03/2022;2.22;2.18;2.22;2.18;2.1971456237559845;18589;40842.74;28/02/2022;2.23
28/02/2022;2.1;2.23;2.23;2.1;2.2145374329061434;955937;2116958.27;25/02/2022;2.1
25/02/2022;2.05;2.1;2.1;2.05;2.0765528531006003;2115155;4392231.15;24/02/2022;1.98
24/02/2022;2;1.98;2;1.96;1.97268351170123;45038;88845.72;23/02/2022;2.08
23/02/2022;2.09;2.08;2.1;2.07;2.083321175957678;307358;640325.43;22/02/2022;2.09
22/02/2022;2.09;2.09;2.09;2.09;2.0910040000000003;10000;20910.04;21/02/2022;2.1
21/02/2022;2.1;2.1;2.1;2.1;2.0854166666666667;12000;25025;18/02/2022;2.1
18/02/2022;2.1;2.1;2.1;2.1;2.0999999999999996;9386;19710.6;17/02/2022;2.12
17/02/2022;2.11;2.12;2.15;2.11;2.113558365780128;637197;1346753.05;16/02/2022;2.11
16/02/2022;2.04;2.11;2.12;2.04;2.090388060876927;152373;318518.7;15/02/2022;2.04
15/02/2022;2;2.04;2.04;2;2.0208906751762163;99026;200120.72;14/02/2022;2
14/02/2022;2;2;2;2;2;494929;989858;11/02/2022;2
11/02/2022;2.05;2;2.06;2;2.039162077507319;97694;199213.9;10/02/2022;2.03
10/02/2022;2;2.03;2.04;2;2.0189055889227494;135196;272947.96;09/02/2022;1.99
09/02/2022;1.96;1.99;1.99;1.95;1.9506482748745837;1550438;3024359.21;08/02/2022;1.95
08/02/2022;1.95;1.95;1.95;1.91;1.9481588278893678;2162731;4213343.49;07/02/2022;1.9
07/02/2022;1.94;1.9;1.95;1.89;1.9122744507040281;856642;1638134.61;04/02/2022;1.94
04/02/2022;1.94;1.94;1.94;1.94;1.9400000000000002;2940;5703.6;03/02/2022;1.94
03/02/2022;1.95;1.94;1.95;1.94;1.946097166210329;74141;144285.59;02/02/2022;1.95
02/02/2022;1.97;1.95;1.97;1.9;1.9520488107239824;4293032;8380208.01;01/02/2022;2
01/02/2022;2;2;2;1.98;1.9991200116941967;342050;683799;31/01/2022;2.02
31/01/2022;2.02;2.02;2.02;2;2.0196489287939827;455748;920450.96;28/01/2022;2.02
28/01/2022;2;2.02;2.02;2;2.0134012920452102;353548;711834;27/01/2022;2
27/01/2022;2;2;2;2;2;24508;49016;26/01/2022;2
26/01/2022;2;2;2.01;2;2.0007651025713624;77702;155463.45;25/01/2022;2
25/01/2022;2;2;2;2;2.000082850041425;12070;24141;24/01/2022;2
24/01/2022;2.05;2;2.05;2;2.001002227171492;404100;808605;21/01/2022;2.05
21/01/2022;2.05;2.05;2.05;2.05;2.05;521040;1068132;20/01/2022;2.05
20/01/2022;2.05;2.05;2.06;2.05;2.0540680167725074;131644;270405.73;19/01/2022;2.06
19/01/2022;2;2.06;2.07;2;2.0120512615185095;512002;1030174.27;18/01/2022;1.99
18/01/2022;1.94;1.99;1.99;1.94;1.9644756203822575;193953;381015.94;17/01/2022;1.94
17/01/2022;1.84;1.94;1.94;1.84;1.922466192986477;17452;33550.88;14/01/2022;1.94
14/01/2022;1.97;1.94;1.97;1.94;1.9584791095551077;151385;296484.36;13/01/2022;1.97
13/01/2022;1.9;1.97;1.98;1.9;1.971928087191514;515096;1015732.27;12/01/2022;1.9
12/01/2022;1.83;1.9;1.93;1.83;1.8395170646749506;1194280;2196898.44;11/01/2022;1.8
11/01/2022;1.8;1.8;1.8;1.8;1.7999900685804782;521577;938833.42;10/01/2022;1.8
10/01/2022;1.84;1.8;1.84;1.8;1.8266360534931079;798458;1458492.17;07/01/2022;1.84
07/01/2022;1.9;1.84;1.9;1.84;1.8481059832635984;478000;883394.66;06/01/2022;1.82
06/01/2022;1.81;1.82;1.82;1.81;1.8106076797320467;501580;908164.6;05/01/2022;1.8
05/01/2022;1.81;1.8;1.85;1.8;1.8089785997701697;461210;834319.02;04/01/2022;1.81
04/01/2022;1.85;1.81;1.85;1.8;1.8047069008162255;202150;364821.5;03/01/2022;1.81
03/01/2022;1.81;1.81;1.81;1.81;1.81;82000;148420;31/12/2021;1.81
31/12/2021;1.81;1.81;1.81;1.8;1.8087153323564675;37535;67890.13;30/12/2021;1.81
30/12/2021;1.81;1.81;1.81;1.8;1.8094733700803989;626626;1133863.06;29/12/2021;1.81
29/12/2021;1.81;1.81;1.81;1.8;1.8088858014849907;65859;119131.41;28/12/2021;1.81
28/12/2021;1.85;1.81;1.85;1.81;1.8107786361700835;164390;297673.9;27/12/2021;1.81
27/12/2021;1.81;1.81;1.81;1.78;1.7883496420492313;1529959;2736101.63;24/12/2021;1.8
24/12/2021;1.8;1.8;1.8;1.8;1.8;4369;7864.2;23/12/2021;1.82
23/12/2021;1.82;1.82;1.85;1.82;1.824411190053286;112600;205428.7;22/12/2021;1.82
22/12/2021;1.82;1.82;1.82;1.82;1.8199999999999998;9078;16521.96;21/12/2021;1.82
21/12/2021;1.82;1.82;1.83;1.82;1.82019;200000;364038;20/12/2021;1.82
20/12/2021;1.82;1.82;1.82;1.82;1.82;187737;341681.34;17/12/2021;1.82
17/12/2021;1.81;1.82;1.82;1.81;1.810455522379448;207981;376540.35;16/12/2021;1.8
16/12/2021;1.77;1.8;2;1.77;1.8132872147535897;122438;222015.26;15/12/2021;1.76
15/12/2021;1.82;1.76;1.82;1.76;1.7755668802317306;203685;361656.34;14/12/2021;1.85
14/12/2021;1.85;1.85;1.85;1.85;1.85;6797;12574.45;13/12/2021;1.85
13/12/2021;1.8;1.85;1.85;1.8;1.8002404788917836;571152;1028210.95;10/12/2021;1.81
10/12/2021;1.8;1.81;1.81;1.77;1.8017714677288106;116745;210347.81;09/12/2021;1.8
09/12/2021;1.8;1.8;1.81;1.79;1.7995063841652563;258217;464663.14;07/12/2021;1.8
07/12/2021;1.84;1.8;1.85;1.79;1.8226491977504673;890496;1623061.82;06/12/2021;1.81
06/12/2021;1.82;1.81;1.83;1.8;1.816309760108887;141064;256215.92;03/12/2021;1.82
03/12/2021;1.9;1.82;1.9;1.82;1.8385043725923358;164319;302101.2;02/12/2021;1.9
02/12/2021;1.91;1.9;2;1.9;1.9098993073931751;869180;1660046.28;01/12/2021;1.9
01/12/2021;1.96;1.9;1.97;1.9;1.9071646942637375;603494;1150962.45;30/11/2021;1.96
30/11/2021;1.98;1.96;1.99;1.96;1.9761023188084945;641407;1267485.86;29/11/2021;1.92
29/11/2021;1.95;1.92;1.95;1.92;1.9497416247741732;611088;1191463.71;26/11/2021;1.92
26/11/2021;2;1.92;2;1.9;1.920637265678637;1628426;3127615.66;25/11/2021;2
25/11/2021;2.04;2;2.04;2;2.0157016485725774;24870;50130.5;23/11/2021;2.02
24/11/2021;;;;;1.982811903853491;2621;5196.95;23/11/2021;2.02
23/11/2021;2;2.02;2.04;2;2.016996849872212;706638;1425286.62;22/11/2021;2.02
22/11/2021;2.02;2.02;2.02;2.02;2.02;136752;276239.04;19/11/2021;2
19/11/2021;2;2;2;2;2;64030;128060;18/11/2021;2
18/11/2021;2.04;2;2.04;2;2.039319525776555;417356;851122.24;17/11/2021;2.04
17/11/2021;2.04;2.04;2.04;2.04;2.0399397343692582;95245;194294.06;15/11/2021;2.04
16/11/2021;;;;;2.04;2197;4481.88;15/11/2021;2.04
15/11/2021;1.91;2.04;2.05;1.91;2.031517599209366;52616;106890.33;12/11/2021;2.01
12/11/2021;2.02;2.01;2.02;2.01;2.019761376209001;420285;848875.41;11/11/2021;2.02
11/11/2021;2.03;2.02;2.03;2.02;2.022759875487746;22809;46137.13;10/11/2021;2.03
10/11/2021;2.03;2.03;2.04;2.03;2.030919660032341;260966;530000.98;09/11/2021;2.02
09/11/2021;2.02;2.02;2.02;2.02;2.017530747398297;5285;10662.65;08/11/2021;2.02
08/11/2021;2.03;2.02;2.03;2.02;2.0213150973172014;152080;307401.6;05/11/2021;2.02
05/11/2021;2.05;2.02;2.05;2.02;2.0232856546251825;47890;96895.15;04/11/2021;1.99
04/11/2021;1.99;1.99;1.99;1.95;1.9894703021107591;179272;356656.32;03/11/2021;1.99
03/11/2021;1.99;1.99;1.99;1.99;1.9899999999999998;4537;9028.63;02/11/2021;2
02/11/2021;2;2;2;2;2.0005908197355278;93091;186237;29/10/2021;2
29/10/2021;2;2;2;2;2;191844;383688;28/10/2021;2
28/10/2021;2;2;2;2;2.0002319952363643;129313;258656;26/10/2021;2
27/10/2021;;;;;2;174;348;26/10/2021;2
26/10/2021;2;2;2.02;2;2.001248070489615;182041;364309.2;25/10/2021;2
25/10/2021;2.05;2;2.05;2;2.003542050467247;568329;1138671.05;22/10/2021;2.04
22/10/2021;2.05;2.04;2.06;2.04;2.0463527514784556;212722;435304.25;21/10/2021;2.04
21/10/2021;2.02;2.04;2.1;2.02;2.041971119530006;18213;37190.42;20/10/2021;2.02
20/10/2021;2;2.02;2.05;2;2.029262902652426;188469;382453.15;19/10/2021;2
19/10/2021;2;2;2;2;2;79596;159192;18/10/2021;2
18/10/2021;1.97;2;2;1.92;1.969692816331771;124616;245455.24;15/10/2021;2
15/10/2021;1.93;2;2;1.92;1.966395021443864;145263;285644.44;14/10/2021;1.95
14/10/2021;1.96;1.95;1.96;1.95;1.95004378967605;149807;292130.21;13/10/2021;1.95
13/10/2021;1.97;1.95;2.05;1.95;1.968165527150618;247766;487644.5;12/10/2021;1.89
12/10/2021;1.91;1.94;1.94;1.91;1.9254750074319447;23547;45339.16;11/10/2021;1.93
11/10/2021;1.93;1.93;1.93;1.92;1.9253256406794736;125921;242438.93;07/10/2021;1.9
07/10/2021;1.85;1.9;1.9;1.85;1.887916585874393;438367;827600.33;06/10/2021;1.78
06/10/2021;1.78;1.78;1.78;1.78;1.7832031355588593;7399;13193.92;05/10/2021;1.75
05/10/2021;1.75;1.75;1.75;1.75;1.75;9500;16625;04/10/2021;1.75
04/10/2021;1.75;1.75;1.75;1.75;1.75;7130;12477.5;01/10/2021;1.74
01/10/2021;1.74;1.74;1.74;1.74;1.74;136752;237948.48;30/09/2021;1.75
30/09/2021;1.75;1.75;1.75;1.75;1.750296803652968;35040;61330.4;29/09/2021;1.76
29/09/2021;1.76;1.76;1.76;1.76;1.76;21047;37042.72;27/09/2021;1.75
28/09/2021;;;;;1.75;431;754.25;27/09/2021;1.75
27/09/2021;1.8;1.75;1.8;1.74;1.752498876312671;97892;171555.62;24/09/2021;1.73
24/09/2021;1.71;1.73;1.73;1.71;1.7270877692718534;28085;48505.26;23/09/2021;1.72
23/09/2021;1.8;1.72;1.8;1.71;1.7192884567081703;55738;95829.7;22/09/2021;1.69
22/09/2021;1.69;1.69;1.69;1.65;1.6831471646393696;23348;39298.12;20/09/2021;1.69
21/09/2021;;;;;;;;20/09/2021;1.69
20/09/2021;1.7;1.69;1.72;1.69;1.704053748870822;44280;75455.5;17/09/2021;1.7
17/09/2021;1.7;1.7;1.7;1.7;1.7;34020;57834;16/09/2021;1.7
16/09/2021;1.7;1.7;1.7;1.69;1.6940973938255741;30351;51417.55;14/09/2021;1.69
15/09/2021;;;;;;;;14/09/2021;1.69
14/09/2021;1.7;1.69;1.7;1.69;1.690793910468748;73963;125056.19;13/09/2021;1.69
13/09/2021;1.69;1.69;1.69;1.69;1.69;14206;24008.14;09/09/2021;1.69
10/09/2021;;;;;;;;09/09/2021;1.69
09/09/2021;1.69;1.69;1.7;1.69;1.6938866729470246;798256;1352155.2;08/09/2021;1.69
08/09/2021;1.7;1.69;1.7;1.69;1.6906522580645162;62000;104820.44;07/09/2021;1.7
07/09/2021;1.7;1.7;1.7;1.7;1.7000000000000002;452934;769987.8;03/09/2021;1.7
06/09/2021;;;;;1.9;500;950;03/09/2021;1.7
03/09/2021;1.69;1.7;1.7;1.69;1.6966667893419698;27172;46101.83;02/09/2021;1.7
02/09/2021;1.7;1.7;1.7;1.7;1.7016809547823162;23796;40493.2;01/09/2021;1.7
01/09/2021;1.72;1.7;1.72;1.64;1.6589819427677555;117626;195139.41;31/08/2021;1.72
31/08/2021;1.64;1.72;1.72;1.64;1.7167570888339772;219747;377252.22;25/08/2021;1.64
27/08/2021;;;;;1.64;500;820;25/08/2021;1.64
26/08/2021;;;;;;;;25/08/2021;1.64
25/08/2021;1.64;1.64;1.64;1.64;1.6399918611181197;122867;201500.88;24/08/2021;1.64
24/08/2021;1.62;1.64;1.64;1.62;1.6322481122436265;80254;130994.44;23/08/2021;1.54
23/08/2021;1.5;1.54;1.54;1.5;1.521493406957878;111557;169733.24;20/08/2021;1.5
20/08/2021;1.49;1.5;1.5;1.47;1.497455549403224;195048;292075.71;19/08/2021;1.5
19/08/2021;1.5;1.5;1.5;1.49;1.4989987885341263;499395;748592.5;18/08/2021;1.52
18/08/2021;1.53;1.52;1.53;1.52;1.5297088180399157;628473;961380.69;17/08/2021;1.57
17/08/2021;1.57;1.57;1.57;1.55;1.5586644263409941;702874;1095544.7;16/08/2021;1.57
16/08/2021;1.57;1.57;1.57;1.5;1.5595264372993973;355180;553912.6;13/08/2021;1.58
13/08/2021;1.56;1.58;1.58;1.56;1.5623715753424658;116800;182485;12/08/2021;1.58
12/08/2021;1.58;1.58;1.58;1.56;1.573061879498449;83501;131352.24;11/08/2021;1.6
11/08/2021;1.6;1.6;1.6;1.6;1.6002641268748117;511118;817923.8;10/08/2021;1.62
10/08/2021;1.62;1.62;1.62;1.62;1.619964076256629;854588;1384401.86;09/08/2021;1.6
09/08/2021;1.61;1.6;1.61;1.6;1.6046888996489528;33044;53025.34;06/08/2021;1.64
06/08/2021;1.64;1.64;1.64;1.64;1.6400000000000001;529520;868412.8;05/08/2021;1.64
05/08/2021;1.7;1.64;1.7;1.64;1.642039043464427;238862;392220.73;04/08/2021;1.7
04/08/2021;1.72;1.7;1.72;1.7;1.7077839843899452;209096;357090.8;03/08/2021;1.73
03/08/2021;1.76;1.73;1.76;1.72;1.7566260508661264;2270627;3988642.54;02/08/2021;1.79
02/08/2021;1.8;1.79;1.8;1.76;1.7744749590677067;207660;368487.47;30/07/2021;1.8
30/07/2021;1.8;1.8;1.8;1.7;1.784271634907149;41195;73503.07;27/07/2021;1.95
27/07/2021;1.94;1.95;1.95;1.93;1.9310561413913765;421525;813988.44;26/07/2021;1.94
26/07/2021;1.93;1.94;1.95;1.93;1.9303748780552115;758540;1464266.56;23/07/2021;1.9
23/07/2021;1.9;1.9;1.91;1.9;1.9012363782274118;755133;1435686.33;22/07/2021;1.9
22/07/2021;1.9;1.9;1.9;1.89;1.8993942090266582;394476;749265.43;21/07/2021;1.9
21/07/2021;1.83;1.9;1.91;1.83;1.8600838698094333;77978;145045.62;20/07/2021;1.83
20/07/2021;1.8;1.83;1.85;1.8;1.8044842959675322;100038;180517;19/07/2021;1.8
19/07/2021;1.8;1.8;1.8;1.8;1.8014510799008616;33892;61054.78;16/07/2021;1.8
16/07/2021;1.85;1.8;1.85;1.8;1.8300965443261052;26102;47769.18;15/07/2021;1.85
15/07/2021;1.85;1.85;1.85;1.85;1.8451782121299225;6958;12838.75;14/07/2021;1.86
14/07/2021;1.81;1.86;1.86;1.8;1.843818130585299;49684;91608.26;13/07/2021;1.81
13/07/2021;1.8;1.81;1.81;1.8;1.8063591861426964;161994;292619.35;12/07/2021;1.81
12/07/2021;1.83;1.81;1.83;1.81;1.8265440130107744;49190;89847.7;09/07/2021;1.87
09/07/2021;1.84;1.87;1.87;1.83;1.8443428828727417;71068;131073.76;08/07/2021;1.85
08/07/2021;1.9;1.85;1.9;1.85;1.862090489120852;56714;105606.6;07/07/2021;1.88
07/07/2021;1.9;1.88;1.9;1.88;1.8883102493074793;7220;13633.6;06/07/2021;1.9
06/07/2021;1.9;1.9;1.9;1.9;1.9;13800;26220;05/07/2021;1.83
05/07/2021;1.83;1.83;1.83;1.83;1.83;16780;30707.4;02/07/2021;1.83
02/07/2021;1.85;1.83;1.85;1.83;1.8417550442021868;62101;114374.83;01/07/2021;1.88
01/07/2021;1.92;1.88;1.92;1.88;1.9172258867985283;211181;404881.68;30/06/2021;1.92
30/06/2021;1.92;1.92;1.92;1.9;1.9196317583213593;168422;323308.22;28/06/2021;1.91
28/06/2021;1.86;1.91;1.91;1.86;1.9087219109328943;376570;718767.41;25/06/2021;1.85
25/06/2021;1.85;1.85;1.85;1.85;1.8499999999999999;8173;15120.05;24/06/2021;1.85
24/06/2021;1.85;1.85;1.85;1.85;1.85;184510;341343.5;23/06/2021;1.85
23/06/2021;1.92;1.92;1.92;1.92;1.9200291193719534;343414;659364.88;22/06/2021;1.92
22/06/2021;1.92;1.92;1.93;1.92;1.9203841782223232;61586;118268.78;21/06/2021;1.92
21/06/2021;1.9;1.92;1.92;1.9;1.9151531463398357;89914;172199.08;18/06/2021;1.9
18/06/2021;1.93;1.9;1.93;1.9;1.9165516422806335;231690;444045.85;17/06/2021;1.93
17/06/2021;1.9;1.93;1.93;1.9;1.9283427703355889;123097;237373.21;16/06/2021;1.94
16/06/2021;1.93;1.94;1.94;1.93;1.9320819631659507;101265;195652.28;15/06/2021;1.96
15/06/2021;1.98;1.96;1.98;1.94;1.9631606057014706;329073;646023.15;11/06/2021;1.98
14/06/2021;;;;;1.96;5000;9800;11/06/2021;1.98
11/06/2021;1.98;1.98;1.98;1.98;1.9800000000000002;5715;11315.7;10/06/2021;2
10/06/2021;1.9;2;2;1.9;1.9038588102837177;413897;788001.45;09/06/2021;1.89
09/06/2021;2;1.89;2;1.89;1.9127614780979152;34152;65324.63;08/06/2021;1.96
08/06/2021;1.9;1.96;2.01;1.9;1.9330325461439266;259785;502172.86;07/06/2021;1.85
07/06/2021;2.1;1.85;2.1;1.85;1.8513675915556822;4225516;7822983.38;04/06/2021;2.1
04/06/2021;2.05;2.1;2.1;2.05;2.099070253798796;1514822;3179717.8;03/06/2021;1.99
03/06/2021;2.02;1.99;2.02;1.99;2.012405671094685;330095;664285.05;02/06/2021;2.02
02/06/2021;2;2.02;2.02;2;2.0189898252973593;76759;154975.64;01/06/2021;2.02
01/06/2021;2.1;2.02;2.1;2.02;2.089742560848684;79747;166650.7;31/05/2021;2.1
31/05/2021;2.1;2.1;2.1;2.09;2.0998973521521056;214325;450060.5;28/05/2021;2.12
28/05/2021;1.97;2.12;2.12;1.97;2.1189479186865054;15187885;32182337.31;27/05/2021;1.9
27/05/2021;1.98;1.9;1.98;1.88;1.8992366285336506;1612426;3062378.52;26/05/2021;1.95
26/05/2021;2;1.95;2;1.95;1.9738372588127198;89246;176157.08;25/05/2021;1.99
25/05/2021;2;1.99;2;1.98;1.9986945800538012;361332;722192.31;24/05/2021;2
24/05/2021;1.99;2;2;1.99;1.9959044595898296;160665;320671.99;21/05/2021;2.07
21/05/2021;2.05;2.07;2.07;2.01;2.0646240778761906;335096;691847.27;20/05/2021;2.15
20/05/2021;2.15;2.15;2.15;2.15;2.149762812204585;233781;502573.7;18/05/2021;2.17
19/05/2021;;;;;2.17;67;145.39;18/05/2021;2.17
18/05/2021;2.17;2.17;2.17;2.17;2.17032371945911;125201;271726.7;17/05/2021;2.18
17/05/2021;2.18;2.18;2.18;2.17;2.1795598156512543;261027;568923.96;12/05/2021;2.23
14/05/2021;;;;;2.21;1000;2210;12/05/2021;2.23
13/05/2021;;;;;;;;12/05/2021;2.23
12/05/2021;2.1;2.23;2.23;2.1;2.19623115464707;488383;1072601.96;11/05/2021;2.1
11/05/2021;2.11;2.1;2.11;2.1;2.108348067957742;306308;645803.88;10/05/2021;2.12
10/05/2021;2.06;2.12;2.12;2.06;2.0879384401910253;580866;1212812.45;07/05/2021;2.05
07/05/2021;2.06;2.05;2.06;2.02;2.0575285514886508;593927;1222021.76;06/05/2021;2.06
06/05/2021;2.05;2.06;2.06;2.05;2.05912755561716;288580;594223.03;05/05/2021;2.06
05/05/2021;2.05;2.06;2.06;2;2.0332105184873015;322708;656133.3;04/05/2021;2.07
04/05/2021;2.07;2.07;2.07;2.05;2.063977480124973;193962;400333.2;03/05/2021;2.07
03/05/2021;2.08;2.07;2.09;2.06;2.0740466909935313;192928;400141.68;30/04/2021;2.06
30/04/2021;2.02;2.06;2.1;2.02;2.0602358302477928;70220;144669.76;29/04/2021;2
29/04/2021;2.02;2;2.02;2;2.0087471181081615;30362;60989.58;28/04/2021;2.01
28/04/2021;1.92;2.01;2.01;1.92;1.9691697611857424;940103;1851222.4;27/04/2021;1.92
27/04/2021;2.02;1.92;2.02;1.92;1.9303790250035509;190093;366951.54;26/04/2021;2.02
26/04/2021;2.01;2.02;2.02;1.9;1.955580103777379;509745;996847.18;23/04/2021;2.04
23/04/2021;1.98;2.04;2.05;1.92;1.9854692707725428;771090;1530975.5;22/04/2021;2.02
22/04/2021;2.19;2.02;2.19;1.98;2.0954895786209757;848832;1778718.61;21/04/2021;2.23
21/04/2021;2.05;2.23;2.23;1.98;2.0101900337923237;988982;1988041.76;20/04/2021;2.05
20/04/2021;2.23;2.05;2.25;1.99;2.137852503708708;793403;1696178.59;19/04/2021;2.23
19/04/2021;2.3;2.23;2.3;2.18;2.246200708064668;371435;834317.56;16/04/2021;2.39
16/04/2021;2.39;2.39;2.39;2.39;2.3906731848052574;218365;522039.35;15/04/2021;2.45
15/04/2021;2.4;2.45;2.45;2.4;2.4069068641412703;175550;422532.5;14/04/2021;2.36
14/04/2021;2.43;2.41;2.43;2.41;2.4106397215931628;312636;753652.76;13/04/2021;2.43
13/04/2021;2.45;2.43;2.45;2.43;2.4359000529220536;52908;128878.6;12/04/2021;2.45
12/04/2021;2.42;2.45;2.45;2.4;2.442939962618438;370236;904464.32;09/04/2021;2.43
09/04/2021;2.48;2.43;2.48;2.43;2.4637438392912845;32058;78982.7;08/04/2021;2.48
08/04/2021;2.51;2.48;2.51;2.48;2.490007294657346;256352;638318.35;07/04/2021;2.51
07/04/2021;2.51;2.51;2.51;2.51;2.5098147224050575;326645;819818.43;06/04/2021;2.47
06/04/2021;2.47;2.47;2.47;2.47;2.47;22494;55560.18;05/04/2021;2.42
05/04/2021;2.42;2.42;2.42;2.42;2.4200857799686615;349732;846381.44;31/03/2021;2.42
