Fecha de cotización;Apertura;Cierre;Máximo;Mínimo;Promedio;Cantidad negociada;Monto negociado (S/);Fecha anterior;Cierre anterior corregido
19/05/2026;3.78;3.701;3.78;3.7;3.7058720320100913;386878;1433720.36;18/05/2026;3.78
18/05/2026;3.76;3.78;3.78;3.74;3.7678390648280553;100003;376795.21;15/05/2026;3.747
15/05/2026;3.74;3.747;3.75;3.72;3.7420673412421492;45856;171596.24;14/05/2026;3.69
14/05/2026;3.75;3.69;3.75;3.67;3.68282134497788;489614;1803160.89;13/05/2026;3.74
13/05/2026;3.8;3.74;3.8;3.69;3.701373360156543;2674798;9900426.061;12/05/2026;3.747
12/05/2026;3.78;3.747;3.78;3.74;3.7508805395129636;138347;518923.07;11/05/2026;3.77
11/05/2026;3.78;3.77;3.8;3.74;3.773774631356212;120984;456566.35;08/05/2026;3.75
08/05/2026;3.77;3.75;3.77;3.74;3.742460565435424;1387108;5191196.99;07/05/2026;3.77
07/05/2026;3.8;3.77;3.8;3.77;3.7874892178250414;179231;678835.48;06/05/2026;3.773
06/05/2026;3.77;3.773;3.79;3.77;3.7711117137911137;433250;1633834.15;05/05/2026;3.77
05/05/2026;3.8;3.77;3.8;3.77;3.7760875123187385;355150;1341077.48;04/05/2026;3.784
04/05/2026;3.76;3.784;3.79;3.7;3.773267581346529;133380;503278.43;30/04/2026;3.79
30/04/2026;3.8;3.79;3.8;3.78;3.7922649648135445;106433;403622.137;29/04/2026;3.78
29/04/2026;3.84;3.78;3.84;3.77;3.798055603741801;139505;529847.747;28/04/2026;3.855
28/04/2026;3.86;3.855;3.9;3.85;3.864436941656032;104998;405758.15;27/04/2026;3.9
27/04/2026;3.85;3.9;3.95;3.85;3.908663702506063;12370;48350.17;24/04/2026;3.9
24/04/2026;3.87;3.9;3.93;3.87;3.893135825870972;61196;238244.34;23/04/2026;3.87
23/04/2026;3.9;3.96;4;3.9;3.963533388433255;47187;187027.25;22/04/2026;3.96
22/04/2026;3.96;3.96;3.96;3.96;3.9627971901200993;22065;87439.12;21/04/2026;3.93
21/04/2026;3.96;3.93;3.97;3.93;3.9381638883740893;205042;807489;20/04/2026;3.96
20/04/2026;3.95;3.96;3.96;3.95;3.95842226766872;239109;946494.39;17/04/2026;3.9
17/04/2026;4;3.9;4;3.9;3.930432054590535;138339;543732.04;16/04/2026;4
16/04/2026;3.97;4;4;3.97;3.986448644898609;87927;350516.47;15/04/2026;3.96
15/04/2026;3.92;3.96;3.97;3.92;3.951799389299826;441133;1743269.12;14/04/2026;4.05
14/04/2026;4.07;4.05;4.08;3.96;4.006514540798941;205422;823026.23;13/04/2026;4.07
13/04/2026;4.1;4.07;4.1;4.07;4.087896456288519;70096;286545.19;10/04/2026;4.05
10/04/2026;4.05;4.05;4.08;4.04;4.052971476729486;68821;278929.55;09/04/2026;4.09
09/04/2026;4.09;4.09;4.09;4.06;4.069033162237444;57083;232272.62;08/04/2026;4.08
08/04/2026;4.09;4.08;4.11;4.05;4.103703549866371;238347;978105.43;07/04/2026;4.03
07/04/2026;4.14;4.03;4.14;4;4.0034267292224435;2093918;8382847.29;06/04/2026;4.14
06/04/2026;4.12;4.14;4.15;4.11;4.116566986085105;108948;448491.74;01/04/2026;4.06
01/04/2026;4.1;4.06;4.12;4;4.001138154085786;5103975;20421709.11;31/03/2026;4.1
31/03/2026;4;4.1;4.1;3.99;4.0446897305142535;2290251;9263354.7;30/03/2026;4.05
30/03/2026;4.05;4.05;4.06;4.03;4.04308109712154;94356;381488.96;27/03/2026;4
27/03/2026;3.99;4;4;3.98;3.981369919708633;314106;1250572.18;26/03/2026;4
26/03/2026;4;4;4.03;4;4.012331632119232;86017;345128.73;25/03/2026;4
25/03/2026;4.07;4;4.07;4;4.0214697621447755;129953;522602.06;24/03/2026;4
24/03/2026;4;4;4;4;4.00114524953296;29976;119938.33;23/03/2026;4
23/03/2026;3.97;4;4.04;3.97;3.997477871902462;126310;504921.43;20/03/2026;3.92
20/03/2026;3.97;3.92;3.97;3.8;3.858287959145861;345424;1332745.26;19/03/2026;3.97
19/03/2026;4.1;3.97;4.1;3.97;3.997280979919585;856805;3424890.33;18/03/2026;4.1
18/03/2026;4.13;4.1;4.13;4.1;4.127292644946343;82841;341909.05;17/03/2026;4.12
17/03/2026;4.1;4.12;4.12;4.1;4.109973140341714;67015;275429.85;16/03/2026;4.1
16/03/2026;4.1;4.1;4.1;4.05;4.084956062783243;108564;443479.17;13/03/2026;4.1
13/03/2026;4.05;4.1;4.14;4.05;4.097637854253769;73429;300885.45;12/03/2026;4.05
12/03/2026;4.12;4.05;4.12;4;4.047199268767527;883987;3577671.54;11/03/2026;4.1
11/03/2026;4.12;4.1;4.14;4.1;4.122080904697853;80292;330970.12;10/03/2026;4.1
10/03/2026;4.1;4.1;4.14;4.1;4.1052721583084235;285367;1171509.2;09/03/2026;4.05
09/03/2026;4.15;4.05;4.15;4.04;4.0662240226607285;209702;852695.31;06/03/2026;4.15
06/03/2026;4.13;4.15;4.15;4.13;4.1497962667254;90805;376822.25;05/03/2026;4.15
05/03/2026;4.15;4.15;4.18;4.15;4.159999623032702;53055;220708.78;04/03/2026;4.15
04/03/2026;4.13;4.15;4.16;4.13;4.14697450851284;53155;220432.43;03/03/2026;4.13
03/03/2026;4.2;4.13;4.2;4.13;4.149584817413204;166770;692026.26;02/03/2026;4.2
02/03/2026;4.15;4.2;4.21;4.15;4.184769701296065;152693;638985.04;27/02/2026;4.15
27/02/2026;4.18;4.15;4.2;4.15;4.150934231326899;2811156;11668923.67;26/02/2026;4.17
26/02/2026;4.17;4.17;4.19;4.15;4.171122969066684;150485;627691.44;25/02/2026;4.18
25/02/2026;4.19;4.18;4.19;4.17;4.182726287446445;295255;1234970.85;24/02/2026;4.2
24/02/2026;4.2;4.2;4.2;4.19;4.199174727310146;87462;367268.22;23/02/2026;4.2
23/02/2026;4.21;4.2;4.21;4.15;4.180241079732335;1102125;4607148.2;20/02/2026;4.22
20/02/2026;4.18;4.22;4.22;4.17;4.184070793951186;1410855;5903117.2;19/02/2026;4.18
19/02/2026;4.17;4.18;4.18;4.11;4.148104274245222;530620;2201067.09;18/02/2026;4.19
18/02/2026;4.14;4.19;4.19;4.14;4.169861758827448;78052;325466.05;17/02/2026;4.15
17/02/2026;4.15;4.15;4.15;4.12;4.149934962371623;12111604;50262368.89;16/02/2026;4.1
16/02/2026;4.14;4.1;4.14;4.05;4.099877236323842;15936310;65336914.6;13/02/2026;4.14
13/02/2026;4.16;4.14;4.16;4.13;4.141811726659168;71120;294565.65;12/02/2026;4.16
12/02/2026;4.16;4.16;4.2;4.08;4.153506196668022;118128;490645.38;11/02/2026;4.2
11/02/2026;4.19;4.2;4.2;4.08;4.160236924359242;143970;598949.31;10/02/2026;4.21
10/02/2026;4.23;4.21;4.23;4.18;4.206662163734374;154714;650829.53;09/02/2026;4.24
09/02/2026;4.24;4.24;4.26;4.24;4.2446013782871965;868179;3685073.78;06/02/2026;4.25
06/02/2026;4.17;4.25;4.25;4.15;4.246530134021082;6430257;27306280.12;05/02/2026;4.15
05/02/2026;4.13;4.15;4.17;4.13;4.146756568934325;174115;722012.52;04/02/2026;4.11
04/02/2026;4.11;4.11;4.14;4.1;4.10833325020885;320804;1317969.74;03/02/2026;4.11
03/02/2026;4.06;4.11;4.14;4.06;4.121674017077977;106570;439246.8;02/02/2026;4.03
02/02/2026;4.02;4.03;4.04;4.02;4.0313420365965085;121487;489755.65;30/01/2026;4.08
30/01/2026;4.16;4.08;4.19;4.08;4.130664566897291;3659767;15117269.87;29/01/2026;4.15
29/01/2026;4.18;4.15;4.2;4.12;4.165618155613489;2359050;9826901.51;28/01/2026;4.17
28/01/2026;4.2;4.17;4.2;4.17;4.181459208247378;556007;2324920.59;27/01/2026;4.2
27/01/2026;4.2;4.2;4.22;4.14;4.2055411488175585;535629;2252609.8;26/01/2026;4.16
26/01/2026;4.11;4.16;4.2;4.1;4.176542232375002;1469986;6139458.61;23/01/2026;4.1
23/01/2026;4.02;4.1;4.14;4;4.057109249706582;385969;1565918.4;22/01/2026;4
22/01/2026;4.01;4;4.01;3.99;3.9997536800059175;797621;3190287.53;21/01/2026;4
21/01/2026;4;4;4.01;3.95;3.9999657621539386;2514761;10058957.9;20/01/2026;4
20/01/2026;4.06;4;4.06;4;4.002223913268579;3167664;12677700.61;19/01/2026;4.05
19/01/2026;4;4.05;4.05;4;4.001423065069797;3981371;15931149.75;16/01/2026;4
16/01/2026;4;4;4.05;3.99;4.027662103988448;669709;2697361.56;15/01/2026;4
15/01/2026;4.08;4;4.08;4;4.050703088059665;410290;1661962.97;14/01/2026;4.05
14/01/2026;4.03;4.05;4.1;3.98;4.021147214221086;963752;3875388.67;13/01/2026;4.02
13/01/2026;3.88;4.02;4.05;3.88;3.9893367753736477;1279280;5103478.75;12/01/2026;3.86
12/01/2026;3.86;3.86;3.9;3.85;3.8649284361347873;523728;2024171.24;09/01/2026;3.86
09/01/2026;3.86;3.86;3.86;3.83;3.8397710199522552;639226;2454481.47;08/01/2026;3.83
08/01/2026;3.85;3.83;3.86;3.8;3.8238923429361247;390685;1493937.38;07/01/2026;3.83
07/01/2026;3.87;3.83;3.87;3.81;3.844836338627156;585966;2252943.37;06/01/2026;3.9
06/01/2026;3.9;3.9;3.99;3.9;3.951819663678998;444159;1755236.27;05/01/2026;3.88
05/01/2026;4;3.99;4.02;3.94;3.9951983470265082;612714;2447913.96;02/01/2026;4
02/01/2026;3.96;4;4;3.91;3.9876176853372254;411075;1639209.94;31/12/2025;3.9
01/01/2026;;;;;;;;;3.9
31/12/2025;3.88;3.9;3.92;3.88;3.8985447571146623;125656;489875.54;30/12/2025;3.84
30/12/2025;3.84;3.84;3.85;3.81;3.843704052563867;174112;669235;29/12/2025;3.8
29/12/2025;3.79;3.8;3.84;3.79;3.82042817303327;77095;294535.91;26/12/2025;3.79
26/12/2025;3.79;3.79;3.79;3.77;3.7886416104237814;221954;840904.16;24/12/2025;3.73
24/12/2025;3.71;3.73;3.73;3.71;3.7294217844437694;4195425;15646509.39;23/12/2025;3.71
23/12/2025;3.71;3.71;3.72;3.69;3.7091043553766307;405384;1503611.56;22/12/2025;3.68
22/12/2025;3.66;3.68;3.75;3.6;3.6599781008836993;866245;3170437.73;19/12/2025;3.63
19/12/2025;3.6;3.63;3.63;3.58;3.6171527435818946;525973;1902524.68;18/12/2025;3.6
18/12/2025;3.54;3.6;3.6;3.54;3.5867271440547865;459235;1647150.64;17/12/2025;3.57
17/12/2025;3.54;3.57;3.57;3.54;3.5683126017463263;3402457;12141030.19;16/12/2025;3.54
16/12/2025;3.56;3.54;3.56;3.53;3.5310059961974187;2565626;9059240.79;15/12/2025;3.5
15/12/2025;3.54;3.5;3.54;3.5;3.516181740217396;247199;869196.61;12/12/2025;3.51
12/12/2025;3.41;3.51;3.51;3.41;3.4568408137136353;140590;485997.25;11/12/2025;3.4
11/12/2025;3.43;3.4;3.44;3.4;3.4220578083221005;452530;1548583.82;10/12/2025;3.43
10/12/2025;3.47;3.43;3.47;3.43;3.441095031899139;2821863;9710298.75;05/12/2025;3.47
05/12/2025;3.44;3.47;3.47;3.42;3.440055860952896;4733360;16283022.81;04/12/2025;3.44
04/12/2025;3.41;3.44;3.44;3.41;3.417599200393206;303149;1036041.78;03/12/2025;3.41
03/12/2025;3.42;3.41;3.45;3.4;3.409510076276122;209502;714299.18;02/12/2025;3.41
02/12/2025;3.4;3.41;3.41;3.4;3.4007751887879865;92829;315690.56;01/12/2025;3.37
01/12/2025;3.36;3.37;3.38;3.36;3.370757165794481;67264;226730.61;28/11/2025;3.35
28/11/2025;3.36;3.35;3.37;3.35;3.3691173141063264;2663337;8973094.8;27/11/2025;3.34
27/11/2025;3.32;3.34;3.39;3.32;3.362688746735304;132095;444194.37;26/11/2025;3.25
26/11/2025;3.3;3.25;3.3;3.24;3.2500526648875048;4253688;13824710.02;25/11/2025;3.26
25/11/2025;3.18;3.26;3.26;3.18;3.197927783856578;47524;151978.32;24/11/2025;3.18
24/11/2025;3.24;3.18;3.25;3.18;3.200505817911741;64628;206842.29;21/11/2025;3.24
21/11/2025;3.24;3.24;3.24;3.2;3.232457026058013;179062;578810.22;20/11/2025;3.24
20/11/2025;3.24;3.24;3.28;3.24;3.247654523874737;109530;355715.6;19/11/2025;3.25
19/11/2025;3.22;3.25;3.27;3.22;3.252338183877596;213653;694871.81;18/11/2025;3.17
18/11/2025;3.27;3.17;3.27;3.17;3.2134495336925557;210269;675688.82;17/11/2025;3.27
17/11/2025;3.3;3.27;3.3;3.27;3.297951730132708;353181;1164773.89;14/11/2025;3.3
14/11/2025;3.3;3.3;3.3;3.3;3.296099892299407;22284;73450.29;13/11/2025;3.3
13/11/2025;3.3;3.3;3.3;3.27;3.2974192183479265;115806;381860.93;12/11/2025;3.3
12/11/2025;3.3;3.3;3.3;3.29;3.29830726578438;19117;63053.74;11/11/2025;3.3
11/11/2025;3.3;3.3;3.3;3.27;3.291659858442871;24725;81386.29;10/11/2025;3.27
10/11/2025;3.26;3.27;3.28;3.26;3.270749710672651;70854;231745.7;07/11/2025;3.26
07/11/2025;3.26;3.26;3.26;3.25;3.250875501672241;119600;388804.71;06/11/2025;3.27
06/11/2025;3.24;3.27;3.27;3.24;3.2431277238788696;151209;490390.1;05/11/2025;3.24
05/11/2025;3.27;3.24;3.27;3.24;3.2584682659287987;40477;131893.02;04/11/2025;3.27
04/11/2025;3.3;3.27;3.3;3.27;3.293640557903054;291090;958745.83;03/11/2025;3.27
03/11/2025;3.29;3.27;3.29;3.27;3.2871159505591523;50970;167544.3;31/10/2025;3.29
31/10/2025;3.32;3.29;3.32;3.27;3.3182216772429594;2165220;7184679.94;30/10/2025;3.32
30/10/2025;3.32;3.32;3.34;3.32;3.334919786360226;202584;675601.39;29/10/2025;3.32
29/10/2025;3.33;3.32;3.33;3.32;3.3292774052130127;92154;306806.23;28/10/2025;3.31
28/10/2025;3.31;3.31;3.32;3.31;3.312253647639579;128028;424061.21;27/10/2025;3.32
27/10/2025;3.31;3.32;3.32;3.3;3.3142660181204717;116774;387020.1;24/10/2025;3.3
24/10/2025;3.32;3.3;3.32;3.3;3.3072516816465765;52181;172575.7;23/10/2025;3.32
23/10/2025;3.3;3.32;3.32;3.3;3.3167112537529766;48295;160180.57;22/10/2025;3.3
22/10/2025;3.32;3.3;3.33;3.3;3.313054248944808;86951;288073.38;21/10/2025;3.3
21/10/2025;3.35;3.3;3.35;3.3;3.3386691065925618;146999;490781.02;20/10/2025;3.35
20/10/2025;3.34;3.35;3.35;3.31;3.3189140839544917;89215;296096.92;17/10/2025;3.34
17/10/2025;3.35;3.34;3.35;3.34;3.3487765769340245;115937;388247.11;16/10/2025;3.35
16/10/2025;3.37;3.35;3.37;3.34;3.359447226827211;171915;577539.37;15/10/2025;3.37
15/10/2025;3.37;3.37;3.37;3.35;3.366534410543103;114122;384195.64;14/10/2025;3.37
14/10/2025;3.37;3.37;3.37;3.35;3.367601558694593;123180;414821.16;13/10/2025;3.39
13/10/2025;3.35;3.39;3.39;3.35;3.3547580927706058;679310;2278920.72;10/10/2025;3.32
10/10/2025;3.31;3.32;3.32;3.31;3.3111337011884547;23560;78010.31;09/10/2025;3.31
09/10/2025;3.35;3.31;3.35;3.28;3.3083865104015984;183193;606073.25;07/10/2025;3.33
07/10/2025;3.33;3.33;3.33;3.32;3.320282087740555;1826453;6064339.18;06/10/2025;3.33
06/10/2025;3.33;3.33;3.34;3.3;3.3258652673231976;268888;894285.26;03/10/2025;3.34
03/10/2025;3.34;3.34;3.34;3.33;3.335112912049465;78601;262143.21;02/10/2025;3.33
02/10/2025;3.34;3.33;3.34;3.33;3.3323353938743616;214345;714269.43;01/10/2025;3.33
01/10/2025;3.31;3.33;3.33;3.3;3.315808078621526;92392;306354.14;30/09/2025;3.31
30/09/2025;3.34;3.31;3.35;3.31;3.3350121584285826;422752;1409883.06;29/09/2025;3.35
29/09/2025;3.35;3.35;3.35;3.35;3.350273490040351;31226;104615.64;26/09/2025;3.32
26/09/2025;3.35;3.32;3.35;3.32;3.3391728591195613;156104;521258.24;25/09/2025;3.35
25/09/2025;3.36;3.35;3.37;3.35;3.3661398368648037;42664;143612.99;24/09/2025;3.37
24/09/2025;3.37;3.37;3.38;3.37;3.3699835907839875;134071;451817.07;23/09/2025;3.36
23/09/2025;3.37;3.36;3.37;3.36;3.369542829280353;145613;490649.24;22/09/2025;3.37
22/09/2025;3.37;3.37;3.37;3.37;3.369806363913779;108141;364414.23;19/09/2025;3.37
19/09/2025;3.36;3.37;3.37;3.33;3.342010923435293;844423;2822070.89;18/09/2025;3.34
18/09/2025;3.35;3.34;3.36;3.34;3.346924192467131;73093;244636.73;17/09/2025;3.36
17/09/2025;3.4;3.36;3.4;3.36;3.3744360814968175;51683;174400.98;16/09/2025;3.36
16/09/2025;3.35;3.36;3.37;3.35;3.3627638801649504;73234;246268.65;15/09/2025;3.34
15/09/2025;3.34;3.34;3.34;3.33;3.343744947701051;40823;136501.7;12/09/2025;3.37
12/09/2025;3.35;3.37;3.4;3.34;3.3689910824651244;113260;381571.93;11/09/2025;3.34
11/09/2025;3.46;3.45;3.47;3.45;3.46043050839488;297741;1030312.04;10/09/2025;3.45
10/09/2025;3.47;3.45;3.47;3.43;3.4427935429546093;277898;956745.44;09/09/2025;3.46
09/09/2025;3.47;3.46;3.48;3.46;3.473529544957092;132493;460218.35;08/09/2025;3.48
08/09/2025;3.48;3.48;3.48;3.48;3.479005176357289;41535;144500.48;05/09/2025;3.47
05/09/2025;3.49;3.47;3.49;3.47;3.4792750332353255;103053;358549.73;04/09/2025;3.48
04/09/2025;3.48;3.48;3.48;3.48;3.4800030967702953;132396;460738.49;03/09/2025;3.48
03/09/2025;3.5;3.48;3.5;3.48;3.4833485415210927;72987;254239.16;02/09/2025;3.47
02/09/2025;3.49;3.47;3.5;3.47;3.4898511636699245;179862;627691.61;01/09/2025;3.49
01/09/2025;3.47;3.49;3.49;3.46;3.479676154716877;72442;252074.7;29/08/2025;3.43
29/08/2025;3.43;3.43;3.46;3.43;3.4442048874253572;571221;1967402.16;28/08/2025;3.43
28/08/2025;3.36;3.43;3.44;3.36;3.4141567879742465;217134;741329.52;27/08/2025;3.34
27/08/2025;3.34;3.34;3.35;3.33;3.3399308865249893;212549;709898.97;26/08/2025;3.33
26/08/2025;3.33;3.33;3.35;3.33;3.336438543812738;182504;608913.38;25/08/2025;3.34
25/08/2025;3.34;3.34;3.34;3.33;3.3400742251820996;627954;2097412.97;22/08/2025;3.34
22/08/2025;3.34;3.34;3.35;3.34;3.3400731628370974;1581814;5283374.49;21/08/2025;3.35
21/08/2025;3.37;3.35;3.37;3.34;3.3467872046144205;1528426;5115316.58;20/08/2025;3.37
20/08/2025;3.4;3.37;3.4;3.37;3.3795956360344346;605321;2045740.21;19/08/2025;3.37
19/08/2025;3.4;3.37;3.4;3.37;3.398385908329193;237502;807123.45;18/08/2025;3.37
18/08/2025;3.38;3.37;3.38;3.37;3.3788547821200203;65839;222460.42;15/08/2025;3.38
15/08/2025;3.4;3.38;3.4;3.38;3.3907445561139027;23880;80970.98;14/08/2025;3.4
14/08/2025;3.35;3.4;3.46;3.35;3.403978296567243;230194;783575.38;12/08/2025;3.37
13/08/2025;;;;;3.3746751968503936;8128;27429.36;12/08/2025;3.37
12/08/2025;3.39;3.37;3.39;3.37;3.3742192289675463;121681;410578.37;11/08/2025;3.37
11/08/2025;3.35;3.37;3.37;3.33;3.348098220997244;75829;253882.94;08/08/2025;3.37
08/08/2025;3.39;3.37;3.4;3.37;3.38377464931382;98735;334096.99;07/08/2025;3.37
07/08/2025;3.44;3.37;3.47;3.37;3.3936828881523753;1344472;4562711.62;05/08/2025;3.43
05/08/2025;3.45;3.43;3.45;3.43;3.4484729168883685;112764;388863.6;04/08/2025;3.45
04/08/2025;3.47;3.45;3.47;3.44;3.4648035751499293;215935;748172.36;01/08/2025;3.45
01/08/2025;3.47;3.45;3.47;3.45;3.4661131988649436;26078;90389.3;31/07/2025;3.47
31/07/2025;3.5;3.47;3.5;3.47;3.482804341578796;45237;157551.62;30/07/2025;3.5
30/07/2025;3.49;3.5;3.5;3.49;3.489375500893903;32442;113202.32;25/07/2025;3.49
25/07/2025;3.5;3.49;3.5;3.49;3.4980588265351154;215277;753051.61;24/07/2025;3.5
24/07/2025;3.5;3.5;3.5;3.49;3.4998096358606094;1090489;3816503.91;22/07/2025;3.49
22/07/2025;3.49;3.49;3.5;3.48;3.4875467849765096;114727;400115.78;21/07/2025;3.49
21/07/2025;3.49;3.49;3.5;3.47;3.488730415048226;45826;159874.56;18/07/2025;3.44
18/07/2025;3.46;3.44;3.46;3.44;3.4481905890318214;17724;61115.73;17/07/2025;3.44
17/07/2025;3.48;3.44;3.48;3.43;3.437376314526689;1721342;5916900.22;16/07/2025;3.47
16/07/2025;3.48;3.47;3.48;3.46;3.471972387037882;43820;152141.83;15/07/2025;3.46
15/07/2025;3.45;3.46;3.5;3.45;3.4646659029823805;224351;777301.26;14/07/2025;3.45
14/07/2025;3.48;3.45;3.48;3.45;3.465431596091205;124028;429810.55;11/07/2025;3.47
11/07/2025;3.46;3.47;3.5;3.46;3.4915754799204417;223735;781187.64;10/07/2025;3.45
10/07/2025;3.45;3.45;3.47;3.45;3.464399352023115;82719;286571.65;09/07/2025;3.45
09/07/2025;3.5;3.45;3.5;3.45;3.4515165421444864;1695548;5852211.97;08/07/2025;3.49
08/07/2025;3.49;3.49;3.49;3.45;3.4791353772296167;204968;713111.42;07/07/2025;3.45
07/07/2025;3.37;3.45;3.45;3.37;3.4492311632894816;10515809;36271456.11;04/07/2025;3.35
04/07/2025;3.38;3.35;3.38;3.33;3.357448384873025;143611;482166.52;03/07/2025;3.35
03/07/2025;3.31;3.35;3.37;3.31;3.350150947806372;213915;716647.54;02/07/2025;3.3
02/07/2025;3.25;3.3;3.3;3.23;3.291839595553513;2739151;9016845.72;01/07/2025;3.25
01/07/2025;3.22;3.25;3.25;3.22;3.2413672511271154;729961;2366071.68;30/06/2025;3.21
30/06/2025;3.2;3.21;3.21;3.2;3.2057391395300185;57364;183894.02;27/06/2025;3.2
27/06/2025;3.18;3.2;3.2;3.18;3.198460228741086;1861231;5953073.33;26/06/2025;3.18
26/06/2025;3.18;3.18;3.18;3.16;3.174915307728529;991767;3148776.23;25/06/2025;3.18
25/06/2025;3.18;3.18;3.18;3.16;3.166406030167893;234554;742693.2;24/06/2025;3.15
24/06/2025;3.15;3.15;3.18;3.15;3.15961771636891;297894;941231.16;23/06/2025;3.16
23/06/2025;3.17;3.16;3.17;3.16;3.166032900189647;355925;1126870.26;20/06/2025;3.18
20/06/2025;3.16;3.18;3.18;3.16;3.1775428499810734;789907;2509963.34;19/06/2025;3.16
19/06/2025;3.16;3.16;3.17;3.15;3.159074442838946;303817;959780.52;18/06/2025;3.16
18/06/2025;3.17;3.16;3.17;3.16;3.1622483686357685;104667;330983.05;17/06/2025;3.16
17/06/2025;3.17;3.16;3.17;3.16;3.1614528429844495;84049;265716.95;16/06/2025;3.16
16/06/2025;3.16;3.16;3.17;3.15;3.161842794937948;98063;310059.79;13/06/2025;3.15
13/06/2025;3.15;3.15;3.15;3.15;3.1537931744479333;19427;61268.74;12/06/2025;3.16
12/06/2025;3.15;3.16;3.16;3.15;3.155331728366383;142059;448243.27;11/06/2025;3.15
11/06/2025;3.15;3.15;3.15;3.15;3.150190453573973;105275;331636.3;10/06/2025;3.15
10/06/2025;3.15;3.15;3.15;3.1;3.147204560035533;101315;318859.03;09/06/2025;3.15
09/06/2025;3.16;3.15;3.16;3.15;3.159661712525097;395965;1251115.45;06/06/2025;3.15
06/06/2025;3.12;3.15;3.15;3.12;3.1380381969054287;183418;575572.69;05/06/2025;3.13
05/06/2025;3.15;3.13;3.16;3.13;3.142141007933258;144077;452710.25;04/06/2025;3.16
04/06/2025;3.16;3.16;3.18;3.16;3.1625786169522576;209624;662952.38;03/06/2025;3.17
03/06/2025;3.19;3.17;3.2;3.17;3.193843084981993;213810;682875.59;02/06/2025;3.2
02/06/2025;3.21;3.2;3.21;3.18;3.1963356081498513;628036;2007413.83;30/05/2025;3.21
30/05/2025;3.16;3.21;3.21;3.16;3.177777934324273;198734;631532.52;29/05/2025;3.16
29/05/2025;3.15;3.16;3.17;3.15;3.157798827994939;30034;94841.33;28/05/2025;3.16
28/05/2025;3.15;3.16;3.16;3.15;3.1526021462264153;424000;1336703.31;27/05/2025;3.15
27/05/2025;3.15;3.15;3.15;3.15;3.1500051528045603;188247;592979.02;26/05/2025;3.15
26/05/2025;3.15;3.15;3.15;3.15;3.150999238385377;39390;124117.86;23/05/2025;3.18
23/05/2025;3.13;3.18;3.18;3.13;3.1573235893654856;115285;363992.05;22/05/2025;3.12
22/05/2025;3.13;3.12;3.13;3.12;3.130877785280216;25177;78826.11;21/05/2025;3.12
21/05/2025;3.12;3.12;3.15;3.08;3.087135618294313;1686535;5206562.27;20/05/2025;3.08
20/05/2025;3.12;3.08;3.12;3.08;3.1040636094674556;33800;104917.35;19/05/2025;3.11
19/05/2025;3.08;3.11;3.12;3.06;3.0799765847705016;1166762;3593599.64;16/05/2025;3.1
16/05/2025;3.06;3.1;3.11;3.06;3.089841479760522;111910;345784.16;15/05/2025;3.05
15/05/2025;3.04;3.05;3.07;3.04;3.04525815544027;574034;1748081.72;14/05/2025;3.04
14/05/2025;3.05;3.04;3.05;3.04;3.0476701084489886;669808;2041353.82;13/05/2025;3.03
13/05/2025;3.05;3.03;3.1;3.02;3.0832126587105146;1793832;5530765.53;12/05/2025;3.05
12/05/2025;3.05;3.05;3.08;3.05;3.0526177420364786;223582;682510.38;09/05/2025;3.05
09/05/2025;3.05;3.05;3.05;3.04;3.0416331936847114;273305;831293.56;08/05/2025;3.05
08/05/2025;3.06;3.05;3.06;3.05;3.050118865673438;1628561;4967304.63;07/05/2025;3.06
07/05/2025;3.03;3.06;3.08;3.03;3.047311602416283;230271;701707.49;06/05/2025;3.03
06/05/2025;3.03;3.03;3.04;3;3.017414595570546;629739;1900183.65;05/05/2025;3.03
05/05/2025;3.02;3.03;3.04;3.02;3.030303849645654;505579;1532057.99;02/05/2025;3.02
02/05/2025;3;3.02;3.02;3;3.001572449436739;1136151;3410239.54;30/04/2025;2.99
30/04/2025;2.99;2.99;3;2.98;2.9890770269670783;202877;606414.98;29/04/2025;2.98
29/04/2025;2.98;2.98;2.99;2.98;2.985658556149733;74800;223327.26;28/04/2025;2.99
28/04/2025;2.98;2.99;2.99;2.98;2.990231343283582;37520;112193.48;25/04/2025;2.99
25/04/2025;2.99;2.99;2.99;2.97;2.98397212956447;962023;2870649.82;24/04/2025;2.97
24/04/2025;2.97;2.97;2.97;2.97;2.9699717188191306;230542;684703.22;23/04/2025;2.96
23/04/2025;2.99;2.96;2.99;2.96;2.973791233579548;113045;336172.23;22/04/2025;2.96
22/04/2025;2.98;2.96;2.99;2.96;2.9617372553171335;538401;1594602.3;21/04/2025;2.98
21/04/2025;2.97;2.98;2.98;2.97;2.973883825884408;34345;102138.04;16/04/2025;2.97
16/04/2025;2.96;2.97;2.97;2.92;2.9220171685267737;3186645;9311431.4;15/04/2025;2.97
15/04/2025;2.99;2.97;3;2.97;2.986309881284916;57280;171055.83;14/04/2025;2.97
14/04/2025;2.98;2.97;3;2.97;2.9793538581449726;76980;229350.66;11/04/2025;2.95
11/04/2025;2.97;2.95;3;2.92;2.9391788374005396;604387;1776401.48;10/04/2025;2.97
10/04/2025;2.92;2.97;2.97;2.92;2.92434694749043;131138;383493.01;09/04/2025;2.92
09/04/2025;2.9;2.92;2.94;2.9;2.9241575522295857;284896;833080.79;08/04/2025;2.95
08/04/2025;3.1;3.15;3.18;3.1;3.1336405076596314;920932;2885869.82;07/04/2025;3.1
07/04/2025;3.1;3.1;3.16;3.07;3.1025147144499865;719191;2231300.66;04/04/2025;3.08
04/04/2025;3.2;3.08;3.2;3.05;3.104565042432491;152831;474473.78;03/04/2025;3.2
03/04/2025;3.22;3.2;3.22;3.2;3.201936673010355;200199;641024.52;02/04/2025;3.25
02/04/2025;3.24;3.25;3.25;3.19;3.2022686506614124;1035285;3315260.7;01/04/2025;3.22
01/04/2025;3.2;3.22;3.22;3.2;3.2002493212313583;3049640;9759608.34;31/03/2025;3.15
31/03/2025;3.22;3.15;3.25;3.15;3.2011946186901117;323936;1036982.18;28/03/2025;3.22
28/03/2025;3.28;3.22;3.28;3.22;3.249381902202799;135464;440174.27;27/03/2025;3.27
27/03/2025;3.3;3.27;3.3;3.26;3.2800316196711554;80646;264521.43;26/03/2025;3.29
26/03/2025;3.32;3.29;3.33;3.28;3.3005354194696923;170203;561761.03;25/03/2025;3.33
25/03/2025;3.31;3.33;3.37;3.25;3.311125804436962;2246447;7438268.63;24/03/2025;3.31
24/03/2025;3.35;3.31;3.35;3.25;3.279076928081189;153715;504043.31;21/03/2025;3.33
21/03/2025;3.22;3.33;3.35;3.22;3.266157265289681;791923;2586545.06;20/03/2025;3.17
20/03/2025;3.1;3.17;3.17;3.08;3.1640387696649173;805114;2547411.91;19/03/2025;3.09
19/03/2025;3.05;3.09;3.1;3.05;3.0988003843533973;5158794;15986072.83;18/03/2025;3.03
18/03/2025;3.05;3.03;3.07;3.03;3.0303205356174425;6084940;18439318.64;17/03/2025;3.03
17/03/2025;3.05;3.03;3.05;3;3.00836360853081;1515542;4559301.4;14/03/2025;3.01
14/03/2025;3;3.01;3.03;3;3.0264227582839083;1408876;4263854.39;13/03/2025;2.99
13/03/2025;3.03;2.99;3.05;2.99;3.014234995638788;251077;756805.08;12/03/2025;3.04
12/03/2025;3.03;3.04;3.04;3.03;3.0389863904123504;14769;44882.79;11/03/2025;3.03
11/03/2025;3.05;3.03;3.05;3.03;3.0494510658076575;4503017;13731729.99;10/03/2025;3.04
10/03/2025;3.05;3.04;3.06;3.03;3.046058685863659;73067;222566.37;07/03/2025;3.03
07/03/2025;3.07;3.03;3.07;3.03;3.0567583145620776;30188;92277.42;06/03/2025;3.03
06/03/2025;3.05;3.03;3.08;3.03;3.0454736537480294;131309;399898.1;05/03/2025;3.04
05/03/2025;3.04;3.04;3.05;3.04;3.0420071201197922;100841;306759.04;04/03/2025;3.03
04/03/2025;3.05;3.03;3.05;3.03;3.0400856379496433;452136;1374532.16;03/03/2025;3.03
03/03/2025;3.04;3.03;3.04;3.03;3.037698871211448;146263;444302.95;28/02/2025;3.04
28/02/2025;3.04;3.04;3.05;3.04;3.0408469285833197;144168;438392.82;27/02/2025;3.04
27/02/2025;3.05;3.04;3.08;3.04;3.0514261954989887;114241;348597.98;26/02/2025;3.05
26/02/2025;3.05;3.05;3.07;3.04;3.048596495360121;424580;1294373.1;25/02/2025;3.04
25/02/2025;3.03;3.04;3.06;3.03;3.032970321859505;279128;846586.94;24/02/2025;3.03
24/02/2025;3.03;3.03;3.03;3.03;3.0315489555962523;37677;114219.67;21/02/2025;3.03
21/02/2025;3.03;3.03;3.04;3.03;3.0353357277568227;72112;218884.13;20/02/2025;3.04
20/02/2025;3.04;3.04;3.04;3.04;3.0407728851037366;57887;176021.22;19/02/2025;3.04
19/02/2025;3.04;3.04;3.08;3.03;3.0417416572753777;107369;326588.76;18/02/2025;3.04
18/02/2025;3.06;3.04;3.06;3.03;3.039029806410479;138024;419459.05;17/02/2025;3.04
17/02/2025;3.02;3.04;3.06;3.02;3.0390610344827587;29000;88132.77;14/02/2025;3.02
14/02/2025;3.02;3.02;3.02;3.02;3.0200027927676327;111001;335223.33;13/02/2025;3.01
13/02/2025;3.06;3.01;3.06;3.01;3.040422442491116;133675;406428.47;12/02/2025;3.02
12/02/2025;3.02;3.02;3.02;3.02;3.024458057142857;21875;66160.02;11/02/2025;3.02
11/02/2025;3.02;3.02;3.05;3.02;3.024823297285147;120117;363332.7;10/02/2025;3.02
10/02/2025;3.03;3.02;3.03;3.02;3.0205908805961683;652433;1970733.17;07/02/2025;3.03
07/02/2025;2.99;3.03;3.03;2.99;3.010625017837267;35039;105489.29;06/02/2025;3
06/02/2025;3.02;3;3.02;3;3.000291255598982;4099183;12298742.91;05/02/2025;3.01
05/02/2025;3.01;3.01;3.02;3.01;3.015521932307481;58293;175783.82;04/02/2025;3
04/02/2025;3.02;3;3.02;3;3.0116138624013127;97530;293722.7;03/02/2025;3
03/02/2025;2.98;3;3.01;2.98;2.993603894917608;54738;163863.89;31/01/2025;2.98
31/01/2025;2.99;2.98;2.99;2.95;2.964205826190706;1130653;3351488.21;30/01/2025;2.99
30/01/2025;2.99;2.99;3;2.99;2.9910399123707814;58428;174760.48;29/01/2025;2.99
29/01/2025;2.99;2.99;2.99;2.99;2.9893458216141924;109863;328418.5;28/01/2025;2.99
28/01/2025;2.99;2.99;2.99;2.98;2.987764775239499;101775;304079.76;27/01/2025;2.98
27/01/2025;2.95;2.98;2.98;2.95;2.9694978033020147;136341;404864.3;24/01/2025;3
24/01/2025;2.97;3;3;2.97;2.9758028853542338;312336;929450.37;23/01/2025;2.97
23/01/2025;3;2.97;3.01;2.97;2.991923429242513;170300;509524.56;22/01/2025;3
22/01/2025;2.99;3;3;2.99;2.992157265442379;133901;400652.85;21/01/2025;2.99
21/01/2025;2.99;2.99;2.99;2.97;2.9712540093820086;2274353;6757680.47;20/01/2025;2.99
20/01/2025;2.99;2.99;2.99;2.99;2.984347382324688;33312;99414.58;17/01/2025;2.97
17/01/2025;2.98;2.97;2.99;2.95;2.960625136492684;402952;1192989.82;16/01/2025;2.97
16/01/2025;2.97;2.97;2.97;2.97;2.9699800846651923;99923;296769.32;15/01/2025;2.96
15/01/2025;2.97;2.96;2.97;2.96;2.9685723032402773;674541;2002423.73;14/01/2025;2.97
14/01/2025;2.97;2.97;2.97;2.95;2.966819848201173;1337955;3969471.45;13/01/2025;2.97
13/01/2025;2.96;2.97;2.98;2.96;2.96986814621984;454822;1350761.37;10/01/2025;2.97
10/01/2025;2.97;2.97;2.97;2.97;2.969917649539259;161262;478934.86;09/01/2025;2.97
09/01/2025;2.96;2.97;2.97;2.96;2.9688190460059705;94466;280452.46;08/01/2025;2.97
08/01/2025;2.99;2.97;2.99;2.97;2.970441076140296;121657;361374.95;07/01/2025;2.96
07/01/2025;2.96;2.96;2.97;2.96;2.9622705212935725;243759;722080.1;06/01/2025;2.95
06/01/2025;2.95;2.95;2.97;2.94;2.9510809640819287;242552;715790.59;03/01/2025;2.94
03/01/2025;2.94;2.94;2.96;2.92;2.9326880336293333;198874;583235.4;02/01/2025;2.91
02/01/2025;2.91;2.91;2.96;2.91;2.922938245492724;98341;287444.67;31/12/2024;2.93
01/01/2025;;;;;;;;;2.93
31/12/2024;2.94;2.93;2.94;2.93;2.9313209180526547;92413;270892.16;30/12/2024;2.93
30/12/2024;2.94;2.93;2.94;2.93;2.9386467010025226;47181;138648.29;27/12/2024;2.93
27/12/2024;2.94;2.93;2.94;2.93;2.931254754452694;427494;1253093.82;26/12/2024;2.93
26/12/2024;2.97;2.93;2.97;2.89;2.8948568302438016;2116718;6127595.56;24/12/2024;2.96
24/12/2024;2.95;2.96;2.97;2.95;2.965015630094164;52143;154604.81;23/12/2024;2.95
23/12/2024;2.94;2.95;2.97;2.94;2.96369735217451;65601;194421.51;20/12/2024;2.94
20/12/2024;2.94;2.94;2.94;2.93;2.938745178399228;41480;121899.15;19/12/2024;2.94
19/12/2024;2.95;2.94;2.95;2.93;2.936729251960972;261350;767514.19;18/12/2024;2.96
18/12/2024;2.95;2.96;2.96;2.94;2.9474162923932115;528357;1557288.03;17/12/2024;2.96
17/12/2024;2.99;2.96;2.99;2.96;2.9749585653595534;128757;383046.74;16/12/2024;2.99
16/12/2024;2.98;2.99;3;2.98;2.984315308209893;81146;242165.25;13/12/2024;2.96
13/12/2024;2.96;2.96;2.96;2.96;2.9600486825290573;98598;291854.88;12/12/2024;2.96
12/12/2024;2.96;2.96;2.96;2.95;2.954110871451593;201675;595770.31;11/12/2024;2.95
11/12/2024;2.98;2.95;2.98;2.95;2.960339942205812;124580;368799.15;10/12/2024;2.95
10/12/2024;2.99;2.95;2.99;2.95;2.962152497629239;195085;577871.52;06/12/2024;2.99
06/12/2024;3;2.99;3;2.99;2.9952145534280104;78442;234950.62;05/12/2024;3
05/12/2024;3;3;3.02;3;3.0015688063108974;196232;589003.85;04/12/2024;3.01
04/12/2024;3.01;3.01;3.01;3;3.001863584186602;217790;653775.87;03/12/2024;2.97
03/12/2024;3;2.97;3.01;2.97;2.989265461127506;512689;1532563.52;02/12/2024;3.01
02/12/2024;3.01;3.01;3.01;2.99;2.999684028901111;55638;166896.42;29/11/2024;2.99
29/11/2024;2.99;2.99;3.02;2.98;2.9915636043524447;236281;706849.64;28/11/2024;2.98
28/11/2024;2.97;2.98;2.98;2.97;2.972122070791254;101990;303126.73;27/11/2024;2.97
27/11/2024;3.01;2.97;3.01;2.97;2.9715901868553773;1142916;3396277.97;26/11/2024;3
26/11/2024;2.98;3;3;2.98;2.9990822894100653;318510;955237.7;25/11/2024;3
25/11/2024;2.98;3;3.01;2.98;3.000306623058054;112516;337582.5;22/11/2024;3
22/11/2024;2.98;3;3;2.98;2.9936923412453202;110044;329437.88;21/11/2024;2.97
21/11/2024;2.99;2.97;2.99;2.97;2.980333867482971;1182565;3524438.52;20/11/2024;2.99
20/11/2024;2.95;2.99;2.99;2.95;2.9790807670556783;19451;57946.1;19/11/2024;2.96
19/11/2024;2.97;2.96;2.97;2.95;2.956254516704663;314942;931048.71;18/11/2024;2.99
18/11/2024;2.98;2.99;2.99;2.98;2.988153424208932;48858;145995.2;15/11/2024;2.98
15/11/2024;2.96;2.98;3;2.94;2.974559627730036;29441;87574.01;14/11/2024;2.98
14/11/2024;3;2.98;3;2.97;2.9803782037552655;56028;166984.63;13/11/2024;2.97
13/11/2024;2.98;2.97;2.98;2.96;2.972397917595854;130042;386536.57;12/11/2024;2.98
12/11/2024;3;2.98;3;2.98;2.9948055853920517;88445;264875.58;11/11/2024;3
11/11/2024;3;3;3;3;2.9984649943841255;29381;88097.9;08/11/2024;3
08/11/2024;3;3;3;2.99;3.001511022411855;43593;130844.87;07/11/2024;3
07/11/2024;3;3;3;3;3.0000435450314056;253301;759914.03;06/11/2024;3
06/11/2024;3;3;3.02;2.98;2.991688418507398;100911;301894.27;05/11/2024;3
05/11/2024;2.99;3;3;2.99;2.9999993719205205;4298819;12896454.3;04/11/2024;2.97
04/11/2024;3;2.97;3;2.97;2.984728072759408;108632;324236.98;31/10/2024;3
31/10/2024;3;3;3;2.98;2.9998689692076237;356939;1070770.23;30/10/2024;3.02
30/10/2024;3.06;3.02;3.09;3.02;3.044895399962179;84608;257622.51;29/10/2024;3.05
29/10/2024;3.04;3.05;3.1;3.04;3.054596179679565;122084;372917.32;28/10/2024;3.02
28/10/2024;3;3.02;3.03;3;3.017411390480179;200571;605205.22;25/10/2024;3
25/10/2024;3.04;3;3.04;3;3.018041697803019;66910;201937.17;24/10/2024;3
24/10/2024;3.05;3;3.06;3;3.004417049530938;4275449;12845231.87;23/10/2024;3.02
23/10/2024;3.03;3.02;3.03;3;3.0129640965330426;207473;625108.7;22/10/2024;3.04
22/10/2024;3.04;3.04;3.04;3.03;3.0329534479540894;171464;520042.33;21/10/2024;3.03
21/10/2024;3.02;3.03;3.04;3.02;3.031557174611015;194352;589189.2;18/10/2024;3.02
18/10/2024;3.02;3.02;3.02;3.02;3.0200178225046;501613;1514880.2;17/10/2024;3
17/10/2024;3.01;3;3.04;3;3.0224033584350387;346590;1047534.78;16/10/2024;3
16/10/2024;3;3;3;3;3.000069733599798;257695;773102.97;15/10/2024;3
15/10/2024;3;3;3;3;2.9998879004799734;315434;946266.64;14/10/2024;2.99
14/10/2024;2.99;2.99;2.99;2.98;2.9875480852148746;133357;398410.45;11/10/2024;2.99
11/10/2024;3;2.99;3.02;2.99;3.0013622012485435;1309366;3929881.62;10/10/2024;3
10/10/2024;3;3;3;2.98;2.9926658283558627;38172;114236.04;09/10/2024;2.98
09/10/2024;2.96;2.98;2.98;2.96;2.9649259077182384;71195;211087.9;07/10/2024;2.97
07/10/2024;2.98;2.97;3;2.96;2.970828297762921;186672;554570.46;04/10/2024;2.99
04/10/2024;2.91;2.99;2.99;2.91;2.953730752435406;245031;723755.6;03/10/2024;2.91
03/10/2024;2.9;2.91;2.91;2.9;2.9009355481416996;171151;496498.02;02/10/2024;2.9
02/10/2024;2.87;2.9;2.9;2.87;2.88383129516398;21588;62256.15;01/10/2024;2.89
01/10/2024;2.88;2.89;2.89;2.88;2.882019266174916;84189;242634.32;30/09/2024;2.88
30/09/2024;2.88;2.88;2.9;2.85;2.854909546344493;634358;1811034.71;27/09/2024;2.88
27/09/2024;2.88;2.88;2.89;2.88;2.880365567251462;213750;615678.14;26/09/2024;2.84
26/09/2024;2.84;2.84;2.84;2.83;2.8332339340691437;164354;465653.33;25/09/2024;2.83
25/09/2024;2.81;2.83;2.83;2.81;2.8134403790836955;143926;404927.22;24/09/2024;2.81
24/09/2024;2.8;2.81;2.83;2.8;2.8052231762311988;290936;816140.41;23/09/2024;2.8
23/09/2024;2.78;2.8;2.8;2.76;2.7899018348016162;75485;210595.74;20/09/2024;2.78
20/09/2024;2.78;2.78;2.78;2.77;2.7787512535217993;83764;232759.32;19/09/2024;2.78
19/09/2024;2.78;2.78;2.79;2.78;2.7846563004503357;47076;131090.48;18/09/2024;2.78
18/09/2024;2.77;2.78;2.79;2.77;2.7801107951205237;1131187;3144825.19;17/09/2024;2.77
17/09/2024;2.8;2.77;2.8;2.75;2.7527202700194144;1890827;5204917.81;16/09/2024;2.79
16/09/2024;2.79;2.79;2.79;2.79;2.7914183593134942;31755;88641.49;13/09/2024;2.79
13/09/2024;2.8;2.79;2.8;2.79;2.7997797078216875;479091;1341349.26;12/09/2024;2.82
12/09/2024;2.8;2.82;2.83;2.79;2.8015397955172006;414607;1161538.01;11/09/2024;2.79
11/09/2024;2.79;2.79;2.8;2.79;2.7975903443793593;120013;335747.21;10/09/2024;2.79
10/09/2024;2.79;2.79;2.79;2.79;2.789416019107209;89181;248762.91;09/09/2024;2.78
09/09/2024;2.77;2.78;2.79;2.77;2.77998790747392;2273305;6319760.41;06/09/2024;2.78
06/09/2024;2.78;2.78;2.78;2.77;2.7746899126838236;87040;241509.01;05/09/2024;2.77
05/09/2024;2.77;2.77;2.77;2.77;2.7699710300049536;226096;626279.37;04/09/2024;2.77
04/09/2024;2.77;2.77;2.77;2.72;2.740092340568238;128221;351337.38;03/09/2024;2.73
03/09/2024;2.78;2.73;2.78;2.73;2.7333645880088553;1051576;2874340.6;02/09/2024;2.77
02/09/2024;2.77;2.77;2.77;2.77;2.7700192826841494;108906;301671.72;29/08/2024;2.76
29/08/2024;2.79;2.76;2.79;2.75;2.7629507359698904;68549;189397.51;28/08/2024;2.76
28/08/2024;2.77;2.76;2.77;2.75;2.7526751180389364;587518;1617246.18;27/08/2024;2.75
27/08/2024;2.75;2.75;2.75;2.75;2.750039992611462;931172;2560760.24;26/08/2024;2.75
26/08/2024;2.78;2.75;2.78;2.75;2.7676181528097854;28205;78060.67;23/08/2024;2.75
23/08/2024;2.72;2.75;2.75;2.72;2.7315592268653495;46305;126484.85;22/08/2024;2.7
22/08/2024;2.75;2.7;2.75;2.7;2.7009650878388185;2686170;7255251.39;21/08/2024;2.75
21/08/2024;2.74;2.75;2.75;2.74;2.750253161928717;337136;927209.35;20/08/2024;2.74
20/08/2024;2.75;2.74;2.8;2.74;2.7509163294450074;328419;903453.19;19/08/2024;2.75
19/08/2024;2.76;2.75;2.78;2.75;2.758509587174197;52831;145734.82;16/08/2024;2.75
16/08/2024;2.77;2.75;2.77;2.74;2.7402473978459114;4554688;12480971.94;15/08/2024;2.78
15/08/2024;2.75;2.78;2.79;2.7;2.7363467245477997;13140033;35955686.26;14/08/2024;2.79
14/08/2024;2.87;2.9;2.9;2.87;2.87497661918839;651175;1872112.9;13/08/2024;2.87
13/08/2024;2.9;2.87;2.9;2.87;2.8929307593192752;4124194;11931007.68;12/08/2024;2.9
12/08/2024;2.9;2.9;2.93;2.9;2.9005173514040825;901051;2613514.06;09/08/2024;2.9
09/08/2024;2.93;2.9;2.93;2.9;2.9214856846553627;592057;1729686.05;08/08/2024;2.91
08/08/2024;2.9;2.91;2.93;2.9;2.910325269174532;376150;1094718.85;07/08/2024;2.9
07/08/2024;2.93;2.9;2.95;2.89;2.896605396335273;522058;1512196.02;05/08/2024;2.89
05/08/2024;2.89;2.89;2.94;2.89;2.903566570905578;157336;456835.55;02/08/2024;2.95
02/08/2024;2.95;2.95;2.95;2.9;2.943298644926125;71878;211558.42;01/08/2024;3
01/08/2024;3.03;3;3.03;3;3.014911713309512;76682;231189.46;31/07/2024;3.04
31/07/2024;3.03;3.04;3.04;3.01;3.0319789757864846;142978;433506.29;30/07/2024;3.03
30/07/2024;3.01;3.03;3.06;3.01;3.0431070717253497;285687;869376.13;26/07/2024;3.01
26/07/2024;2.89;3.01;3.01;2.89;2.9894180293977546;4962828;14835967.5;25/07/2024;2.89
25/07/2024;2.83;2.89;2.89;2.83;2.8661633989253814;56206;161095.58;24/07/2024;2.8
24/07/2024;2.82;2.8;2.83;2.8;2.8120335600635245;166865;469229.98;22/07/2024;2.84
22/07/2024;2.83;2.84;2.84;2.83;2.836988716291042;33411;94786.63;19/07/2024;2.84
19/07/2024;2.84;2.84;2.84;2.83;2.8365074451793686;30691;87055.25;18/07/2024;2.83
18/07/2024;2.81;2.83;2.84;2.81;2.824125041671297;71992;203314.41;17/07/2024;2.81
17/07/2024;2.78;2.81;2.81;2.78;2.795588532968979;118566;331461.75;16/07/2024;2.79
16/07/2024;2.79;2.79;2.79;2.79;2.7905581739059038;60895;169931.04;15/07/2024;2.78
15/07/2024;2.77;2.78;2.8;2.77;2.7835969316241496;39239;109225.56;12/07/2024;2.77
12/07/2024;2.75;2.77;2.8;2.75;2.778068409994908;3784447;10513452.66;11/07/2024;2.75
11/07/2024;2.74;2.75;2.78;2.74;2.742752381340986;220569;604966.15;10/07/2024;2.74
10/07/2024;2.78;2.74;2.78;2.74;2.749907246779724;5395500;14837124.55;09/07/2024;2.75
09/07/2024;2.75;2.75;2.75;2.7;2.7017160717523105;2995137;8092009.77;08/07/2024;2.75
08/07/2024;2.75;2.75;2.75;2.73;2.730829868021819;1046082;2856671.97;05/07/2024;2.75
05/07/2024;2.8;2.75;2.8;2.74;2.759547169011697;94384;260457.1;04/07/2024;2.75
04/07/2024;2.75;2.75;2.76;2.75;2.7595099893800614;301320;831495.55;03/07/2024;2.77
03/07/2024;2.78;2.77;2.78;2.77;2.771796017522122;102499;284106.32;02/07/2024;2.74
02/07/2024;2.75;2.74;2.75;2.74;2.745731830263037;43644;119834.72;01/07/2024;2.75
01/07/2024;2.75;2.75;2.75;2.73;2.73959374355194;1134062;3106869.16;28/06/2024;2.75
28/06/2024;2.78;2.75;2.78;2.75;2.751378866331531;914853;2517107.21;27/06/2024;2.75
27/06/2024;2.76;2.75;2.76;2.75;2.751492296880419;219132;602940.01;26/06/2024;2.77
26/06/2024;2.78;2.77;2.78;2.77;2.772931786025639;69971;194024.81;25/06/2024;2.78
25/06/2024;2.78;2.78;2.78;2.78;2.78002608799952;100046;278130.49;24/06/2024;2.77
24/06/2024;2.77;2.77;2.77;2.77;2.7706035987885267;56130;155513.98;21/06/2024;2.78
21/06/2024;2.78;2.78;2.78;2.78;2.7796798929648343;50077;139198.03;20/06/2024;2.78
20/06/2024;2.8;2.78;2.8;2.78;2.797444601987212;184077;514945.21;19/06/2024;2.8
19/06/2024;2.8;2.8;2.8;2.8;2.8001361567909853;83066;232596.11;18/06/2024;2.8
18/06/2024;2.82;2.8;2.82;2.8;2.8090893082359663;42023;118046.36;17/06/2024;2.84
17/06/2024;2.85;2.84;2.85;2.8;2.822813023701221;25062;70745.34;14/06/2024;2.81
14/06/2024;2.8;2.81;2.81;2.8;2.8076971537492326;61906;173813.3;13/06/2024;2.81
13/06/2024;2.82;2.81;2.82;2.81;2.816399148406851;41804;117736.75;12/06/2024;2.8
12/06/2024;2.8;2.8;2.8;2.8;2.800287534893814;101379;283890.35;11/06/2024;2.8
11/06/2024;2.8;2.8;2.8;2.78;2.7969079491499462;32645;91305.06;10/06/2024;2.81
10/06/2024;2.79;2.81;2.81;2.75;2.779103454315705;79929;222130.96;06/06/2024;2.8
06/06/2024;2.82;2.8;2.82;2.79;2.8003543858053694;395868;1108570.69;05/06/2024;2.82
05/06/2024;2.82;2.82;2.82;2.8;2.8157058850137964;44214;124493.62;04/06/2024;2.8
04/06/2024;2.8;2.8;2.8;2.8;2.8000352375759783;1584672;4437137.44;03/06/2024;2.8
03/06/2024;2.8;2.8;2.8;2.76;2.777089416058394;80008;222189.37;31/05/2024;2.8
31/05/2024;2.8;2.8;2.8;2.8;2.8023919906196446;11087;31070.12;30/05/2024;2.8
30/05/2024;2.8;2.8;2.8;2.78;2.7816229518751565;1149344;3197041.65;29/05/2024;2.79
29/05/2024;2.8;2.79;2.8;2.79;2.792104812092212;392054;1094655.86;28/05/2024;2.8
28/05/2024;2.82;2.8;2.82;2.78;2.800015948228376;5164837;14461625.97;27/05/2024;2.79
27/05/2024;2.79;2.79;2.8;2.79;2.79375349740193;70052;195708.02;24/05/2024;2.79
24/05/2024;2.83;2.79;2.83;2.78;2.7975430420327716;134752;376974.52;23/05/2024;2.83
23/05/2024;2.83;2.83;2.83;2.8;2.8097682507824193;117584;330383.79;22/05/2024;2.8
22/05/2024;2.82;2.8;2.82;2.77;2.7998016437823843;4570313;12795969.85;21/05/2024;2.82
21/05/2024;2.84;2.82;2.84;2.82;2.829509564259475;1350758;3821982.68;20/05/2024;2.84
20/05/2024;2.84;2.84;2.85;2.84;2.8431240588057265;545185;1550028.59;17/05/2024;2.84
17/05/2024;2.85;2.84;2.86;2.84;2.8440117315188074;209862;596849.99;16/05/2024;2.85
16/05/2024;2.83;2.85;2.85;2.83;2.839783865401208;46360;131652.38;15/05/2024;2.84
15/05/2024;2.87;2.84;2.88;2.84;2.852730487714009;174467;497707.33;14/05/2024;2.86
14/05/2024;2.85;2.86;2.88;2.84;2.8581985435032577;18263;52199.28;13/05/2024;2.86
13/05/2024;2.88;2.86;2.88;2.86;2.8735772954924874;14975;43031.82;10/05/2024;2.86
10/05/2024;2.84;2.86;2.86;2.84;2.8451863858813913;337767;961010.07;09/05/2024;2.84
09/05/2024;2.84;2.84;2.85;2.84;2.8400745907519234;1053884;2993109.17;08/05/2024;2.84
08/05/2024;2.87;2.84;2.87;2.84;2.843875910610593;142075;404043.67;07/05/2024;2.86
07/05/2024;2.8;2.86;2.86;2.8;2.8438762343983544;391385;1113050.5;06/05/2024;2.85
06/05/2024;2.88;2.85;2.88;2.85;2.8659854760013617;17626;50515.86;03/05/2024;2.87
03/05/2024;2.89;2.87;2.89;2.87;2.886494265141777;1513115;4367597.77;02/05/2024;2.9
02/05/2024;2.89;2.9;2.91;2.89;2.9022141341722145;109352;317362.92;30/04/2024;2.88
30/04/2024;2.9;2.88;2.9;2.85;2.873020971239443;350480;1006936.39;29/04/2024;2.9
29/04/2024;2.92;2.9;2.92;2.89;2.900033130511009;155144;449922.74;26/04/2024;2.9
26/04/2024;2.86;2.9;2.91;2.86;2.8750321996157875;458080;1316994.75;25/04/2024;2.9
25/04/2024;2.9;2.9;2.9;2.9;2.9168066459740736;5477;15975.35;24/04/2024;2.9
24/04/2024;2.8;2.9;2.95;2.8;2.8974534689546605;459908;1332562.03;23/04/2024;2.8
23/04/2024;2.7;2.8;2.8;2.7;2.7483050310845036;138976;381948.44;22/04/2024;2.7
22/04/2024;2.68;2.7;2.7;2.67;2.67162125677601;521509;1393274.53;19/04/2024;2.66
19/04/2024;2.62;2.66;2.66;2.62;2.6220031244895097;434631;1139603.84;18/04/2024;2.62
18/04/2024;2.61;2.62;2.62;2.6;2.6111775597111646;81015;211544.55;17/04/2024;2.58
17/04/2024;2.63;2.58;2.63;2.58;2.5994883084109643;223494;580970.04;16/04/2024;2.63
16/04/2024;2.67;2.63;2.69;2.63;2.6412598016239976;78941;208503.69;15/04/2024;2.67
15/04/2024;2.87;2.84;2.88;2.84;2.8605015933978954;290574;831187.39;12/04/2024;2.84
12/04/2024;2.8;2.84;2.9;2.8;2.8098850329327276;285734;802879.69;11/04/2024;2.8
11/04/2024;2.81;2.8;2.81;2.8;2.8013598511882045;1270867;3560155.79;10/04/2024;2.81
10/04/2024;2.78;2.81;2.82;2.78;2.800503273240004;198580;556123.94;09/04/2024;2.78
09/04/2024;2.7;2.78;2.8;2.7;2.766590914111514;724288;2003808.6;08/04/2024;2.7
08/04/2024;2.74;2.7;2.75;2.65;2.6544066888762927;1954708;5188589.99;05/04/2024;2.65
05/04/2024;2.71;2.65;2.72;2.65;2.6521805277644193;1863104;4941288.15;04/04/2024;2.7
04/04/2024;2.76;2.7;2.76;2.7;2.705985002514286;3354829;9078116.96;03/04/2024;2.75
03/04/2024;2.9;2.75;2.9;2.7;2.704765991349789;7985239;21598202.88;02/04/2024;2.83
02/04/2024;2.86;2.83;2.86;2.83;2.8313298721931024;2809864;7955651.88;01/04/2024;2.87
01/04/2024;2.95;2.87;2.95;2.87;2.8729071346728894;715660;2056024.72;27/03/2024;2.9
27/03/2024;3.05;2.9;3.05;2.9;2.987333979194058;173412;518039.56;26/03/2024;3.05
26/03/2024;3.1;3.05;3.1;3.05;3.0671042629596945;343353;1053099.45;25/03/2024;3.1
25/03/2024;3.08;3.1;3.1;3.08;3.087760899659893;585110;1806679.78;22/03/2024;3.1
22/03/2024;3.08;3.1;3.18;3.08;3.114244295006063;108852;338991.72;21/03/2024;3.05
21/03/2024;3.06;3.05;3.06;3.05;3.050689933853882;80428;245360.89;20/03/2024;3.05
20/03/2024;3.1;3.05;3.1;3.05;3.0534607018474107;663848;2027033.78;19/03/2024;3.1
19/03/2024;3.12;3.1;3.12;3.1;3.100974354156881;53225;165049.36;18/03/2024;3.12
18/03/2024;3.15;3.12;3.15;3.12;3.1492060735181564;591881;1863955.24;15/03/2024;3.15
15/03/2024;3.15;3.15;3.15;3.15;3.1494716919025674;18228;57408.57;14/03/2024;3.16
14/03/2024;3.16;3.16;3.16;3.15;3.151266382555552;510833;1609770.86;13/03/2024;3.15
13/03/2024;3.12;3.15;3.17;3.12;3.14983986042227;378857;1193338.88;12/03/2024;3.15
12/03/2024;3.17;3.15;3.17;3.15;3.1549549733794167;293382;925607;11/03/2024;3.17
11/03/2024;3.12;3.17;3.17;3.12;3.169453068733259;370723;1174989.15;08/03/2024;3.14
08/03/2024;3.12;3.14;3.14;3.1;3.1208151988150847;70216;219131.16;07/03/2024;3.08
07/03/2024;3.08;3.08;3.08;3.08;3.0848363294210865;20193;62292.1;06/03/2024;3.08
06/03/2024;3.08;3.08;3.08;3.08;3.079987398106711;565788;1742619.91;05/03/2024;3.08
05/03/2024;3.08;3.08;3.08;3.08;3.080033567492288;684293;2107645.41;04/03/2024;3.08
04/03/2024;3.09;3.08;3.1;3.08;3.090686722839518;51389;158827.3;01/03/2024;3.08
01/03/2024;3.05;3.08;3.08;3.05;3.0614485458612974;12516;38317.09;29/02/2024;3.05
29/02/2024;3.03;3.05;3.05;3.03;3.0447049459312563;673402;2050310.4;28/02/2024;3
28/02/2024;3;3;3.03;3;3.029746131212142;3061424;9275337.52;27/02/2024;3
27/02/2024;3.05;3;3.05;3;3.0005165818075885;4702895;14111114.43;26/02/2024;3.05
26/02/2024;3;3.05;3.05;3;3.0497763619158587;593906;1811280.48;23/02/2024;3
23/02/2024;3;3;3.03;3;3.0000215929588445;5186876;15560740;22/02/2024;3
22/02/2024;2.97;3;3;2.97;2.9996540808826264;8471807;25412490.44;21/02/2024;2.97
21/02/2024;3.01;2.97;3.01;2.97;2.9900602960745175;24048;71904.97;20/02/2024;3
20/02/2024;2.95;3;3;2.94;2.9982157379244536;1335157;4003088.73;19/02/2024;2.93
19/02/2024;2.93;2.93;2.93;2.93;2.931498565499568;35901;105243.73;16/02/2024;2.93
16/02/2024;2.89;2.93;2.93;2.89;2.9045258607087634;63378;184083.04;15/02/2024;2.89
15/02/2024;2.8;2.89;2.89;2.8;2.8399052834097973;121626;345406.32;14/02/2024;2.79
14/02/2024;2.79;2.79;2.79;2.79;2.7933630384044137;4713;13165.12;13/02/2024;2.78
13/02/2024;2.78;2.78;2.78;2.78;2.781266391907081;10676;29692.8;12/02/2024;2.8
12/02/2024;2.8;2.8;2.8;2.8;2.7996468676828976;20927;58588.21;09/02/2024;2.8
09/02/2024;2.8;2.8;2.8;2.8;2.8000074955495173;170768;478151.68;08/02/2024;2.8
08/02/2024;2.8;2.8;2.81;2.8;2.8009514564614704;128771;360681.32;07/02/2024;2.8
07/02/2024;2.8;2.8;2.82;2.8;2.8014748928352726;65320;182992.34;06/02/2024;2.8
06/02/2024;2.8;2.8;2.8;2.8;2.7992974120181193;31569;88371.02;05/02/2024;2.8
05/02/2024;2.82;2.8;2.82;2.8;2.810986577662934;27864;78325.33;02/02/2024;2.82
02/02/2024;2.81;2.82;2.82;2.8;2.8000357128788593;1345453;3767316.45;01/02/2024;2.78
01/02/2024;2.79;2.78;2.79;2.78;2.7887840765227176;35545;99127.33;31/01/2024;2.8
31/01/2024;2.79;2.8;2.8;2.79;2.7988746307237813;43328;121269.64;30/01/2024;2.78
30/01/2024;2.78;2.78;2.78;2.78;2.780590645017131;13426;37332.21;29/01/2024;2.78
29/01/2024;2.8;2.78;2.8;2.78;2.7937766358341896;14595;40775.17;26/01/2024;2.8
26/01/2024;2.8;2.8;2.8;2.8;2.8001337931294406;106134;297189.4;25/01/2024;2.8
25/01/2024;2.8;2.8;2.8;2.79;2.791948775008024;233675;652408.63;24/01/2024;2.8
24/01/2024;2.8;2.8;2.8;2.8;2.800148361397533;140333;392953.22;23/01/2024;2.8
23/01/2024;2.8;2.8;2.81;2.8;2.802426262435141;137413;385089.8;22/01/2024;2.8
22/01/2024;2.8;2.8;2.8;2.8;2.8018159279061745;46384;129959.43;19/01/2024;2.82
19/01/2024;2.83;2.82;2.83;2.82;2.8237984871851363;68085;192258.32;18/01/2024;2.81
18/01/2024;2.78;2.81;2.81;2.78;2.7859507423445713;155184;432334.98;17/01/2024;2.78
17/01/2024;2.77;2.78;2.78;2.77;2.779418993862468;344764;958243.61;16/01/2024;2.77
16/01/2024;2.76;2.77;2.77;2.76;2.760314046604583;1441060;3977778.16;15/01/2024;2.8
15/01/2024;2.76;2.8;2.8;2.76;2.7817034148070996;45127;125529.93;12/01/2024;2.8
12/01/2024;2.75;2.8;2.8;2.75;2.7855040395623507;220816;615083.86;11/01/2024;2.75
11/01/2024;2.7;2.75;2.8;2.7;2.794435536734569;2645274;7392047.67;10/01/2024;2.7
10/01/2024;2.61;2.7;2.7;2.6;2.6954260521297844;2256637;6082598.16;09/01/2024;2.62
09/01/2024;2.53;2.62;2.62;2.53;2.572451868688985;4200592;10805820.74;08/01/2024;2.51
08/01/2024;2.5;2.51;2.52;2.5;2.5099702182407317;209860;526742.35;05/01/2024;2.51
05/01/2024;2.51;2.51;2.51;2.51;2.51;494642;1241551.42;04/01/2024;2.54
04/01/2024;2.51;2.54;2.54;2.51;2.5100736852809935;2664847;6688962.33;03/01/2024;2.51
03/01/2024;2.5;2.51;2.51;2.5;2.5021862715452072;66140;165494.6;02/01/2024;2.48
02/01/2024;2.48;2.48;2.48;2.48;2.4799219910846952;2692;6675.95;29/12/2023;2.48
29/12/2023;2.48;2.48;2.48;2.47;2.47449411056735;225998;559230.72;28/12/2023;2.46
28/12/2023;2.43;2.46;2.46;2.43;2.4438094858415207;338631;827549.65;27/12/2023;2.43
27/12/2023;2.4;2.43;2.43;2.39;2.4054869878423872;680479;1636883.38;26/12/2023;2.4
26/12/2023;2.36;2.4;2.4;2.36;2.375314915787644;874456;2077108.38;22/12/2023;2.4
22/12/2023;2.39;2.4;2.4;2.37;2.372331447611163;587043;1392660.57;21/12/2023;2.42
21/12/2023;2.4;2.42;2.42;2.4;2.4089960006990716;589353;1419749.02;20/12/2023;2.43
20/12/2023;2.42;2.43;2.43;2.41;2.4215377775426488;491456;1190079.27;19/12/2023;2.41
19/12/2023;2.44;2.41;2.44;2.4;2.4059479003173667;953787;2294761.83;18/12/2023;2.45
18/12/2023;2.42;2.45;2.45;2.39;2.4168386285394887;157438;380502.24;15/12/2023;2.45
15/12/2023;2.45;2.45;2.45;2.45;2.449022633744856;28188;69033.05;14/12/2023;2.45
14/12/2023;2.4;2.45;2.45;2.4;2.4305199101480692;407782;991122.27;13/12/2023;2.4
13/12/2023;2.4;2.4;2.4;2.37;2.37448196942578;238567;566473.04;12/12/2023;2.38
12/12/2023;2.38;2.38;2.4;2.38;2.3803919999883627;687449;1636398.1;11/12/2023;2.38
11/12/2023;2.38;2.38;2.38;2.37;2.3717045415528295;203873;483526.52;07/12/2023;2.41
07/12/2023;2.41;2.41;2.41;2.41;2.4098816067653277;7095;17098.11;06/12/2023;2.4
06/12/2023;2.41;2.4;2.41;2.38;2.3987044105173876;61308;147059.77;05/12/2023;2.4
05/12/2023;2.4;2.4;2.4;2.36;2.3649521141541925;720359;1703614.54;04/12/2023;2.37
04/12/2023;2.4;2.37;2.4;2.37;2.3742732073893134;133869;317841.58;01/12/2023;2.39
01/12/2023;2.4;2.39;2.4;2.37;2.374102508168721;430912;1023029.26;30/11/2023;2.37
30/11/2023;2.42;2.37;2.42;2.37;2.3740130374563138;1099601;2610467.11;29/11/2023;2.42
29/11/2023;2.42;2.42;2.42;2.42;2.4186012922843028;7893;19090.02;28/11/2023;2.4
28/11/2023;2.42;2.4;2.42;2.39;2.396872917658258;96646;231648.18;27/11/2023;2.42
27/11/2023;2.4;2.42;2.42;2.4;2.419274683975083;1013765;2452576;24/11/2023;2.4
24/11/2023;2.44;2.4;2.45;2.4;2.4361287744557276;3095645;7541389.86;23/11/2023;2.44
23/11/2023;2.42;2.44;2.44;2.42;2.433417506285838;55283;134526.62;22/11/2023;2.42
22/11/2023;2.41;2.42;2.42;2.4;2.405357885721277;81730;196589.9;21/11/2023;2.4
21/11/2023;2.39;2.4;2.4;2.39;2.3998064643556045;384787;923414.33;20/11/2023;2.38
20/11/2023;2.42;2.38;2.42;2.38;2.406535947712418;17748;42711.2;17/11/2023;2.4
17/11/2023;2.38;2.4;2.4;2.36;2.384641382177669;108235;258101.66;16/11/2023;2.38
16/11/2023;2.37;2.38;2.38;2.36;2.3656217365672902;284976;674145.42;15/11/2023;2.38
15/11/2023;2.38;2.38;2.38;2.38;2.374772393538913;10215;24258.3;14/11/2023;2.36
14/11/2023;2.4;2.36;2.4;2.36;2.3839052645014767;227201;541625.66;13/11/2023;2.4
13/11/2023;2.4;2.4;2.4;2.39;2.3999398889365215;2017765;4842514.71;10/11/2023;2.4
10/11/2023;2.39;2.4;2.4;2.39;2.390493142677211;1327486;3173346.18;09/11/2023;2.39
09/11/2023;2.4;2.39;2.4;2.37;2.3839466568901515;21821;52020.1;08/11/2023;2.39
08/11/2023;2.38;2.39;2.39;2.38;2.3806692376257437;54973;130872.53;07/11/2023;2.38
07/11/2023;2.38;2.38;2.38;2.37;2.3775709631747515;145498;345931.82;06/11/2023;2.38
06/11/2023;2.37;2.38;2.38;2.37;2.373091949933698;61838;146747.26;03/11/2023;2.36
03/11/2023;2.28;2.36;2.37;2.28;2.3000559567289156;251623;578746.98;02/11/2023;2.35
02/11/2023;2.35;2.35;2.35;2.35;2.349897726106149;77928;183122.83;31/10/2023;2.37
31/10/2023;2.37;2.37;2.37;2.35;2.3698266090197957;1154616;2736239.72;30/10/2023;2.35
30/10/2023;2.34;2.35;2.35;2.34;2.3431651530882696;228267;534867.28;27/10/2023;2.35
27/10/2023;2.28;2.35;2.35;2.28;2.3300487235789027;1214607;2830093.49;26/10/2023;2.3
26/10/2023;2.3;2.3;2.3;2.29;2.2959423963614363;766896;1760749.04;25/10/2023;2.3
25/10/2023;2.25;2.3;2.3;2.25;2.295849860178072;124444;285704.74;24/10/2023;2.3
24/10/2023;2.29;2.3;2.3;2.29;2.299953740814565;4612057;10607517.75;23/10/2023;2.27
23/10/2023;2.32;2.27;2.32;2.27;2.284123560735772;63661;145409.59;20/10/2023;2.35
20/10/2023;2.3;2.35;2.35;2.3;2.3112797698688787;14948;34549.01;19/10/2023;2.3
19/10/2023;2.3;2.3;2.3;2.3;2.3001842627616944;26701;61417.22;18/10/2023;2.27
18/10/2023;2.26;2.27;2.27;2.26;2.2629950716845877;35712;80816.08;17/10/2023;2.24
17/10/2023;2.24;2.24;2.24;2.24;2.244909277644642;17526;39344.28;16/10/2023;2.22
16/10/2023;2.22;2.22;2.22;2.22;2.2200555415095455;371794;825403.33;13/10/2023;2.22
13/10/2023;2.23;2.22;2.23;2.22;2.226680506554759;134635;299789.13;12/10/2023;2.23
12/10/2023;2.37;2.34;2.37;2.32;2.3393423755923353;217571;508973.06;11/10/2023;2.35
11/10/2023;2.37;2.35;2.37;2.34;2.348714159223809;428039;1005341.26;10/10/2023;2.38
10/10/2023;2.4;2.38;2.4;2.38;2.385277431555422;46534;110996.5;09/10/2023;2.4
09/10/2023;2.4;2.4;2.41;2.39;2.4023739000022055;634774;1524964.49;06/10/2023;2.39
06/10/2023;2.4;2.39;2.4;2.38;2.3874567885771545;15968;38122.91;05/10/2023;2.39
05/10/2023;2.43;2.39;2.43;2.38;2.389351908066862;228949;547039.73;04/10/2023;2.43
04/10/2023;2.43;2.43;2.45;2.43;2.431388529108155;410744;998678.25;03/10/2023;2.4
03/10/2023;2.4;2.4;2.43;2.4;2.4018011425710126;87872;211051.07;02/10/2023;2.4
02/10/2023;2.42;2.4;2.42;2.4;2.4150730207532667;18214;43988.14;29/09/2023;2.43
29/09/2023;2.43;2.43;2.43;2.43;2.424948159668222;11574;28066.35;28/09/2023;2.4
28/09/2023;2.43;2.4;2.43;2.38;2.390990085256377;115182;275399.02;27/09/2023;2.4
27/09/2023;2.44;2.4;2.44;2.4;2.402936076146326;93189;223927.21;26/09/2023;2.43
26/09/2023;2.42;2.43;2.43;2.4;2.403049028856306;320138;769307.31;25/09/2023;2.45
25/09/2023;2.45;2.45;2.46;2.44;2.4469283597195113;55332;135393.44;22/09/2023;2.46
22/09/2023;2.45;2.46;2.46;2.45;2.45767445342917;26712;65649.4;21/09/2023;2.45
21/09/2023;2.45;2.45;2.45;2.45;2.4499997646320413;254920;624553.94;20/09/2023;2.45
20/09/2023;2.46;2.45;2.47;2.44;2.451787821603232;75248;184492.13;19/09/2023;2.47
19/09/2023;2.45;2.47;2.47;2.42;2.44639896447029;105067;257035.8;18/09/2023;2.45
18/09/2023;2.4;2.45;2.45;2.4;2.424068770339609;200348;485657.33;15/09/2023;2.4
15/09/2023;2.47;2.4;2.47;2.4;2.4040245665913855;430829;1035723.5;14/09/2023;2.47
14/09/2023;2.47;2.47;2.48;2.47;2.474958325064497;20156;49885.26;13/09/2023;2.48
13/09/2023;2.49;2.48;2.5;2.45;2.493764424606082;279817;697797.68;12/09/2023;2.5
12/09/2023;2.45;2.5;2.5;2.44;2.48452931421362;2616427;6500589.58;11/09/2023;2.45
11/09/2023;2.45;2.45;2.48;2.45;2.450758115291325;348786;854790.12;08/09/2023;2.49
08/09/2023;2.45;2.49;2.5;2.45;2.484217127118288;95124;236308.67;07/09/2023;2.45
07/09/2023;2.49;2.45;2.49;2.45;2.4614106512925815;151944;373996.58;06/09/2023;2.48
06/09/2023;2.48;2.48;2.49;2.47;2.4807728097629376;298107;739535.74;05/09/2023;2.5
05/09/2023;2.48;2.5;2.5;2.46;2.482151245472748;248219;616117.1;04/09/2023;2.5
04/09/2023;2.49;2.5;2.5;2.46;2.4909779777881997;100217;249638.34;01/09/2023;2.5
01/09/2023;2.5;2.5;2.5;2.49;2.4958953985416144;39770;99261.76;31/08/2023;2.5
31/08/2023;2.5;2.5;2.5;2.46;2.485324015055703;198463;493244.86;29/08/2023;2.5
29/08/2023;2.5;2.5;2.5;2.45;2.4718024186680294;88065;217679.28;28/08/2023;2.5
28/08/2023;2.5;2.5;2.5;2.47;2.4893798147180766;151229;376466.42;25/08/2023;2.5
25/08/2023;2.5;2.5;2.5;2.5;2.4996968098650467;54982;137438.33;24/08/2023;2.5
24/08/2023;2.5;2.5;2.5;2.48;2.494236710234024;135499;337966.58;23/08/2023;2.5
23/08/2023;2.5;2.5;2.5;2.45;2.4960316804340743;205679;513381.3;22/08/2023;2.5
22/08/2023;2.5;2.5;2.5;2.45;2.488194401910945;114289;284373.25;21/08/2023;2.5
21/08/2023;2.4;2.5;2.5;2.39;2.4383631865978708;244976;597340.46;18/08/2023;2.45
18/08/2023;2.5;2.45;2.5;2.35;2.4167925809254833;405064;978955.67;17/08/2023;2.5
17/08/2023;2.52;2.5;2.52;2.5;2.5031505888095675;65556;164096.54;16/08/2023;2.5
16/08/2023;2.54;2.5;2.54;2.5;2.5045575802899025;171161;428682.58;15/08/2023;2.54
15/08/2023;2.53;2.54;2.54;2.53;2.5316164530906193;366302;927336.17;14/08/2023;2.54
14/08/2023;2.54;2.54;2.54;2.53;2.535434789080408;33591;85167.79;11/08/2023;2.53
11/08/2023;2.5;2.53;2.53;2.5;2.5267297849104984;210610;532154.56;10/08/2023;2.52
10/08/2023;2.5;2.52;2.52;2.5;2.5005600534618577;2222145;5556607.02;09/08/2023;2.49
09/08/2023;2.42;2.49;2.5;2.42;2.495769584301138;5671341;14154360.37;08/08/2023;2.42
08/08/2023;2.4;2.42;2.42;2.4;2.400162249157758;2164757;5195768.03;07/08/2023;2.44
07/08/2023;2.44;2.44;2.45;2.44;2.447265548932532;84218;206103.81;04/08/2023;2.43
04/08/2023;2.42;2.43;2.43;2.41;2.4166768654279185;174531;421785.03;03/08/2023;2.42
03/08/2023;2.41;2.42;2.42;2.41;2.4112726951030297;73474;177165.85;02/08/2023;2.4
02/08/2023;2.4;2.4;2.41;2.4;2.402044317588927;32583;78265.81;01/08/2023;2.4
01/08/2023;2.4;2.4;2.41;2.38;2.400245328270211;80056;192154.04;31/07/2023;2.4
31/07/2023;2.35;2.4;2.4;2.34;2.39477370815791;1059340;2536879.58;27/07/2023;2.35
27/07/2023;2.35;2.35;2.35;2.34;2.347767546124853;91003;213653.89;26/07/2023;2.33
26/07/2023;2.33;2.33;2.33;2.32;2.3253183253156946;186256;433104.49;25/07/2023;2.32
25/07/2023;2.3;2.32;2.32;2.3;2.30029928959691;4365972;10043042.29;24/07/2023;2.3
24/07/2023;2.3;2.3;2.3;2.3;2.299972809258291;1785902;4107526.04;21/07/2023;2.3
21/07/2023;2.31;2.3;2.31;2.3;2.302652208023522;282968;651576.89;20/07/2023;2.3
20/07/2023;2.31;2.3;2.32;2.3;2.3061468541769563;115407;266145.49;19/07/2023;2.3
19/07/2023;2.28;2.3;2.3;2.28;2.2832741188215118;78134;178401.34;18/07/2023;2.27
18/07/2023;2.26;2.27;2.27;2.26;2.261556519684701;46559;105295.81;17/07/2023;2.25
17/07/2023;2.25;2.25;2.26;2.25;2.2537590711175617;91637;206527.72;14/07/2023;2.25
14/07/2023;2.25;2.25;2.26;2.24;2.249457693171248;124708;280525.37;13/07/2023;2.25
13/07/2023;2.25;2.25;2.25;2.22;2.2480149836158163;527643;1186149.37;12/07/2023;2.25
12/07/2023;2.26;2.25;2.26;2.25;2.2565936192233274;22223;50148.28;11/07/2023;2.25
11/07/2023;2.27;2.25;2.27;2.25;2.2503918707332784;572893;1289233.75;10/07/2023;2.25
10/07/2023;2.22;2.25;2.26;2.22;2.251497511387144;416698;938194.51;07/07/2023;2.2
07/07/2023;2.21;2.2;2.21;2.2;2.202675945118942;50655;111576.55;06/07/2023;2.21
06/07/2023;2.21;2.21;2.21;2.21;2.210000993472883;201314;444904.14;05/07/2023;2.23
05/07/2023;2.23;2.23;2.23;2.23;2.23;179195;399604.85;04/07/2023;2.23
04/07/2023;2.22;2.23;2.23;2.22;2.226491981025525;22135;49283.4;03/07/2023;2.22
03/07/2023;2.22;2.22;2.22;2.22;2.2183205253597875;21471;47629.56;30/06/2023;2.2
30/06/2023;2.25;2.2;2.25;2.2;2.2238381140401815;60277;134046.29;28/06/2023;2.23
28/06/2023;2.21;2.23;2.23;2.16;2.2017390769148877;300579;661796.53;27/06/2023;2.23
27/06/2023;2.25;2.23;2.25;2.18;2.215325020851784;543119;1203185.11;26/06/2023;2.25
26/06/2023;2.27;2.25;2.27;2.25;2.262847619047619;46200;104543.56;23/06/2023;2.25
23/06/2023;2.25;2.25;2.25;2.25;2.24756606147762;22252;50012.84;22/06/2023;2.25
22/06/2023;2.25;2.25;2.25;2.25;2.2499907040445675;302282;680131.69;21/06/2023;2.25
21/06/2023;2.25;2.25;2.25;2.23;2.2491411523660454;1567193;3524838.27;20/06/2023;2.25
20/06/2023;2.23;2.25;2.26;2.18;2.249091096733759;2795446;6287212.71;19/06/2023;2.23
19/06/2023;2.22;2.23;2.23;2.22;2.2273225489972392;43829;97621.32;16/06/2023;2.2
16/06/2023;2.17;2.2;2.2;2.17;2.1921117254010785;176898;387780.18;15/06/2023;2.17
15/06/2023;2.17;2.17;2.18;2.17;2.170914857751227;270512;587258.52;14/06/2023;2.18
14/06/2023;2.18;2.18;2.18;2.18;2.179407966429745;61483;133996.54;13/06/2023;2.18
13/06/2023;2.16;2.18;2.2;2.16;2.1979444698949626;3418398;7513448.98;12/06/2023;2.16
12/06/2023;2.15;2.16;2.16;2.15;2.159754495098639;57229;123600.59;09/06/2023;2.15
09/06/2023;2.16;2.15;2.16;2.15;2.155375694290158;22505;48506.73;08/06/2023;2.16
08/06/2023;2.17;2.16;2.17;2.15;2.158034247124364;99804;215380.45;07/06/2023;2.2
07/06/2023;2.15;2.2;2.2;2.15;2.15625685878669;765806;1651274.44;06/06/2023;2.15
06/06/2023;2.15;2.15;2.15;2.13;2.13861266620014;68592;146691.72;05/06/2023;2.15
05/06/2023;2.16;2.15;2.16;2.15;2.156121014566568;19634;42333.28;02/06/2023;2.17
02/06/2023;2.15;2.17;2.17;2.15;2.1513040243168793;378996;815335.62;01/06/2023;2.16
01/06/2023;2.1;2.16;2.16;2.1;2.1209339442022768;8373209;17759023.19;31/05/2023;2.05
31/05/2023;2.07;2.05;2.07;2.05;2.050547866175845;2936301;6021025.75;30/05/2023;2.07
30/05/2023;2.1;2.07;2.1;2.07;2.0805734853881557;478687;995943.48;29/05/2023;2.1
29/05/2023;2.09;2.1;2.1;2.09;2.093210793042049;36505;76412.66;26/05/2023;2.09
26/05/2023;2.1;2.09;2.1;2.09;2.097307023061653;612055;1283667.25;25/05/2023;2.1
25/05/2023;2.08;2.1;2.1;2.08;2.0828710898492835;215305;448452.56;24/05/2023;2.1
24/05/2023;2.1;2.1;2.1;2.1;2.0979931735319215;64455;135226.15;23/05/2023;2.1
23/05/2023;2.1;2.1;2.1;2.1;2.099787678619574;14836;31152.45;22/05/2023;2.1
22/05/2023;2.09;2.1;2.1;2.09;2.0970721188818455;19246;40360.25;19/05/2023;2.09
19/05/2023;2.1;2.09;2.1;2.09;2.096472175146128;28913;60615.3;18/05/2023;2.09
18/05/2023;2.1;2.09;2.1;2.08;2.0898775618537666;86656;181100.43;17/05/2023;2.11
17/05/2023;2.12;2.11;2.12;2.09;2.090722461267244;1139023;2381380.97;16/05/2023;2.09
16/05/2023;2.09;2.09;2.1;2.09;2.090438460581523;176846;369685.68;15/05/2023;2.11
15/05/2023;2.11;2.11;2.11;2.11;2.1097335468841;68680;144896.5;12/05/2023;2.11
12/05/2023;2.13;2.11;2.13;2.1;2.111766781052564;31181;65847;11/05/2023;2.13
11/05/2023;2.13;2.13;2.13;2.13;2.129994437675478;37754;80415.81;10/05/2023;2.1
10/05/2023;2.15;2.1;2.15;2.01;2.124242151637043;757005;1608061.93;09/05/2023;2.13
09/05/2023;2.15;2.13;2.15;2.13;2.1494267024663505;172441;370649.29;08/05/2023;2.15
08/05/2023;2.14;2.15;2.15;2.14;2.145484275852451;28682;61536.78;05/05/2023;2.13
05/05/2023;2.15;2.13;2.15;2.13;2.1464054223386686;35114;75368.88;04/05/2023;2.15
04/05/2023;2.16;2.15;2.16;2.15;2.1576500028763737;17383;37506.43;03/05/2023;2.13
03/05/2023;2.13;2.13;2.13;2.13;2.1305350636246425;71356;152026.46;02/05/2023;2.12
02/05/2023;2.17;2.12;2.17;2.12;2.169460433157556;1771180;3842504.93;28/04/2023;2.16
28/04/2023;2.15;2.16;2.16;2.15;2.1554349256481116;121584;262066.4;27/04/2023;2.16
27/04/2023;2.16;2.16;2.16;2.16;2.159995902838747;34170;73807.06;26/04/2023;2.14
26/04/2023;2.14;2.14;2.14;2.14;2.138654467168999;22296;47683.44;25/04/2023;2.15
25/04/2023;2.17;2.15;2.17;2.15;2.1525778612692266;70799;152400.36;24/04/2023;2.17
24/04/2023;2.17;2.17;2.17;2.17;2.167866666666667;9375;20323.75;21/04/2023;2.15
21/04/2023;2.15;2.15;2.15;2.15;2.150157248157248;10175;21877.85;20/04/2023;2.13
20/04/2023;2.16;2.13;2.16;2.13;2.141200942345271;54757;117245.74;19/04/2023;2.16
19/04/2023;2.12;2.16;2.16;2.12;2.140371466326335;177082;379021.26;18/04/2023;2.12
18/04/2023;2.12;2.12;2.13;2.11;2.1201415955341583;507855;1076724.51;17/04/2023;2.12
17/04/2023;2.26;2.26;2.26;2.25;2.25983351919044;240328;543101.27;14/04/2023;2.23
14/04/2023;2.22;2.23;2.25;2.22;2.236196552264158;415055;928144.56;13/04/2023;2.22
13/04/2023;2.21;2.22;2.22;2.2;2.2053008359638966;504328;1112194.96;12/04/2023;2.2
12/04/2023;2.2;2.2;2.2;2.17;2.1789546351084814;802074;1747682.86;11/04/2023;2.17
11/04/2023;2.17;2.17;2.18;2.17;2.1700787551900365;1477109;3205442.86;10/04/2023;2.17
10/04/2023;2.17;2.17;2.2;2.17;2.17044177269412;863770;1874762.49;05/04/2023;2.17
05/04/2023;2.18;2.17;2.21;2.17;2.1713735629811763;508779;1104749.27;04/04/2023;2.16
04/04/2023;2.15;2.16;2.16;2.15;2.1560443713264807;480806;1036639.07;03/04/2023;2.15
03/04/2023;2.15;2.15;2.15;2.15;2.1499976204828837;189114;406594.65;31/03/2023;2.15
31/03/2023;2.17;2.15;2.17;2.14;2.152513075230128;281257;605409.37;30/03/2023;2.12
30/03/2023;2.16;2.12;2.17;2.12;2.1449321465712172;3226145;6919862.12;29/03/2023;2.15
29/03/2023;2.15;2.15;2.17;2.14;2.1499653824536304;156568;336615.78;28/03/2023;2.14
28/03/2023;2.16;2.14;2.17;2.14;2.155226005626022;98471;212227.26;27/03/2023;2.16
27/03/2023;2.17;2.16;2.17;2.15;2.160346375881976;48329;104407.38;24/03/2023;2.15
24/03/2023;2.15;2.15;2.15;2.14;2.1492496989030307;30721;66027.1;23/03/2023;2.15
23/03/2023;2.17;2.15;2.18;2.13;2.1567544102555747;122782;264810.62;22/03/2023;2.15
22/03/2023;2.18;2.15;2.19;2.15;2.153392378262697;568663;1224554.57;21/03/2023;2.18
21/03/2023;2.19;2.18;2.19;2.17;2.1798894705740373;120149;261911.54;20/03/2023;2.18
20/03/2023;2.18;2.18;2.18;2.18;2.182584497887553;12308;26863.25;17/03/2023;2.19
17/03/2023;2.19;2.19;2.2;2.19;2.190174584432958;356561;780930.84;16/03/2023;2.2
16/03/2023;2.2;2.2;2.2;2.19;2.1996567326517296;22985;50559.11;15/03/2023;2.2
15/03/2023;2.19;2.2;2.2;2.19;2.198585487906589;29975;65902.6;14/03/2023;2.2
14/03/2023;2.2;2.2;2.2;2.2;2.1999999999999997;18131;39888.2;13/03/2023;2.2
13/03/2023;2.2;2.2;2.2;2.2;2.1995668690033288;25535;56165.94;10/03/2023;2.2
10/03/2023;2.2;2.2;2.2;2.18;2.1961290322580647;37200;81696;09/03/2023;2.2
09/03/2023;2.2;2.2;2.2;2.2;2.1999618549397852;18351;40371.5;08/03/2023;2.2
08/03/2023;2.2;2.2;2.2;2.2;2.1999999999999997;905491;1992080.2;07/03/2023;2.18
07/03/2023;2.19;2.18;2.2;2.18;2.1988920731527166;338470;744259;06/03/2023;2.17
06/03/2023;2.22;2.17;2.22;2.17;2.1906531390517388;35138;76975.17;03/03/2023;2.22
03/03/2023;2.22;2.22;2.22;2.22;2.218995703635777;117774;261340;02/03/2023;2.2
02/03/2023;2.22;2.2;2.22;2.19;2.1995558031141162;78096;171776.51;01/03/2023;2.2
01/03/2023;2.19;2.2;2.2;2.19;2.1982260064513426;238710;524738.53;28/02/2023;2.16
28/02/2023;2.18;2.16;2.18;2.15;2.1588539616766638;423293;913827.77;27/02/2023;2.18
27/02/2023;2.18;2.18;2.18;2.18;2.179997271691756;586444;1278446.32;24/02/2023;2.18
24/02/2023;2.2;2.18;2.2;2.18;2.193385913816195;94078;206349.36;23/02/2023;2.21
23/02/2023;2.21;2.21;2.21;2.21;2.210487826709631;22344;49391.14;22/02/2023;2.21
22/02/2023;2.23;2.21;2.23;2.21;2.217158715428636;142242;315373.09;21/02/2023;2.25
21/02/2023;2.25;2.25;2.25;2.25;2.2499688827215003;118905;267532.55;20/02/2023;2.25
20/02/2023;2.27;2.25;2.27;2.25;2.258281936525453;97866;221009.02;17/02/2023;2.22
17/02/2023;2.21;2.22;2.22;2.21;2.2154617653732696;22035;48817.7;16/02/2023;2.22
16/02/2023;2.22;2.22;2.22;2.22;2.219989280245023;222020;492882.02;15/02/2023;2.2
15/02/2023;2.2;2.2;2.2;2.19;2.1984613956941352;53880;118453.1;14/02/2023;2.2
14/02/2023;2.22;2.2;2.22;2.2;2.2068706151085005;30645;67629.55;13/02/2023;2.22
13/02/2023;2.22;2.22;2.23;2.2;2.2219737304648266;398256;884914.37;10/02/2023;2.22
10/02/2023;2.22;2.22;2.22;2.22;2.2117577142857145;8750;19352.88;09/02/2023;2.22
09/02/2023;2.2;2.22;2.23;2.2;2.2034225398880416;298147;656943.82;08/02/2023;2.2
08/02/2023;2.2;2.2;2.23;2.2;2.200921953464178;249915;550043.41;07/02/2023;2.2
07/02/2023;2.19;2.2;2.2;2.19;2.1987522024070327;214538;471715.9;06/02/2023;2.19
06/02/2023;2.17;2.19;2.19;2.17;2.1787992072942832;115049;250668.67;03/02/2023;2.17
03/02/2023;2.18;2.17;2.2;2.17;2.18389831958657;58438;127622.65;02/02/2023;2.18
02/02/2023;2.18;2.18;2.18;2.18;2.179811927554494;53171;115902.78;01/02/2023;2.18
01/02/2023;2.2;2.18;2.2;2.18;2.191209984290452;57290;125534.42;31/01/2023;2.19
31/01/2023;2.19;2.19;2.19;2.19;2.190985552115583;13566;29722.91;30/01/2023;2.19
30/01/2023;2.21;2.19;2.21;2.19;2.1954795431770275;115756;254139.93;27/01/2023;2.21
27/01/2023;2.23;2.21;2.23;2.21;2.225718905314133;62776;139721.73;26/01/2023;2.23
26/01/2023;2.23;2.23;2.23;2.23;2.229229308059123;50539;112663.02;25/01/2023;2.21
25/01/2023;2.23;2.21;2.23;2.21;2.217279686628301;335193;743216.63;24/01/2023;2.25
24/01/2023;2.25;2.25;2.25;2.25;2.250398166228033;23558;53014.88;23/01/2023;2.25
23/01/2023;2.26;2.25;2.26;2.25;2.252459291027273;59692;134453.8;20/01/2023;2.26
20/01/2023;2.26;2.26;2.26;2.25;2.2532146796537607;53489;120522.2;19/01/2023;2.26
19/01/2023;2.26;2.26;2.26;2.26;2.2600565551833838;59411;134272.22;18/01/2023;2.26
18/01/2023;2.23;2.26;2.26;2.23;2.2556930097657264;173771;391974.03;17/01/2023;2.26
17/01/2023;2.24;2.26;2.26;2.22;2.2413050723431804;438673;983200.02;16/01/2023;2.24
16/01/2023;2.24;2.24;2.24;2.24;2.2400031240237426;25608;57362;13/01/2023;2.22
13/01/2023;2.21;2.22;2.22;2.21;2.2152956343619388;181119;401232.13;12/01/2023;2.24
12/01/2023;2.28;2.24;2.28;2.24;2.2730056305917303;115796;263204.96;11/01/2023;2.27
11/01/2023;2.25;2.27;2.27;2.24;2.250908103882568;69078;155488.23;10/01/2023;2.25
10/01/2023;2.23;2.25;2.25;2.23;2.235266985645933;31350;70075.62;09/01/2023;2.25
09/01/2023;2.25;2.25;2.25;2.25;2.250327414121901;161508;363445.88;06/01/2023;2.23
06/01/2023;2.23;2.23;2.23;2.23;2.23;32855;73266.65;05/01/2023;2.2
05/01/2023;2.19;2.2;2.2;2.18;2.180633746573975;440744;961101.24;04/01/2023;2.23
04/01/2023;2.2;2.23;2.23;2.18;2.2141396906207165;255350;565380.57;03/01/2023;2.22
03/01/2023;2.24;2.22;2.24;2.22;2.231681448746871;32359;72214.98;02/01/2023;2.26
02/01/2023;2.26;2.26;2.26;2.26;2.2598902071896583;22588;51046.4;30/12/2022;2.23
30/12/2022;2.23;2.23;2.23;2.23;2.228937494846211;24254;54060.65;29/12/2022;2.21
29/12/2022;2.2;2.21;2.21;2.18;2.190059375140212;133726;292867.88;28/12/2022;2.2
28/12/2022;2.23;2.2;2.23;2.2;2.2113210556844547;41376;91495.62;27/12/2022;2.23
27/12/2022;2.24;2.23;2.24;2.23;2.232450313576539;22642;50547.14;26/12/2022;2.22
26/12/2022;2.22;2.22;2.22;2.22;2.2200261166543895;29866;66303.3;23/12/2022;2.22
23/12/2022;2.2;2.22;2.22;2.2;2.2041801924938778;17559;38703.2;22/12/2022;2.22
22/12/2022;2.2;2.22;2.22;2.2;2.210312336644015;30608;67653.24;21/12/2022;2.22
21/12/2022;2.21;2.22;2.22;2.21;2.2198524138785842;112951;250734.55;20/12/2022;2.2
20/12/2022;2.25;2.2;2.25;2.2;2.2055385277195247;37194;82032.8;19/12/2022;2.21
19/12/2022;2.21;2.21;2.21;2.21;2.2101629794021775;14419;31868.34;16/12/2022;2.21
16/12/2022;2.27;2.21;2.27;2.21;2.227052646317558;57136;127244.88;15/12/2022;2.27
15/12/2022;2.27;2.27;2.27;2.27;2.27;16798;38131.46;14/12/2022;2.28
14/12/2022;2.28;2.28;2.28;2.28;2.28;225950;515166;13/12/2022;2.28
13/12/2022;2.26;2.28;2.29;2.26;2.2788079563645565;205521;468342.89;12/12/2022;2.25
12/12/2022;2.29;2.25;2.29;2.25;2.2590277255992186;66545;150327;07/12/2022;2.29
07/12/2022;2.23;2.29;2.29;2.1;2.2129495112987025;223654;494935.01;06/12/2022;2.23
06/12/2022;2.23;2.23;2.23;2.23;2.23;42450;94663.5;05/12/2022;2.25
05/12/2022;2.28;2.25;2.28;2.21;2.2397449597419845;1670599;3741715.69;02/12/2022;2.28
02/12/2022;2.27;2.28;2.28;2.27;2.2757235188509877;25065;57041.01;01/12/2022;2.27
01/12/2022;2.25;2.27;2.27;2.25;2.2681912772045436;23066;52318.1;30/11/2022;2.25
30/11/2022;2.27;2.25;2.28;2.25;2.255237747913251;293399;661684.5;29/11/2022;2.27
29/11/2022;2.27;2.27;2.27;2.27;2.270178839359179;41322;93808.33;28/11/2022;2.27
28/11/2022;2.27;2.27;2.27;2.27;2.270688999033253;65167;147973.99;25/11/2022;2.27
25/11/2022;2.27;2.27;2.28;2.27;2.2731408842984795;51702;117525.93;24/11/2022;2.27
24/11/2022;2.24;2.27;2.27;2.24;2.2592679056599465;175196;395814.7;23/11/2022;2.23
23/11/2022;2.21;2.23;2.23;2.21;2.2162580762289217;93639;207528.19;22/11/2022;2.22
22/11/2022;2.21;2.22;2.22;2.2;2.214448147560352;396963;879053.98;21/11/2022;2.2
21/11/2022;2.23;2.2;2.25;2.16;2.177823052376984;246005;535755.36;18/11/2022;2.25
18/11/2022;2.25;2.25;2.25;2.25;2.250083796899041;42245;95054.79;17/11/2022;2.25
17/11/2022;2.26;2.25;2.26;2.25;2.2509520950231554;144891;326142.7;16/11/2022;2.25
16/11/2022;2.25;2.25;2.25;2.25;2.250036056543972;722199;1624973.79;15/11/2022;2.25
15/11/2022;2.26;2.25;2.26;2.25;2.255778573254922;35199;79401.15;14/11/2022;2.27
14/11/2022;2.27;2.27;2.27;2.27;2.270316034126017;35281;80099.02;11/11/2022;2.3
11/11/2022;2.28;2.3;2.3;2.28;2.280510833965357;588058;1341072.64;10/11/2022;2.3
10/11/2022;2.32;2.3;2.32;2.29;2.3019509537238068;120213;276724.43;09/11/2022;2.32
09/11/2022;2.3;2.32;2.32;2.3;2.3006573005519315;239160;550225.2;08/11/2022;2.3
08/11/2022;2.3;2.3;2.3;2.3;2.300676579582673;65033;149619.9;07/11/2022;2.3
07/11/2022;2.3;2.3;2.32;2.27;2.3063223591549296;227200;523996.44;04/11/2022;2.3
04/11/2022;2.29;2.3;2.3;2.28;2.2991417820032214;491099;1129106.23;03/11/2022;2.27
03/11/2022;2.27;2.27;2.27;2.27;2.2700724584103513;202875;460540.95;02/11/2022;2.27
02/11/2022;2.26;2.27;2.27;2.26;2.268431594351936;126415;286763.78;31/10/2022;2.26
31/10/2022;2.25;2.26;2.26;2.25;2.250301606336821;194293;437217.85;28/10/2022;2.25
28/10/2022;2.25;2.25;2.25;2.25;2.25;79045;177851.25;27/10/2022;2.25
27/10/2022;2.25;2.25;2.25;2.25;2.2502783643693607;36463;82051.9;26/10/2022;2.28
26/10/2022;2.27;2.28;2.3;2.27;2.295648376436028;953150;2188097.25;25/10/2022;2.27
25/10/2022;2.25;2.27;2.27;2.25;2.2578777928578724;137046;309433.12;24/10/2022;2.2
24/10/2022;2.2;2.2;2.2;2.2;2.2009685744044263;150737;331767.4;21/10/2022;2.23
21/10/2022;2.23;2.23;2.23;2.23;2.2301236461674336;215130;479766.5;20/10/2022;2.25
20/10/2022;2.21;2.25;2.25;2.2;2.2405487415357097;31308;70147.1;19/10/2022;2.23
19/10/2022;2.25;2.23;2.25;2.23;2.247178615507871;92366;207562.9;18/10/2022;2.25
18/10/2022;2.25;2.25;2.25;2.25;2.250258728862509;100414;225957.48;17/10/2022;2.23
17/10/2022;2.23;2.23;2.23;2.23;2.231305570489227;24181;53955.2;14/10/2022;2.25
14/10/2022;2.25;2.25;2.25;2.25;2.25;16641;37442.25;13/10/2022;2.25
13/10/2022;2.24;2.25;2.25;2.24;2.2493947546774558;48691;109525.28;12/10/2022;2.25
12/10/2022;2.25;2.25;2.25;2.25;2.2499817526841213;424720;955612.25;11/10/2022;2.25
11/10/2022;2.25;2.25;2.25;2.25;2.250106932077567;97258;218840.9;10/10/2022;2.25
10/10/2022;2.25;2.25;2.25;2.25;2.250085834054162;60116;135266.16;07/10/2022;2.25
07/10/2022;2.25;2.25;2.25;2.25;2.250073545718281;441902;994312;06/10/2022;2.28
06/10/2022;2.3;2.28;2.3;2.28;2.2992949549642385;426994;981785.15;05/10/2022;2.26
05/10/2022;2.24;2.26;2.26;2.24;2.2558534166195883;311536;702779.55;04/10/2022;2.25
04/10/2022;2.23;2.25;2.25;2.22;2.2304189046504153;130698;291511.29;03/10/2022;2.24
03/10/2022;2.19;2.24;2.24;2.18;2.2073750438662456;458781;1012701.73;30/09/2022;2.15
30/09/2022;2.15;2.15;2.15;2.15;2.150151043578653;187959;404140.24;29/09/2022;2.15
29/09/2022;2.15;2.15;2.16;2.15;2.1501756687040388;686178;1475403.24;28/09/2022;2.15
28/09/2022;2.15;2.15;2.15;2.15;2.1499726377234585;21928;47144.6;27/09/2022;2.13
27/09/2022;2.1;2.13;2.13;2.1;2.119879488874768;9338142;19795735.69;26/09/2022;2.1
26/09/2022;2.1;2.1;2.1;2.1;2.100021070305138;301372;632887.55;23/09/2022;2.1
23/09/2022;2.2;2.1;2.2;2.1;2.135628386232441;101514;216796.18;22/09/2022;2.22
22/09/2022;2.22;2.22;2.22;2.22;2.22;50000;111000;21/09/2022;2.22
21/09/2022;2.22;2.22;2.22;2.22;2.2199832187949498;500560;1111234.8;20/09/2022;2.2
20/09/2022;2.2;2.2;2.2;2.2;2.199728763801136;626760;1378702;19/09/2022;2.17
19/09/2022;2.17;2.17;2.17;2.17;2.1701251956181533;51120;110936.8;16/09/2022;2.15
16/09/2022;2.25;2.15;2.25;2.15;2.1626862709107906;234269;506650.35;15/09/2022;2.17
15/09/2022;2.28;2.3;2.3;2.27;2.2789045127534338;45870;104533.35;14/09/2022;2.27
14/09/2022;2.27;2.27;2.27;2.27;2.270063984702508;40791;92598.18;13/09/2022;2.27
13/09/2022;2.32;2.27;2.32;2.27;2.2928111299640053;203918;467545.46;12/09/2022;2.32
12/09/2022;2.3;2.32;2.32;2.3;2.315970006689825;279529;647380.78;09/09/2022;2.3
09/09/2022;2.29;2.3;2.3;2.26;2.288875424473825;58013;132784.53;08/09/2022;2.28
08/09/2022;2.28;2.28;2.28;2.28;2.2814006869195045;41344;94322.23;07/09/2022;2.25
07/09/2022;2.21;2.25;2.25;2.21;2.2235372636262514;44950;99948;06/09/2022;2.2
06/09/2022;2.25;2.2;2.25;2.2;2.2146827154478745;270924;600010.7;05/09/2022;2.25
05/09/2022;2.18;2.25;2.25;2.18;2.2077937297196346;42837;94575.26;02/09/2022;2.15
02/09/2022;2.15;2.15;2.15;2.15;2.150059783583428;16727;35964.05;01/09/2022;2.15
01/09/2022;2.14;2.15;2.15;2.05;2.078182709764154;362991;754361.62;31/08/2022;2.16
31/08/2022;2.2;2.16;2.2;2.16;2.1671029892763576;61453;133174.98;29/08/2022;2.2
29/08/2022;2.2;2.2;2.22;2.19;2.2111933199140865;2356317;5210272.41;26/08/2022;2.2
26/08/2022;2.19;2.2;2.2;2.19;2.1989631951864137;142264;312833.3;25/08/2022;2.17
25/08/2022;2.17;2.17;2.17;2.17;2.1700536672629696;2795;6065.3;24/08/2022;2.2
24/08/2022;2.16;2.2;2.2;2.16;2.1780293029302933;39996;87112.46;23/08/2022;2.15
23/08/2022;2.17;2.15;2.17;2.15;2.1683352779840286;131986;286189.9;22/08/2022;2.15
22/08/2022;2.16;2.15;2.16;2.15;2.1593361770194615;750200;1619934;19/08/2022;2.16
19/08/2022;2.19;2.16;2.19;2.16;2.1896749017634978;1029658;2254616.28;18/08/2022;2.19
18/08/2022;2.15;2.19;2.19;2.15;2.1705292863414023;7973;17305.63;17/08/2022;2.18
17/08/2022;2.18;2.18;2.18;2.18;2.185063913470993;10170;22222.1;16/08/2022;2.2
16/08/2022;2.18;2.2;2.21;2.18;2.181875648796169;1075068;2345664.69;15/08/2022;2.16
15/08/2022;2.16;2.16;2.16;2.16;2.1601408163265305;147000;317540.7;12/08/2022;2.15
12/08/2022;2.16;2.15;2.17;2.15;2.169508427475172;2014779;4371080.02;11/08/2022;2.16
11/08/2022;2.17;2.16;2.18;2.16;2.168309783747294;42959;93148.42;10/08/2022;2.14
10/08/2022;2.1;2.14;2.14;2.1;2.129734884483041;671330;1429754.92;09/08/2022;2.08
09/08/2022;2.1;2.08;2.1;2.08;2.0990345130390287;895082;1878808.01;08/08/2022;2.09
08/08/2022;2.05;2.09;2.09;2.05;2.0568110359710428;797030;1639340.1;05/08/2022;2.05
05/08/2022;2.05;2.05;2.05;2.05;2.048838891498356;10645;21809.89;04/08/2022;2.03
04/08/2022;2.02;2.03;2.03;2.02;2.0298549521705618;1163823;2362391.88;03/08/2022;2
03/08/2022;2.01;2;2.01;1.98;2.000573309559731;65619;131275.62;02/08/2022;1.99
02/08/2022;2.02;1.99;2.02;1.99;1.9920297898360049;727765;1449729.56;01/08/2022;2.01
01/08/2022;2.01;2.01;2.01;2.01;2.01;12621;25368.21;27/07/2022;2.01
27/07/2022;2.01;2.01;2.01;2.01;2.01;39298;78988.98;26/07/2022;1.99
26/07/2022;1.99;1.99;1.99;1.99;1.9900000000000002;4756;9464.44;25/07/2022;1.99
25/07/2022;2.01;1.99;2.01;1.99;1.9973011387961297;23358;46652.96;22/07/2022;2.01
22/07/2022;2.01;2.01;2.01;2.01;2.0069212399325713;21356;42859.81;21/07/2022;2.01
21/07/2022;1.96;2.01;2.05;1.96;1.9696862632989158;1783980;3513880.9;20/07/2022;1.95
20/07/2022;1.91;1.95;1.96;1.91;1.9478308425492015;1510167;2941549.86;19/07/2022;1.9
19/07/2022;1.88;1.9;1.9;1.88;1.880355476249508;1084967;2040123.64;18/07/2022;1.88
18/07/2022;1.91;1.88;1.91;1.88;1.8941047233126505;47382;89746.47;15/07/2022;1.9
15/07/2022;1.94;1.9;1.94;1.89;1.9011326670741484;125977;239498.99;14/07/2022;1.94
14/07/2022;1.97;1.94;1.97;1.94;1.958914062708117;75078;147071.35;13/07/2022;2.01
13/07/2022;2.02;2.01;2.02;2;2.006633314274824;20988;42115.22;12/07/2022;2.02
12/07/2022;2;2.02;2.02;1.97;2.003193169742054;82808;165880.42;11/07/2022;2.04
11/07/2022;2.03;2.04;2.04;2.03;2.0330899699867384;14327;29128.08;08/07/2022;2.03
08/07/2022;2.03;2.03;2.04;2.01;2.025290737375117;95189;192785.4;07/07/2022;2.03
07/07/2022;2.03;2.03;2.03;2.03;2.03;21500;43645;06/07/2022;2.02
06/07/2022;2.03;2.02;2.03;1.98;2.0085001648829333;100071;200992.62;05/07/2022;2.06
05/07/2022;2.07;2.06;2.09;2.04;2.0597871152251535;118186;243438;04/07/2022;2.1
04/07/2022;2.1;2.1;2.1;2.1;2.1;12030;25263;01/07/2022;2.09
01/07/2022;2.11;2.09;2.11;2.09;2.1004575193301918;43714;91819.4;30/06/2022;2.11
30/06/2022;2.09;2.11;2.11;2.09;2.101588108053725;39758;83554.94;28/06/2022;2.11
28/06/2022;2.11;2.11;2.11;2.11;2.1099361249112847;70450;148645;27/06/2022;2.11
27/06/2022;2.11;2.11;2.11;2.11;2.11;57000;120270;24/06/2022;2.1
24/06/2022;2.09;2.1;2.1;2.08;2.089778534923339;234800;490680;23/06/2022;2.1
23/06/2022;2.06;2.1;2.1;2.03;2.0712755046089244;501527;1038800.59;22/06/2022;2.1
22/06/2022;2.07;2.1;2.1;2.05;2.0696842058725076;791655;1638475.85;21/06/2022;2.1
21/06/2022;2.08;2.1;2.1;2.07;2.081301702370055;352861;734410.2;20/06/2022;2.12
20/06/2022;2.12;2.12;2.12;2.12;2.1185714285714288;10500;22245;17/06/2022;2.09
17/06/2022;2.09;2.09;2.09;2.09;2.09;2537257;5302867.13;16/06/2022;2.1
16/06/2022;2.1;2.1;2.1;2.1;2.1;45087;94682.7;15/06/2022;2.12
15/06/2022;2.12;2.12;2.12;2.09;2.1111160272072906;15143;31968.63;14/06/2022;2.12
14/06/2022;2.05;2.12;2.12;2.05;2.08199821587868;56050;116696;13/06/2022;2.08
13/06/2022;2.1;2.08;2.1;2.04;2.0563731465904422;2346756;4825806.02;10/06/2022;2.1
10/06/2022;2.1;2.1;2.14;2.09;2.1153459882953665;538761;1139665.92;09/06/2022;2.12
09/06/2022;2.12;2.12;2.12;2.12;2.1200307710751893;50047;106101.18;08/06/2022;2.12
08/06/2022;2.12;2.12;2.12;2.12;2.1199999999999997;763545;1618715.4;07/06/2022;2.12
07/06/2022;2.11;2.12;2.12;2.11;2.1172030468935965;42010;88943.7;06/06/2022;2.13
06/06/2022;2.12;2.13;2.13;2.12;2.1207341879371353;325843;691026.39;03/06/2022;2.14
03/06/2022;2.16;2.14;2.16;2.14;2.146464668156926;204886;439780.56;02/06/2022;2.14
02/06/2022;2.12;2.14;2.14;2.12;2.131465878089923;48019;102350.86;01/06/2022;2.1
01/06/2022;2.1;2.1;2.1;2.09;2.0988482791683487;79264;166363.11;31/05/2022;2.11
31/05/2022;2.15;2.11;2.15;2.11;2.112933725287975;797031;1684073.68;30/05/2022;2.17
30/05/2022;2.16;2.17;2.17;2.16;2.169096225018505;27020;58608.98;27/05/2022;2.15
27/05/2022;2.11;2.15;2.15;2.11;2.121504392827055;66472;141020.64;26/05/2022;2.1
26/05/2022;2.1;2.1;2.11;2.08;2.080833940212861;1823536;3794475.6;25/05/2022;2.1
25/05/2022;2.08;2.1;2.1;2.08;2.092717737259197;155210;324810.72;24/05/2022;2.1
24/05/2022;2.1;2.1;2.1;2.1;2.099983450444309;4780793;10039586.18;23/05/2022;2.1
23/05/2022;2.12;2.1;2.12;2.06;2.104662481423244;1020092;2146949.36;20/05/2022;2.12
20/05/2022;2.13;2.12;2.13;2.1;2.114532047646058;88150;186396;19/05/2022;2.1
19/05/2022;2.12;2.1;2.12;2.08;2.1000187738060454;3781865;7941987.5;18/05/2022;2.1
18/05/2022;2.11;2.1;2.12;2.07;2.0961662206129303;381120;798890.87;17/05/2022;2.07
17/05/2022;2.1;2.07;2.12;2.07;2.0802300723236913;2754699;5730407.7;16/05/2022;2.1
16/05/2022;2.11;2.1;2.11;2.09;2.098344018116289;62706;131578.76;13/05/2022;2.1
13/05/2022;2;2.1;2.11;2;2.084283736864568;346772;722771.24;12/05/2022;2.02
12/05/2022;2.01;2.02;2.02;1.99;2.009889707579506;3877601;7793550.34;11/05/2022;2.01
11/05/2022;1.99;2.01;2.05;1.99;2.0109759707508807;896574;1802988.77;10/05/2022;1.98
10/05/2022;1.98;1.98;1.98;1.96;1.969490884581576;1102363;2171093.88;09/05/2022;1.98
09/05/2022;1.98;1.98;2;1.96;1.9813420180807455;320562;635142.96;06/05/2022;2
06/05/2022;1.97;2;2;1.95;1.9542469961164133;3180050;6214603.16;05/05/2022;1.94
05/05/2022;2.28;1.94;2.28;1.94;1.967472956263559;1485649;2922974.23;04/05/2022;2.29
04/05/2022;2.31;2.29;2.31;2.29;2.300734;40000;92029.36;03/05/2022;2.3
03/05/2022;2.32;2.3;2.34;2.28;2.310330286446204;171760;396822.33;02/05/2022;2.32
02/05/2022;2.32;2.32;2.32;2.31;2.3112838398046436;242429;560322.23;29/04/2022;2.35
29/04/2022;2.35;2.35;2.35;2.33;2.3499120624557563;1592039;3741151.65;28/04/2022;2.35
28/04/2022;2.35;2.35;2.4;2.35;2.3518537705829177;582947;1371006.1;27/04/2022;2.31
27/04/2022;2.27;2.31;2.31;2.27;2.309050351350235;677956;1565434.54;26/04/2022;2.27
26/04/2022;2.15;2.27;2.32;2.1;2.1204411426768326;1166244;2472951.76;25/04/2022;2.15
25/04/2022;2.3;2.15;2.3;2.1;2.1259297358825457;518330;1101933.16;22/04/2022;2.34
22/04/2022;2.36;2.34;2.36;2.32;2.323302925737935;553809;1286666.07;21/04/2022;2.37
21/04/2022;2.4;2.37;2.41;2.37;2.3998433340139975;2590607;6217050.94;20/04/2022;2.4
20/04/2022;2.36;2.4;2.4;2.36;2.3931311584881625;1361231;3257604.32;19/04/2022;2.36
19/04/2022;2.31;2.36;2.36;2.3;2.344962189410332;2663804;6246519.66;18/04/2022;2.31
18/04/2022;2.45;2.44;2.45;2.38;2.390818265492094;764874;1828674.73;13/04/2022;2.45
13/04/2022;2.53;2.45;2.53;2.42;2.4857708172395205;2912610;7240080.94;12/04/2022;2.53
12/04/2022;2.59;2.53;2.6;2.53;2.5772153812862233;383557;988509;11/04/2022;2.58
11/04/2022;2.55;2.58;2.58;2.55;2.5673865092564823;73354;188328.07;08/04/2022;2.55
08/04/2022;2.52;2.55;2.55;2.51;2.5246352112425585;5566989;14054616.45;07/04/2022;2.55
07/04/2022;2.58;2.55;2.6;2.55;2.574277474331423;134016;344994.37;06/04/2022;2.58
06/04/2022;2.6;2.58;2.6;2.58;2.5897520392713633;190877;494324.1;05/04/2022;2.58
05/04/2022;2.57;2.58;2.58;2.57;2.570116659453821;901170;2316112.03;04/04/2022;2.57
04/04/2022;2.55;2.57;2.58;2.55;2.551225821225821;999999;2551223.27;01/04/2022;2.55
01/04/2022;2.55;2.55;2.57;2.54;2.5500419709259217;222535;567473.59;31/03/2022;2.53
31/03/2022;2.61;2.53;2.61;2.53;2.558088648292982;334355;855309.73;30/03/2022;2.59
30/03/2022;2.56;2.59;2.59;2.56;2.569707528904409;199883;513640.85;29/03/2022;2.55
29/03/2022;2.52;2.55;2.55;2.52;2.5470352560039817;749461;1908903.59;28/03/2022;2.52
28/03/2022;2.5;2.52;2.52;2.5;2.501098998768539;186770;467130.26;25/03/2022;2.5
25/03/2022;2.47;2.5;2.5;2.47;2.4707319431476544;1655798;4091033.01;24/03/2022;2.47
24/03/2022;2.47;2.47;2.48;2.47;2.470186155260934;537186;1326949.42;23/03/2022;2.45
23/03/2022;2.46;2.45;2.47;2.45;2.4506336207323858;1109607;2719240.22;22/03/2022;2.47
22/03/2022;2.48;2.47;2.48;2.45;2.4560430723455298;1464002;3595651.97;21/03/2022;2.48
21/03/2022;2.45;2.48;2.48;2.45;2.4653571085148327;166392;410215.7;18/03/2022;2.45
18/03/2022;2.42;2.45;2.45;2.41;2.4488860687466607;1961288;4802970.86;17/03/2022;2.41
17/03/2022;2.44;2.41;2.44;2.41;2.4193246442825895;177388;429159.16;16/03/2022;2.41
16/03/2022;2.4;2.41;2.41;2.4;2.4001697272958946;1420514;3409474.7;15/03/2022;2.4
15/03/2022;2.4;2.4;2.4;2.4;2.400455621969099;44335;106424.2;14/03/2022;2.4
14/03/2022;2.44;2.4;2.44;2.4;2.421565191772432;128981;312335.9;11/03/2022;2.44
11/03/2022;2.41;2.44;2.45;2.41;2.4246984014184596;284252;689225.37;10/03/2022;2.41
10/03/2022;2.41;2.41;2.41;2.4;2.402821917781748;1034977;2486865.42;09/03/2022;2.4
09/03/2022;2.34;2.4;2.42;2.33;2.3882781247259866;205282;490270.51;08/03/2022;2.31
08/03/2022;2.33;2.31;2.33;2.31;2.329023235207392;674881;1571813.53;07/03/2022;2.33
07/03/2022;2.37;2.33;2.37;2.33;2.3473070171589066;45574;106976.17;04/03/2022;2.37
04/03/2022;2.4;2.37;2.4;2.36;2.3750215718811285;165725;393600.45;03/03/2022;2.4
03/03/2022;2.36;2.4;2.42;2.36;2.388312396068294;121474;290117.86;02/03/2022;2.36
02/03/2022;2.35;2.36;2.37;2.35;2.3642305221155144;59144;139830.05;01/03/2022;2.37
01/03/2022;2.38;2.37;2.39;2.37;2.3801948369869446;598449;1424425.22;28/02/2022;2.36
28/02/2022;2.4;2.36;2.4;2.32;2.3601492204121044;743598;1755002.24;25/02/2022;2.38
25/02/2022;2.4;2.38;2.4;2.38;2.3889400224564907;64124;153188.39;24/02/2022;2.37
24/02/2022;2.36;2.37;2.37;2.25;2.333205633985095;463615;1081709.13;23/02/2022;2.42
23/02/2022;2.42;2.42;2.42;2.41;2.412022524636321;78847;190180.74;22/02/2022;2.42
22/02/2022;2.42;2.42;2.42;2.42;2.42;37504;90759.68;21/02/2022;2.42
21/02/2022;2.42;2.42;2.42;2.42;2.4200864094595618;65965;159641;18/02/2022;2.42
18/02/2022;2.4;2.42;2.42;2.39;2.400698610289486;1147793;2755505.06;17/02/2022;2.41
17/02/2022;2.41;2.41;2.41;2.4;2.4099724896166563;821508;1979811.68;16/02/2022;2.41
16/02/2022;2.46;2.41;2.49;2.41;2.465337109193528;202338;498831.38;15/02/2022;2.45
15/02/2022;2.42;2.45;2.45;2.4;2.4304781898583996;129802;315480.93;14/02/2022;2.42
14/02/2022;2.41;2.42;2.42;2.37;2.3849493030838285;1013967;2418259.89;11/02/2022;2.46
11/02/2022;2.45;2.46;2.46;2.42;2.4419749834140965;257749;629416.61;10/02/2022;2.45
10/02/2022;2.47;2.45;2.47;2.45;2.465004621926419;59499;146665.31;09/02/2022;2.46
09/02/2022;2.45;2.46;2.47;2.45;2.4536110845561874;167368;410655.98;08/02/2022;2.5
08/02/2022;2.38;2.5;2.5;2.37;2.453395597021033;916425;2248353.06;07/02/2022;2.37
07/02/2022;2.45;2.37;2.45;2.37;2.403594656504892;607243;1459566.03;04/02/2022;2.45
04/02/2022;2.45;2.45;2.45;2.42;2.4460772658168635;855100;2091640.67;03/02/2022;2.45
03/02/2022;2.5;2.45;2.5;2.45;2.4827210300429186;52425;130156.65;02/02/2022;2.51
02/02/2022;2.5;2.51;2.51;2.5;2.5008192483947846;620166;1550923.07;01/02/2022;2.5
01/02/2022;2.52;2.5;2.52;2.43;2.4912808523983423;385829;961208.4;31/01/2022;2.56
31/01/2022;2.55;2.56;2.56;2.54;2.5579466573532006;578374;1479449.84;28/01/2022;2.6
28/01/2022;2.58;2.6;2.62;2.58;2.6020370220302196;2628435;6839285.18;27/01/2022;2.63
27/01/2022;2.45;2.63;2.63;2.45;2.5702214023510805;3500008;8995795.47;26/01/2022;2.42
26/01/2022;2.45;2.42;2.45;2.4;2.4280794318186505;1454606;3531898.91;25/01/2022;2.45
25/01/2022;2.4;2.45;2.45;2.37;2.447068082610866;2061569;5044799.7;24/01/2022;2.45
24/01/2022;2.48;2.45;2.48;2.36;2.426294548074369;523283;1269638.69;21/01/2022;2.5
21/01/2022;2.54;2.5;2.54;2.5;2.5101149051377094;3153993;7916884.84;20/01/2022;2.54
20/01/2022;2.5;2.54;2.56;2.5;2.5391675813786403;2007007;5096127.11;19/01/2022;2.51
19/01/2022;2.45;2.51;2.51;2.45;2.496775662726478;3826805;9554673.59;18/01/2022;2.46
18/01/2022;2.42;2.46;2.46;2.41;2.442946203613069;690604;1687108.42;17/01/2022;2.45
17/01/2022;2.4;2.45;2.45;2.4;2.441348063328226;930075;2270636.8;14/01/2022;2.4
14/01/2022;2.42;2.4;2.42;2.38;2.4052751233120793;307553;739749.58;13/01/2022;2.45
13/01/2022;2.45;2.45;2.46;2.45;2.450040042573264;2497342;6118587.9;12/01/2022;2.45
12/01/2022;2.4;2.45;2.46;2.4;2.4476152913594342;2058025;5037253.46;11/01/2022;2.4
11/01/2022;2.27;2.4;2.43;2.27;2.3853910318260367;11110400;26502648.52;10/01/2022;2.27
10/01/2022;2.27;2.27;2.28;2.26;2.266255069106587;2686864;6089119.16;07/01/2022;2.27
07/01/2022;2.27;2.27;2.29;2.27;2.2791445582123395;2862065;6523059.87;06/01/2022;2.28
06/01/2022;2.25;2.28;2.28;2.25;2.2613676078090093;2870377;6490977.57;05/01/2022;2.26
05/01/2022;2.25;2.26;2.28;2.25;2.2554703482007357;851348;1920190.17;04/01/2022;2.26
04/01/2022;2.17;2.26;2.27;2.17;2.240858994634778;4060037;9097970.43;03/01/2022;2.17
03/01/2022;2.05;2.17;2.17;2.05;2.127051987934914;2339312;4975838.24;31/12/2021;2.05
31/12/2021;2.03;2.05;2.05;2.03;2.0389744483834096;103242;210507.8;30/12/2021;2.05
30/12/2021;2.02;2.05;2.05;2.02;2.0267374055363376;1446588;2931854.01;29/12/2021;2.02
29/12/2021;2.01;2.02;2.03;2.01;2.020625608453606;105801;213784.21;28/12/2021;2.01
28/12/2021;2.01;2.01;2.02;2;2.0171309803375257;200992;405427.19;27/12/2021;2
27/12/2021;1.97;2;2.02;1.97;1.9999335731277037;6733269;13466090.73;24/12/2021;1.95
24/12/2021;1.95;1.95;1.95;1.95;1.95;532200;1037790;23/12/2021;1.94
23/12/2021;1.93;1.94;1.94;1.93;1.9317832404577866;333780;644790.61;22/12/2021;1.93
22/12/2021;1.91;1.93;1.93;1.91;1.9206726978998385;30950;59444.82;21/12/2021;1.91
21/12/2021;1.92;1.91;1.92;1.91;1.914930826534232;28190;53981.9;20/12/2021;1.92
20/12/2021;1.94;1.92;1.94;1.91;1.9188812949640288;41700;80017.35;17/12/2021;1.94
17/12/2021;1.94;1.94;1.95;1.92;1.935666426366664;196976;381279.83;16/12/2021;1.94
16/12/2021;1.89;1.94;1.94;1.89;1.9247166260934836;389009;748732.09;15/12/2021;1.89
15/12/2021;1.91;1.89;1.91;1.89;1.9000592966915288;1408173;2675612.2;14/12/2021;1.89
14/12/2021;1.89;1.89;1.9;1.88;1.8807352113377191;2089168;3929171.82;13/12/2021;1.88
13/12/2021;1.85;1.88;1.91;1.85;1.85517354631204;868068;1610416.79;10/12/2021;1.85
10/12/2021;1.82;1.85;1.86;1.82;1.8497016484601212;3160768;5846477.78;09/12/2021;1.85
09/12/2021;1.85;1.85;1.85;1.81;1.8309485664916845;106487;194972.22;07/12/2021;1.85
07/12/2021;1.92;1.85;1.92;1.85;1.8800687145001047;1316025;2474217.43;06/12/2021;1.92
06/12/2021;1.77;1.92;1.92;1.77;1.8981901978545554;5432627;10312159.32;03/12/2021;1.75
03/12/2021;1.82;1.75;1.82;1.74;1.7568354038237994;351849;618140.78;02/12/2021;1.82
02/12/2021;1.82;1.82;1.82;1.82;1.82;1460599;2658290.18;01/12/2021;1.82
01/12/2021;1.9;1.82;1.9;1.82;1.841661665375158;819455;1509158.86;30/11/2021;1.89
30/11/2021;1.86;1.89;1.92;1.86;1.901302034066771;1020173;1939657;29/11/2021;1.86
29/11/2021;1.82;1.86;1.86;1.82;1.8429422624434388;55250;101822.56;26/11/2021;1.82
26/11/2021;1.86;1.82;1.86;1.79;1.8102918820387315;393892;713059.49;25/11/2021;1.89
25/11/2021;1.89;1.89;1.89;1.89;1.89;24100;45549;24/11/2021;1.88
24/11/2021;1.89;1.88;1.89;1.88;1.8875984634218415;47378;89430.64;23/11/2021;1.88
23/11/2021;1.85;1.88;1.88;1.85;1.8532230011753072;654297;1212558.25;22/11/2021;1.86
22/11/2021;1.88;1.86;1.88;1.83;1.8483722917123837;341775;631727.44;19/11/2021;1.91
19/11/2021;1.92;1.91;1.93;1.9;1.9171918780588038;267670;513174.75;18/11/2021;1.91
18/11/2021;1.92;1.91;1.92;1.9;1.9193198482616445;718869;1379739.54;17/11/2021;1.92
17/11/2021;1.92;1.92;1.92;1.92;1.9202106423173806;95280;182957.67;16/11/2021;1.92
16/11/2021;1.92;1.92;1.92;1.92;1.9200000000000002;166806;320267.52;15/11/2021;1.93
15/11/2021;1.93;1.93;1.93;1.92;1.9262577091192143;66804;128681.72;12/11/2021;1.92
12/11/2021;1.92;1.92;1.93;1.92;1.9215624401173332;814092;1564328.61;11/11/2021;1.92
11/11/2021;1.9;1.92;1.92;1.9;1.9062549155190525;189451;361141.9;10/11/2021;1.9
10/11/2021;1.87;1.9;1.9;1.87;1.8937807382290706;2365255;4479274.36;09/11/2021;1.88
09/11/2021;1.9;1.88;1.9;1.88;1.880920599679304;89181;167742.38;08/11/2021;1.9
08/11/2021;1.92;1.9;1.92;1.88;1.9057229430161142;318476;606927.02;05/11/2021;1.9
05/11/2021;1.9;1.9;1.93;1.88;1.8864209068109528;582547;1098928.84;04/11/2021;1.88
04/11/2021;1.9;1.88;1.91;1.88;1.900261527780888;669795;1272785.67;03/11/2021;1.92
03/11/2021;1.93;1.92;1.94;1.92;1.934063159717366;450477;871250.97;02/11/2021;1.93
02/11/2021;1.95;1.93;1.95;1.92;1.9317763089232909;201215;388702.37;29/10/2021;1.99
29/10/2021;1.96;1.99;1.99;1.95;1.9703180842368115;556645;1096767.71;28/10/2021;1.96
28/10/2021;2;1.96;2;1.96;1.9904962349512942;2350036;4677737.81;27/10/2021;1.98
27/10/2021;1.92;1.98;1.98;1.92;1.9543218651036345;789747;1543419.83;26/10/2021;1.93
26/10/2021;1.96;1.93;1.96;1.93;1.9474241979520293;902845;1758222.2;25/10/2021;1.97
25/10/2021;1.94;1.97;1.97;1.93;1.9550892252789742;580609;1135142.4;22/10/2021;1.93
22/10/2021;1.95;1.93;1.95;1.93;1.9413477376842092;281813;547097.03;21/10/2021;1.93
21/10/2021;1.93;1.93;1.95;1.91;1.925178833129788;360280;693603.43;20/10/2021;1.93
20/10/2021;1.9;1.93;1.93;1.9;1.9085856945251114;879817;1679206.14;19/10/2021;1.89
19/10/2021;1.88;1.89;1.9;1.88;1.8846512934170234;295535;556980.42;18/10/2021;1.87
18/10/2021;1.86;1.87;1.88;1.86;1.8634546361452626;838013;1561599.21;15/10/2021;1.87
15/10/2021;1.84;1.87;1.88;1.84;1.8522793857772653;860144;1593227;14/10/2021;1.83
14/10/2021;1.8;1.83;1.85;1.8;1.8412267959211135;683716;1258876.22;13/10/2021;1.8
13/10/2021;1.84;1.91;1.91;1.84;1.9047134902737541;2485954;4735030.12;12/10/2021;1.85
12/10/2021;1.85;1.85;1.87;1.85;1.8615606296134262;537155;999946.6;11/10/2021;1.85
11/10/2021;1.8;1.85;1.85;1.8;1.8039728567457092;751789;1356206.95;07/10/2021;1.8
07/10/2021;1.73;1.8;1.8;1.73;1.7852594822229575;867439;1548603.7;06/10/2021;1.7
06/10/2021;1.71;1.7;1.71;1.7;1.7080539777391075;60914;104044.4;05/10/2021;1.7
05/10/2021;1.7;1.7;1.7;1.7;1.7;90185;153314.5;04/10/2021;1.69
04/10/2021;1.69;1.69;1.69;1.69;1.69;37780;63848.2;01/10/2021;1.68
01/10/2021;1.67;1.68;1.68;1.64;1.659612033362827;407999;677120.05;30/09/2021;1.69
30/09/2021;1.7;1.69;1.7;1.68;1.6899995431703976;218900;369940.9;29/09/2021;1.7
29/09/2021;1.71;1.7;1.71;1.7;1.7004837131445663;324986;552633.4;28/09/2021;1.71
28/09/2021;1.7;1.71;1.71;1.7;1.7053135119948344;202879;345972.3;27/09/2021;1.71
27/09/2021;1.68;1.71;1.72;1.68;1.7051530901655565;75805;129259.13;24/09/2021;1.68
24/09/2021;1.68;1.68;1.68;1.68;1.68;62498;104996.64;23/09/2021;1.67
23/09/2021;1.66;1.67;1.67;1.66;1.6648123385208815;412205;686243.97;22/09/2021;1.67
22/09/2021;1.68;1.67;1.68;1.67;1.6700992907801417;282000;470968;21/09/2021;1.67
21/09/2021;1.69;1.67;1.69;1.67;1.67139415635818;84639;141465.13;20/09/2021;1.67
20/09/2021;1.65;1.67;1.67;1.65;1.6522341827277396;89554;147964.18;17/09/2021;1.65
17/09/2021;1.7;1.65;1.72;1.65;1.661328768349005;1017017;1689599.6;16/09/2021;1.7
16/09/2021;1.72;1.7;1.72;1.69;1.699884381827325;236641;402262.34;15/09/2021;1.72
15/09/2021;1.72;1.72;1.73;1.72;1.7202307439928857;463284;796955.38;14/09/2021;1.7
14/09/2021;1.7;1.7;1.7;1.7;1.7;224406;381490.2;13/09/2021;1.7
13/09/2021;1.7;1.7;1.72;1.69;1.6990822589644943;272408;462843.6;10/09/2021;1.68
10/09/2021;1.68;1.68;1.68;1.67;1.677920397743979;74822;125545.36;09/09/2021;1.67
09/09/2021;1.66;1.67;1.69;1.66;1.6781919627568134;1781158;2989125.04;08/09/2021;1.65
08/09/2021;1.66;1.65;1.67;1.65;1.655310559438128;287610;476083.87;07/09/2021;1.65
07/09/2021;1.65;1.65;1.65;1.65;1.6500034755610136;1726340;2848467;06/09/2021;1.66
06/09/2021;1.67;1.66;1.67;1.66;1.6673432459283568;89583;149365.61;03/09/2021;1.67
03/09/2021;1.64;1.67;1.68;1.64;1.6636711046861292;181237;301518.76;02/09/2021;1.64
02/09/2021;1.7;1.64;1.7;1.64;1.646444826192401;494800;814660.9;01/09/2021;1.72
01/09/2021;1.75;1.72;1.76;1.71;1.7216442500345284;1057102;1819953.58;31/08/2021;1.72
31/08/2021;1.72;1.72;1.77;1.72;1.7395123252716214;249244;433563.01;27/08/2021;1.72
27/08/2021;1.66;1.72;1.76;1.66;1.7355095363751094;252769;438683.01;26/08/2021;1.65
26/08/2021;1.61;1.65;1.65;1.61;1.6347470407138507;242964;397184.68;25/08/2021;1.6
25/08/2021;1.63;1.6;1.63;1.6;1.6034630312240101;389572;624664.3;24/08/2021;1.63
24/08/2021;1.53;1.63;1.66;1.53;1.619007285669487;328453;531767.8;23/08/2021;1.51
23/08/2021;1.47;1.51;1.51;1.47;1.496207907776317;79112;118368;20/08/2021;1.45
20/08/2021;1.45;1.45;1.5;1.43;1.4711934714439279;786085;1156483.12;19/08/2021;1.43
19/08/2021;1.55;1.43;1.57;1.43;1.453354720990017;616555;896073.12;18/08/2021;1.56
18/08/2021;1.57;1.56;1.57;1.56;1.5606524203527614;366083;571328.32;17/08/2021;1.56
17/08/2021;1.55;1.56;1.56;1.55;1.5503081133778185;1214488;1882830.6;16/08/2021;1.54
16/08/2021;1.52;1.54;1.54;1.52;1.5273675332407224;100780;153928.1;13/08/2021;1.52
13/08/2021;1.52;1.52;1.52;1.5;1.5191946308724833;74500;113180;12/08/2021;1.49
12/08/2021;1.47;1.49;1.5;1.45;1.4800589046470414;1118927;1656077.87;11/08/2021;1.47
11/08/2021;1.45;1.47;1.48;1.45;1.4615370373394823;673523;984378.81;10/08/2021;1.43
10/08/2021;1.45;1.43;1.46;1.43;1.4498386009007689;4993956;7240430.18;09/08/2021;1.45
09/08/2021;1.45;1.45;1.45;1.42;1.4355894179894182;189000;271326.4;06/08/2021;1.45
06/08/2021;1.45;1.45;1.47;1.45;1.4508202716145497;924840;1341776.62;05/08/2021;1.47
05/08/2021;1.45;1.47;1.47;1.44;1.450694763393308;2128955;3088463.87;04/08/2021;1.45
04/08/2021;1.52;1.45;1.52;1.41;1.4459624970792118;616272;891106.2;03/08/2021;1.5
03/08/2021;1.53;1.5;1.54;1.5;1.5193868713601208;273189;415079.78;02/08/2021;1.53
02/08/2021;1.62;1.53;1.65;1.53;1.5971061180564634;298281;476386.41;30/07/2021;1.57
30/07/2021;1.71;1.57;1.71;1.5;1.6177887801714617;561292;908051.9;27/07/2021;1.77
27/07/2021;1.77;1.77;1.77;1.77;1.77;1081309;1913916.93;26/07/2021;1.77
26/07/2021;1.77;1.77;1.79;1.77;1.770785416070498;1362870;2413350.32;23/07/2021;1.77
23/07/2021;1.77;1.77;1.78;1.76;1.7698463981423709;1887998;3341466.46;22/07/2021;1.77
22/07/2021;1.67;1.77;1.77;1.67;1.7071678437878266;740224;1263686.61;21/07/2021;1.66
21/07/2021;1.68;1.66;1.68;1.66;1.6601499565638376;1768112;2935331.06;20/07/2021;1.66
20/07/2021;1.65;1.66;1.66;1.64;1.656190123182228;80937;134047.06;19/07/2021;1.62
19/07/2021;1.62;1.62;1.62;1.6;1.6197878580126666;2059564;3336056.76;16/07/2021;1.62
16/07/2021;1.61;1.62;1.64;1.6;1.6219595205843742;622341;1009411.91;15/07/2021;1.62
15/07/2021;1.6;1.62;1.62;1.6;1.605517117799401;739435;1187175.55;14/07/2021;1.59
14/07/2021;1.65;1.59;1.65;1.59;1.633929211810633;380911;622381.61;13/07/2021;1.63
13/07/2021;1.62;1.63;1.63;1.62;1.6265092668525505;121940;198336.54;12/07/2021;1.62
12/07/2021;1.62;1.62;1.63;1.6;1.6198048410569807;538023;871492.26;09/07/2021;1.62
09/07/2021;1.62;1.62;1.62;1.62;1.6199999999999999;1045579;1693837.98;08/07/2021;1.63
08/07/2021;1.62;1.63;1.65;1.62;1.6441049350748682;1255138;2063578.58;07/07/2021;1.61
07/07/2021;1.6;1.61;1.62;1.6;1.608644485451313;266622;428900.01;06/07/2021;1.6
06/07/2021;1.61;1.6;1.61;1.6;1.601666583553583;100265;160591.1;05/07/2021;1.56
05/07/2021;1.54;1.56;1.56;1.54;1.5438895281933256;26070;40249.2;02/07/2021;1.54
02/07/2021;1.54;1.54;1.54;1.54;1.5402738738738737;27750;42742.6;01/07/2021;1.54
01/07/2021;1.59;1.54;1.59;1.51;1.5400808989893209;716449;1103389.42;30/06/2021;1.61
30/06/2021;1.56;1.61;1.68;1.56;1.618914122116236;1712909;2773052.57;28/06/2021;1.54
28/06/2021;1.45;1.54;1.54;1.45;1.510063972026021;444413;671092.06;25/06/2021;1.41
25/06/2021;1.41;1.41;1.41;1.4;1.4007555158778433;6559518;9188281.02;24/06/2021;1.37
24/06/2021;1.44;1.37;1.44;1.37;1.410733520857549;1456523;2054765.82;23/06/2021;1.43
23/06/2021;1.43;1.43;1.45;1.4;1.4035428005646016;24770748;34766805.02;22/06/2021;1.43
22/06/2021;1.43;1.43;1.43;1.42;1.4295829835560785;3416460;4884113.08;21/06/2021;1.45
21/06/2021;1.43;1.45;1.45;1.43;1.4300843715066198;2205958;3154706.06;18/06/2021;1.43
18/06/2021;1.41;1.43;1.45;1.41;1.4265412419543944;668688;953911.01;17/06/2021;1.41
17/06/2021;1.44;1.41;1.44;1.41;1.43245466609349;267515;383203.11;16/06/2021;1.45
16/06/2021;1.51;1.45;1.51;1.45;1.4957095214837806;3695695;5527686.2;15/06/2021;1.5
15/06/2021;1.49;1.5;1.5;1.48;1.4902372340143624;150948;224948.33;14/06/2021;1.52
14/06/2021;1.53;1.52;1.55;1.5;1.5224249505662413;94571;143977.25;11/06/2021;1.51
11/06/2021;1.59;1.51;1.59;1.51;1.5287236831229558;169378;258932.16;10/06/2021;1.59
10/06/2021;1.58;1.59;1.63;1.58;1.6089453565841703;945457;1521188.65;09/06/2021;1.54
09/06/2021;1.48;1.54;1.57;1.39;1.442998140914259;855797;1234913.48;08/06/2021;1.48
08/06/2021;1.53;1.48;1.7;1.48;1.5479162683458554;883919;1368232.6;07/06/2021;1.5
07/06/2021;1.69;1.5;1.69;1.5;1.5205134810117933;731770;1112666.15;04/06/2021;1.77
04/06/2021;1.72;1.77;1.79;1.72;1.7540259930151199;1313122;2303250.12;03/06/2021;1.69
03/06/2021;1.68;1.69;1.7;1.67;1.688654406461312;1611066;2720533.7;02/06/2021;1.7
02/06/2021;1.64;1.7;1.7;1.62;1.6542255354986808;1341740;2219540.57;01/06/2021;1.66
01/06/2021;1.72;1.66;1.72;1.65;1.6823516201475779;311700;524389;31/05/2021;1.74
31/05/2021;1.77;1.74;1.77;1.73;1.7464006580437974;406052;709129.48;28/05/2021;1.77
28/05/2021;1.66;1.77;1.78;1.66;1.7482753097871753;5701737;9968206.02;27/05/2021;1.6
27/05/2021;1.69;1.6;1.69;1.6;1.6217143992705678;299411;485559.13;26/05/2021;1.74
26/05/2021;1.72;1.74;1.74;1.72;1.726554089861751;173600;299729.79;25/05/2021;1.74
25/05/2021;1.75;1.74;1.77;1.71;1.7237106945484475;323174;557058.48;24/05/2021;1.78
24/05/2021;1.84;1.78;1.84;1.74;1.7520837889173342;4238150;7425593.91;21/05/2021;1.87
21/05/2021;1.9;1.87;1.9;1.72;1.7862214359349398;1876046;3351033.58;20/05/2021;1.93
20/05/2021;1.9;1.93;1.93;1.9;1.9025644063642724;616127;1172221.3;19/05/2021;1.9
19/05/2021;1.87;1.9;1.91;1.87;1.8916807660897104;580402;1097935.3;18/05/2021;1.9
18/05/2021;1.89;1.9;1.91;1.89;1.900709282986529;452753;860551.83;17/05/2021;1.92
17/05/2021;1.96;1.92;1.96;1.9;1.9279764598000713;663036;1278317.8;14/05/2021;1.99
14/05/2021;1.98;1.99;1.99;1.97;1.982352433652481;274690;544532.39;13/05/2021;1.98
13/05/2021;1.95;1.98;2;1.95;1.9986478951664395;2632821;5262082.15;12/05/2021;1.93
12/05/2021;1.91;1.93;1.93;1.91;1.9147580956125296;264526;506503.3;11/05/2021;1.91
11/05/2021;1.89;1.91;1.92;1.89;1.8927185192394411;3811987;7215018.39;10/05/2021;1.89
10/05/2021;1.91;1.89;1.91;1.86;1.8984186511164016;608607;1155390.88;07/05/2021;1.91
07/05/2021;1.88;1.91;1.91;1.88;1.8966619231594155;1417376;2688283.09;06/05/2021;1.83
06/05/2021;1.84;1.83;1.85;1.81;1.8324451708210507;149601;274135.63;05/05/2021;1.84
05/05/2021;1.83;1.84;1.84;1.82;1.833539484320651;298131;546634.96;04/05/2021;1.83
04/05/2021;1.8;1.83;1.83;1.8;1.8013419509594881;450240;811036.2;03/05/2021;1.8
03/05/2021;1.84;1.8;1.84;1.8;1.8173973918080437;191627;348262.41;30/04/2021;1.84
30/04/2021;1.8;1.84;1.85;1.8;1.8374457558746784;541902;995715.53;29/04/2021;1.77
29/04/2021;1.7;1.77;1.79;1.7;1.7678379326986353;615411;1087946.91;28/04/2021;1.7
28/04/2021;1.64;1.7;1.7;1.63;1.655216677798764;452146;748399.6;27/04/2021;1.64
27/04/2021;1.68;1.64;1.68;1.6;1.6572195469850433;729115;1208303.63;26/04/2021;1.7
26/04/2021;1.7;1.7;1.7;1.67;1.6910012986700655;166324;281254.1;23/04/2021;1.72
23/04/2021;1.67;1.72;1.72;1.67;1.7091077685161684;4203853;7184837.82;22/04/2021;1.65
22/04/2021;1.78;1.65;1.8;1.65;1.6903446384754044;2549135;4308916.68;21/04/2021;1.8
21/04/2021;1.82;1.8;1.82;1.78;1.806447587239076;1803349;3257655.45;20/04/2021;1.82
20/04/2021;1.9;1.82;1.9;1.78;1.8419949114143546;1269901;2339151.18;19/04/2021;1.9
19/04/2021;2.09;1.99;2.09;1.99;2.005672097002157;941010;1887357.5;16/04/2021;2.12
16/04/2021;2.09;2.12;2.12;2.05;2.0796669528319502;690743;1436515.39;15/04/2021;2.08
15/04/2021;2.12;2.08;2.12;2.07;2.0888139671260286;463832;968858.76;14/04/2021;2.1
14/04/2021;2.11;2.1;2.11;2.1;2.105767880746536;158117;332957.7;13/04/2021;2.13
13/04/2021;2.17;2.13;2.18;2.11;2.1274846146603954;754127;1604393.59;12/04/2021;2.15
12/04/2021;2.1;2.15;2.15;2.05;2.106060751202538;244275;514457.99;09/04/2021;2.16
09/04/2021;2.23;2.16;2.23;2.15;2.177302410040472;1271016;2767386.2;08/04/2021;2.25
08/04/2021;2.24;2.25;2.25;2.24;2.249407944357066;776954;1747686.5;07/04/2021;2.24
07/04/2021;2.22;2.24;2.25;2.22;2.221227380507652;639769;1421072.42;06/04/2021;2.22
06/04/2021;2.2;2.22;2.22;2.2;2.217072083539905;223893;496386.92;05/04/2021;2.2
05/04/2021;2.2;2.2;2.2;2.2;2.2003370635027637;59336;130559.2;31/03/2021;2.22
