Fecha de cotización;Apertura;Cierre;Máximo;Mínimo;Promedio;Cantidad negociada;Monto negociado ($);Fecha anterior;Cierre anterior corregido
19/05/2026;45.54;45.54;45.54;45.54;45.62150375939849;133;6067.66;18/05/2026;44.95
18/05/2026;44.85;45.1;45.1;44.85;44.93479210711769;1419;63762.47;14/05/2026;45
15/05/2026;;;;;45.50214285714286;14;637.03;14/05/2026;45
14/05/2026;45;45;45;45;45.29420454545454;176;7971.78;13/05/2026;48
13/05/2026;44.52;48;48;44.52;44.821287506819424;1833;82157.42;12/05/2026;44.5
12/05/2026;44.6;44.5;44.6;44.5;44.64402366863905;169;7544.84;11/05/2026;44.44
11/05/2026;44.6;44;44.6;44;44.37586821015138;2246;99668.2;08/05/2026;45.46
08/05/2026;45;45.46;46;45;45.10002502085071;1199;54074.93;07/05/2026;44.83
07/05/2026;45.54;44.83;45.54;44.82;44.90719236564541;1991;89410.22;06/05/2026;45.1
06/05/2026;45.1;45.1;45.1;45;45.092481012658226;395;17811.53;04/05/2026;45.01
05/05/2026;;;;;44.19529411764706;34;1502.64;04/05/2026;45.01
04/05/2026;43.72;43.72;43.72;43.72;43.80791666666667;144;6308.34;30/04/2026;45.15
30/04/2026;44.55;45.15;45.15;43.85;44.4827106741573;712;31671.69;29/04/2026;44.8
29/04/2026;44.8;44.8;44.8;44.8;45.101578947368424;57;2570.79;28/04/2026;45
28/04/2026;45.05;45;45.05;45;45.07511945392491;293;13207.01;27/04/2026;45.01
27/04/2026;45.1;45.2;45.2;45.1;45.82650406504065;123;5636.66;24/04/2026;45.1
24/04/2026;44.45;45.1;45.1;44.45;44.55087511394713;1097;48872.31;23/04/2026;44.7
23/04/2026;46.5;46.5;46.5;46.5;46.44489539748954;239;11100.33;22/04/2026;46.53
22/04/2026;46.5;46.53;47;46.5;46.64253521126761;1065;49674.3;21/04/2026;48.51
21/04/2026;48.51;48.51;48.51;48.51;48.44146788990825;109;5280.12;20/04/2026;48.71
20/04/2026;49.85;48.71;49.85;48.71;48.917341513292435;489;23920.58;17/04/2026;48.71
17/04/2026;49.29;48.71;49.55;48.7;48.94454313425217;3918;191764.72;16/04/2026;47.65
16/04/2026;47.1;47.65;48.1;47.1;47.42701011959522;2174;103106.32;15/04/2026;45.5
15/04/2026;49.32;45.5;49.32;45.1;46.36523986293547;3502;162371.07;14/04/2026;50.5
14/04/2026;50.84;50.5;51.9;50.5;50.752828104286344;2263;114853.65;13/04/2026;51
13/04/2026;52.1;51;52.5;51;51.633346153846155;13000;671233.5;10/04/2026;50.15
10/04/2026;50.15;50.15;50.15;50.15;50.51958762886598;97;4900.4;09/04/2026;51.4
09/04/2026;51.58;51.4;51.58;51.4;51.54872074882996;1282;66085.46;08/04/2026;51.21
08/04/2026;51.85;51.21;51.85;51;51.44293413173652;1336;68727.76;07/04/2026;49.9
07/04/2026;49.9;49.9;49.9;49.9;50.04157894736842;114;5704.74;06/04/2026;49.9
06/04/2026;52.05;49.9;52.05;49.85;50.26912790697675;344;17292.58;01/04/2026;50.4
01/04/2026;50.01;50.4;51.27;50.01;50.50505094614265;687;34696.97;31/03/2026;49.9
31/03/2026;48.98;49.9;49.9;48.98;49.27312918660287;1045;51490.42;30/03/2026;48
30/03/2026;47.75;48;48;47.75;47.827173144876326;283;13535.09;27/03/2026;48.89
27/03/2026;48;48.89;48.89;47.22;47.22907673849309;103351;4881172.31;26/03/2026;47.76
26/03/2026;48.25;47.76;48.5;47.76;48.08513643659711;623;29957.04;25/03/2026;48.25
25/03/2026;48.7;48.25;48.8;48.25;48.51794333683106;953;46237.6;24/03/2026;47.55
24/03/2026;47.55;47.55;47.55;47.55;47.57963060686016;379;18032.68;23/03/2026;48.53
23/03/2026;48.2;48.53;50;48.2;48.542987337257;5607;272180.53;19/03/2026;45.03
20/03/2026;;;;;47;30;1410;19/03/2026;45.03
19/03/2026;46;45.03;46;45.03;45.5390990990991;222;10109.68;18/03/2026;46.5
18/03/2026;46.51;46.5;46.51;46.5;46.50894514767933;237;11022.62;16/03/2026;45.51
17/03/2026;;;;;46.5;5;232.5;16/03/2026;45.51
16/03/2026;45.51;45.51;45.51;45.51;45.51;231;10512.81;12/03/2026;45.5
13/03/2026;;;;;44.85;17;762.45;12/03/2026;45.5
12/03/2026;45.5;45.5;45.5;45.3;45.465;2000;90930;11/03/2026;46
11/03/2026;46.64;46;46.7;46;46.49277853260869;2944;136874.74;09/03/2026;43.51
10/03/2026;;;;;44.997368421052634;19;854.95;09/03/2026;43.51
09/03/2026;43.08;43.51;43.51;42;43.307577464788736;355;15374.19;06/03/2026;44.7
06/03/2026;44.7;44.7;44.7;44.7;44.6988978930308;617;27579.22;05/03/2026;44.9
05/03/2026;45.01;44.9;45.1;44.7;44.73445380038172;8907;398449.78;04/03/2026;46.6
04/03/2026;46;46.6;46.6;45.95;46.50119346733668;3184;148059.8;03/03/2026;45.95
03/03/2026;45.95;45.95;45.95;45.95;46.14752293577982;109;5030.08;02/03/2026;48.2
02/03/2026;47.67;48.2;48.2;47.67;47.96277372262774;274;13141.8;26/02/2026;50.5
27/02/2026;;;;;50.4;2;100.8;26/02/2026;50.5
26/02/2026;50.5;50.5;50.5;50.5;50.49514563106796;103;5201;25/02/2026;50.35
25/02/2026;50;50.35;50.66;50;50.370178160919544;1740;87644.11;24/02/2026;49.5
24/02/2026;49;49.5;49.5;49;49.46690082644628;484;23941.98;20/02/2026;50
23/02/2026;;;;;50.34510204081632;49;2466.91;20/02/2026;50
20/02/2026;50;50;50.2;50;50.033919793014235;773;38676.22;19/02/2026;50
19/02/2026;49.25;50;50.15;49.25;49.857151442307696;3328;165924.6;18/02/2026;48
18/02/2026;48;48;48;48;48.09209302325581;430;20679.6;17/02/2026;47.5
17/02/2026;47.5;47.5;47.5;47.5;47.521140939597316;149;7080.65;13/02/2026;48
16/02/2026;;;;;48.4;25;1210;13/02/2026;48
13/02/2026;48.4;48;48.5;48;48.36266743648961;866;41882.07;12/02/2026;48.36
12/02/2026;51.49;48.36;51.49;48.28;48.723316326530615;392;19099.54;11/02/2026;51.3
11/02/2026;51.3;51.3;51.3;51.3;51.37124777183601;561;28819.27;10/02/2026;51.35
10/02/2026;51.13;51.35;51.35;51.13;51.26203539823008;791;40548.27;09/02/2026;51.35
09/02/2026;50.8;51.35;51.35;50.8;51.284474137931035;2320;118979.98;06/02/2026;51.05
06/02/2026;50.99;51.05;51.05;50.5;50.939173228346455;508;25877.1;05/02/2026;50.55
05/02/2026;50.55;50.55;50.55;50.55;50.152;110;5516.72;03/02/2026;51.42
04/02/2026;;;;;50.046800000000005;25;1251.17;03/02/2026;51.42
03/02/2026;50.6;51.42;51.42;50.6;51.17011875;1600;81872.19;02/02/2026;50.6
02/02/2026;49.9;50.6;50.99;49.9;50.5835942947702;3155;159591.24;29/01/2026;49.9
30/01/2026;;;;;49.891000000000005;10;498.91;29/01/2026;49.9
29/01/2026;49.75;49.9;49.9;48.5;49.20595588235294;952;46844.07;28/01/2026;48.95
28/01/2026;48.85;48.95;48.95;48.7;49.02845018450184;271;13286.71;27/01/2026;48.37
27/01/2026;48.7;48.37;48.8;48.37;48.60544426494346;619;30086.77;26/01/2026;47.7
26/01/2026;47;47.7;47.7;47;47.38863784665579;1226;58098.47;23/01/2026;46.85
23/01/2026;47.45;46.85;47.45;46.85;47.314288813139136;6454;305366.42;22/01/2026;47.58
22/01/2026;47.74;47.58;47.9;47.37;47.67973649538867;759;36188.92;21/01/2026;46.75
21/01/2026;46;46.75;46.75;46;46.66456917475728;1648;76903.21;20/01/2026;45.9
20/01/2026;45.7;45.9;45.9;45.7;45.70182033096926;846;38663.74;16/01/2026;45.4
19/01/2026;;;;;45.64375;64;2921.2;16/01/2026;45.4
16/01/2026;45.4;45.4;45.4;45.4;45.399806611198564;4447;201892.94;15/01/2026;45.2
15/01/2026;45.4;45.2;45.7;44.51;45.35310186951545;2621;118870.48;14/01/2026;45.39
14/01/2026;45.26;45.39;45.39;45.17;45.17662598354793;22368;1010510.77;13/01/2026;45.1
13/01/2026;45.1;45.1;45.1;45.1;45.15216710182767;383;17293.28;12/01/2026;45.69
12/01/2026;45.7;45.69;45.7;45.01;45.551904761904765;945;43046.55;09/01/2026;45.01
09/01/2026;44.15;45.01;45.01;44.15;44.83202038924931;1079;48373.75;08/01/2026;44.91
08/01/2026;43;44.91;44.91;42.75;43.15203911342895;3835;165488.07;06/01/2026;43
07/01/2026;;;;;42.958985507246375;69;2964.17;06/01/2026;43
06/01/2026;43.12;43;43.63;43;43.35143336529242;2086;90431.09;05/01/2026;43
05/01/2026;43;43;43.05;43;43.02157556270096;311;13379.71;30/12/2025;42.12
02/01/2026;;;;;42.370000000000005;41;1737.17;30/12/2025;42.12
01/01/2026;;;;;;;;;42.12
31/12/2025;;;;;42.12;13;547.56;30/12/2025;42.12
30/12/2025;42.2;42.12;42.2;42.12;42.17018633540373;161;6789.4;29/12/2025;42.6
29/12/2025;42.35;42.6;42.6;42.35;42.52554702495202;521;22155.81;23/12/2025;42.3
26/12/2025;;;;;42.723684210526315;38;1623.5;23/12/2025;42.3
24/12/2025;;;;;43.49;2;86.98;23/12/2025;42.3
23/12/2025;42.3;42.3;42.3;42.3;42.32962962962963;135;5714.5;22/12/2025;42
22/12/2025;43.75;42;43.75;42;42.29958218549128;4356;184256.98;19/12/2025;43.26
19/12/2025;42.85;43.26;43.26;42.85;43.204482522275526;5836;252141.36;18/12/2025;42.6
18/12/2025;42.6;42.6;42.6;42.6;42.60058236272879;3005;128014.75;17/12/2025;41.5
17/12/2025;42;41.5;42;41.5;41.920111731843576;179;7503.7;16/12/2025;40.95
16/12/2025;41;40.95;41;40.95;40.971115537848604;502;20567.5;15/12/2025;41.01
15/12/2025;41.01;41.01;41.01;41.01;41.01;144;5905.44;12/12/2025;41
12/12/2025;41;41;41;41;41.086436781609194;261;10723.56;11/12/2025;41.03
11/12/2025;41.01;41.03;41.03;41.01;41.04911111111111;540;22166.52;10/12/2025;40.8
10/12/2025;40.8;40.8;40.8;40.8;40.82767441860465;344;14044.72;05/12/2025;40.41
05/12/2025;40.72;40.41;40.72;40.27;40.312877519379846;3225;130009.03;04/12/2025;41.15
04/12/2025;40.85;41.15;41.15;40.85;41.05507478632479;936;38427.55;03/12/2025;40.13
03/12/2025;39.91;40.13;40.13;39.91;40.05087600246761;1621;64922.47;01/12/2025;40.1
02/12/2025;;;;;39.11;6;234.66;01/12/2025;40.1
01/12/2025;40.1;40.1;40.1;40.1;40.126366279069764;688;27606.94;28/11/2025;40
28/11/2025;39.01;40;40;39.01;39.505;200;7901;26/11/2025;40
27/11/2025;;;;;;;;26/11/2025;40
26/11/2025;40;40;40;40;40.02257575757575;66;2641.49;25/11/2025;39.79
25/11/2025;39.79;39.79;39.79;39.79;39.76081850533808;281;11172.79;24/11/2025;39.86
24/11/2025;39.86;39.86;39.86;39.86;39.8602146210597;7455;297157.9;21/11/2025;40.1
21/11/2025;39.24;40.1;40.1;39.24;39.37838949671772;2285;89979.62;20/11/2025;39.95
20/11/2025;39.3;39.95;39.95;39.3;39.57465181058495;359;14207.3;19/11/2025;39.7
19/11/2025;39.75;39.7;39.85;39.7;39.785629764065334;5510;219218.82;18/11/2025;39.5
18/11/2025;38.82;39.5;39.5;38.82;39.19772130211308;1751;68635.21;17/11/2025;38.9
17/11/2025;38.9;38.9;38.9;38.9;39.075;128;5001.6;14/11/2025;39.9
14/11/2025;39.9;39.9;40.29;39.9;40.04561158798283;932;37322.51;13/11/2025;39.9
13/11/2025;41.8;39.9;41.8;39.9;40.551054852320675;1896;76884.8;12/11/2025;41.5
12/11/2025;41.49;41.5;41.5;41.49;41.45191919191919;99;4103.74;11/11/2025;40.91
11/11/2025;40.92;40.91;40.92;40.91;40.91858513189448;834;34126.1;10/11/2025;40.59
10/11/2025;40.59;40.59;40.59;40.59;40.603962950711214;3023;122745.78;07/11/2025;41.35
07/11/2025;42;41.35;43.5;41.15;41.87462362084896;18399;770451.2;05/11/2025;43
06/11/2025;;;;;42.91;25;1072.75;05/11/2025;43
05/11/2025;43;43;43;43;43.02333333333333;123;5291.87;04/11/2025;42
04/11/2025;42;42;42;42;42.029059829059825;117;4917.4;03/11/2025;42.44
03/11/2025;43.19;42.44;43.25;42.44;42.78173076923077;728;31145.1;31/10/2025;43
31/10/2025;42.9;43;43;42.9;42.94090170593014;1231;52860.25;30/10/2025;42.5
30/10/2025;42.37;42.5;42.5;42.31;42.45125646711013;1353;57436.55;29/10/2025;42.3
29/10/2025;42.15;42.3;42.32;42.15;42.2532418699187;5904;249463.14;28/10/2025;41.56
28/10/2025;41.93;41.56;41.93;41.56;41.72288770053476;561;23406.54;27/10/2025;41.93
27/10/2025;42;41.93;42;41.7;41.80064740307242;8202;342848.91;24/10/2025;41.55
24/10/2025;41.55;41.55;41.55;41.55;41.549930013997205;5001;207791.2;23/10/2025;41
23/10/2025;40.91;41;41.15;40.91;41.102152875175314;7130;293058.35;22/10/2025;41
22/10/2025;40.5;41;41;40.5;40.853138888888886;360;14707.13;21/10/2025;40.83
21/10/2025;40.9;40.83;40.9;40.83;40.8841592920354;678;27719.46;20/10/2025;41.2
20/10/2025;41.2;41.2;41.2;41.2;41.16528925619835;121;4981;17/10/2025;40.8
17/10/2025;40.3;40.8;40.8;39.81;40.353692785104734;1289;52015.91;16/10/2025;39.94
16/10/2025;39.94;39.94;39.94;39.94;39.94263043478261;460;18373.61;14/10/2025;40.8
15/10/2025;;;;;40.79538461538461;39;1591.02;14/10/2025;40.8
14/10/2025;40.8;40.8;40.8;40.8;40.8;75;3060;13/10/2025;40.55
13/10/2025;40.5;40.55;40.55;40.5;40.5412739965096;573;23230.15;10/10/2025;40.01
10/10/2025;40.01;40.01;40.01;40.01;40.012434210526315;456;18245.67;07/10/2025;40.2
09/10/2025;;;;;40.199999999999996;3;120.6;07/10/2025;40.2
07/10/2025;40.2;40.2;40.2;40.2;40.18555555555556;63;2531.69;06/10/2025;40.01
06/10/2025;40.01;40.01;40.01;40.01;40.14042857142857;140;5619.66;03/10/2025;40.8
03/10/2025;40.01;40.8;40.8;40.01;40.772598167539265;1528;62300.53;30/09/2025;40
02/10/2025;;;;;;;;30/09/2025;40
01/10/2025;;;;;40;25;1000;30/09/2025;40
30/09/2025;40;40;40;40;40.02916666666666;84;3362.45;29/09/2025;40.3
29/09/2025;40.3;40.3;40.3;40.3;40.29575757575758;132;5319.04;26/09/2025;40.01
26/09/2025;40;40.01;40.01;40;40.00158653846154;624;24960.99;24/09/2025;40.01
25/09/2025;;;;;40.5;10;405;24/09/2025;40.01
24/09/2025;40.55;40.01;40.55;40.01;40.38667134831461;712;28755.31;22/09/2025;40.62
23/09/2025;;;;;40.6225;20;812.45;22/09/2025;40.62
22/09/2025;40;40.62;40.62;40;40.60081722689076;4760;193259.89;19/09/2025;39.43
19/09/2025;39.26;39.43;39.43;39.25;39.26336317633321;5138;201735.16;18/09/2025;39.66
18/09/2025;40.8;39.66;40.8;39.66;40.37321068548387;1984;80100.45;17/09/2025;41.35
17/09/2025;41.35;41.35;41.35;41.35;41.38055555555556;108;4469.1;16/09/2025;41.85
16/09/2025;41.85;41.85;41.85;41.85;41.84417475728155;103;4309.95;15/09/2025;41.65
15/09/2025;41.65;41.65;41.65;41.65;41.609375;128;5326;12/09/2025;41.85
12/09/2025;41.8;41.85;41.85;41.8;41.83027742749054;1586;66342.82;11/09/2025;41.87
11/09/2025;42;41.87;42;41.5;41.74771889400921;868;36237.02;10/09/2025;40.7
10/09/2025;41;40.7;41;40.7;40.845241379310345;290;11845.12;09/09/2025;40.71
09/09/2025;40.8;40.71;40.8;40.4;40.64663681017047;3461;140678.01;05/09/2025;40.31
08/09/2025;;;;;40.36;15;605.4;05/09/2025;40.31
05/09/2025;41;40.31;41;40.31;40.78236881559221;2668;108807.36;04/09/2025;40.64
04/09/2025;41;40.64;41;40.64;40.71560117302053;682;27768.04;03/09/2025;41
03/09/2025;40.4;41;41;40.4;40.8560494712314;5579;227935.9;02/09/2025;40
02/09/2025;39.3;40;40;39.3;39.61439377389405;3662;145067.91;29/08/2025;39.9
01/09/2025;;;;;;;;29/08/2025;39.9
29/08/2025;39.78;39.9;39.9;39.78;39.834634146341465;123;4899.66;28/08/2025;39.6
28/08/2025;39.8;39.6;39.8;39.5;39.764536357571714;1499;59607.04;27/08/2025;39.33
27/08/2025;38.6;39.33;39.33;38.6;38.89757575757575;264;10268.96;26/08/2025;39.33
26/08/2025;39.3;39.33;39.33;39.3;39.306442873969374;5094;200227.02;25/08/2025;39.45
25/08/2025;39.45;39.45;39.45;39.45;39.387142857142855;161;6341.33;22/08/2025;39.81
22/08/2025;39;39.81;39.85;39;39.77619461697722;4830;192119.02;21/08/2025;38.54
21/08/2025;38.54;38.54;38.54;38.41;38.46802919708029;548;21080.48;20/08/2025;38.46
20/08/2025;38.1;38.46;38.46;38.1;38.37601109570041;3605;138345.52;19/08/2025;38.51
19/08/2025;38.01;38.51;38.51;37.51;38.26436034115139;3752;143567.88;18/08/2025;38.62
18/08/2025;38.4;38.62;38.62;38.39;38.40388385598142;4305;165328.72;15/08/2025;39
15/08/2025;39;39;39;39;39;1258;49062;14/08/2025;38.57
14/08/2025;38.57;38.57;38.57;38.57;38.58244094488189;381;14699.91;13/08/2025;39.1
13/08/2025;39.98;39.1;40;39.1;39.63701596806387;1002;39716.29;12/08/2025;39.6
12/08/2025;39.42;39.6;39.69;39.25;39.591980470361705;7271;287873.29;11/08/2025;38
11/08/2025;38;38;38;37.88;37.99395061728395;1944;73860.24;08/08/2025;37.25
08/08/2025;37.5;37.25;37.5;37.25;37.32149122807017;228;8509.3;07/08/2025;37.05
07/08/2025;36.3;37.05;37.05;36.3;36.9405117085863;2306;85184.82;05/08/2025;36.22
05/08/2025;36.22;36.22;36.91;35.97;36.20488224245051;20763;751721.97;04/08/2025;35.89
04/08/2025;35.89;35.89;35.89;35.89;35.905697674418604;430;15439.45;01/08/2025;35.94
01/08/2025;35.94;35.94;35.94;35.94;35.94512987012987;154;5535.55;31/07/2025;36.17
31/07/2025;35.93;36.17;36.17;35.93;35.98197486535009;557;20041.96;30/07/2025;35.92
30/07/2025;36.99;35.92;36.99;35.81;36.395144992911455;7759;282389.93;25/07/2025;36.7
25/07/2025;36.22;36.7;36.75;36.22;36.64148335015136;991;36311.71;24/07/2025;36.96
24/07/2025;36.58;36.96;37;36.58;36.82823975720789;1318;48539.62;22/07/2025;36.6
22/07/2025;36.9;36.6;36.9;36.6;36.733769633507855;191;7016.15;18/07/2025;37.4
21/07/2025;;;;;37.1375;40;1485.5;18/07/2025;37.4
18/07/2025;37.4;37.4;37.4;37.4;37.385;208;7776.08;16/07/2025;36.7
17/07/2025;;;;;;;;16/07/2025;36.7
16/07/2025;36.7;36.7;36.7;36.7;36.7;219;8037.3;15/07/2025;36.7
15/07/2025;36.7;36.7;36.7;36.7;36.699999999999996;142;5211.4;11/07/2025;36.7
14/07/2025;;;;;36.5;12;438;11/07/2025;36.7
11/07/2025;36.82;36.7;36.82;36.7;36.72202723146747;661;24273.26;10/07/2025;36.8
10/07/2025;37.19;36.8;37.19;36.8;36.88943161634103;563;20768.75;09/07/2025;37.22
09/07/2025;37.22;37.22;37.22;37.22;37.22;195;7257.9;08/07/2025;37.08
08/07/2025;37.08;37.08;37.08;37.08;37.08058520900321;3110;115320.62;02/07/2025;37.31
07/07/2025;;;;;37.45820895522388;67;2509.7;02/07/2025;37.31
04/07/2025;;;;;37.31;4;149.24;02/07/2025;37.31
03/07/2025;;;;;37.75;33;1245.75;02/07/2025;37.31
02/07/2025;38.68;37.31;38.68;37.3;37.38486422668241;847;31664.98;01/07/2025;38
01/07/2025;38;38;38;38;37.99154929577465;568;21579.2;27/06/2025;37.8
30/06/2025;;;;;37.8990625;64;2425.54;27/06/2025;37.8
27/06/2025;37.65;37.8;37.8;37.65;37.75168035847648;1339;50549.5;26/06/2025;37.65
26/06/2025;36.5;37.65;37.65;36.5;37.31149073081048;6527;243532.1;23/06/2025;35.5
25/06/2025;;;;;36;1;36;23/06/2025;35.5
24/06/2025;;;;;36.224;35;1267.84;23/06/2025;35.5
23/06/2025;35.5;35.5;35.5;35.5;35.486720430107525;558;19801.59;20/06/2025;35.75
20/06/2025;36.13;35.75;36.13;35.68;35.68687792581923;24993;891922.14;19/06/2025;36.1
19/06/2025;36.1;36.1;36.1;36.1;36.156;120;4338.72;18/06/2025;36.58
18/06/2025;36.58;36.58;36.58;36.58;36.386896551724135;87;3165.66;17/06/2025;36.99
17/06/2025;36.04;36.99;36.99;35.95;36.0401954339836;141480;5098966.85;16/06/2025;36.25
16/06/2025;36.25;36.25;36.25;36.25;36.245327102803735;107;3878.25;13/06/2025;36.04
13/06/2025;36.46;36.04;36.46;36.04;36.26417502278943;1097;39781.8;12/06/2025;37.1
12/06/2025;36.5;37.1;37.1;36.5;37.03850616388687;2758;102152.2;11/06/2025;36.5
11/06/2025;36.27;36.5;36.5;36.27;36.457356415478614;2455;89502.81;10/06/2025;35.3
10/06/2025;35.3;35.3;35.3;35.3;35.30198347107438;242;8543.08;09/06/2025;35.2
09/06/2025;35.58;35.2;35.58;35.2;35.326407185628746;2171;76693.63;06/06/2025;36
06/06/2025;36;36;36;36;36.00384279475982;458;16489.76;05/06/2025;35.37
05/06/2025;35;35.37;35.37;34.99;35.101532258064516;1488;52231.08;04/06/2025;34.92
04/06/2025;35.8;34.92;35.8;34.92;35.42388520971303;453;16047.02;03/06/2025;34.9
03/06/2025;34.9;34.9;34.9;34.9;34.903;200;6980.6;02/06/2025;35
02/06/2025;34.5;35;35.09;34.5;34.92721508140531;1167;40760.06;30/05/2025;34.95
30/05/2025;34.95;34.95;34.95;34.95;34.8523880597015;134;4670.22;29/05/2025;35.05
29/05/2025;35.01;35.05;35.05;34.97;34.985296208530805;2532;88582.77;28/05/2025;35.8
28/05/2025;36;35.8;36;35.79;35.838496732026144;765;27416.45;27/05/2025;36.28
27/05/2025;36.4;36.28;36.4;35.84;35.97116661590009;13132;472373.36;23/05/2025;36.6
26/05/2025;;;;;36.599999999999994;18;658.8;23/05/2025;36.6
23/05/2025;36.4;36.6;36.8;36.3;36.466293352601156;11072;403754.8;22/05/2025;36.01
22/05/2025;36;36.01;36.1;36;36.03223270440252;636;22916.5;21/05/2025;35.94
21/05/2025;36;35.94;36.3;35.89;35.97804041862143;2771;99695.15;20/05/2025;35.9
20/05/2025;35.7;35.9;35.9;35.7;35.81273390036452;1646;58947.76;19/05/2025;35.5
19/05/2025;35.31;35.5;35.5;35.31;35.407866004962784;403;14269.37;16/05/2025;35.32
16/05/2025;35.92;35.32;35.92;35.32;35.6729315960912;14122;503773.14;15/05/2025;35.8
15/05/2025;35.5;35.8;35.8;35.4;35.59496492389147;7555;268919.96;14/05/2025;35.31
14/05/2025;35.28;35.31;35.45;34.31;35.20175099337748;7550;265773.22;13/05/2025;34.46
13/05/2025;34.5;34.46;34.5;34.46;34.462261682242996;2140;73749.24;12/05/2025;34.3
12/05/2025;34.3;34.3;34.3;34.3;34.30601307189542;153;5248.82;09/05/2025;34.7
09/05/2025;34.53;34.7;34.98;34.53;34.65686971235194;591;20482.21;08/05/2025;34.5
08/05/2025;34.5;34.5;34.5;34.5;34.504641350210974;474;16355.2;07/05/2025;34.37
07/05/2025;34.25;34.37;34.37;34.25;34.35041938110749;2456;84364.63;06/05/2025;34.3
06/05/2025;34.78;34.3;35;34.3;34.64025034185337;9507;329324.86;05/05/2025;34.41
05/05/2025;34.5;34.41;35;34.41;34.6242064180399;4612;159686.84;02/05/2025;34.35
02/05/2025;33.5;34.35;34.35;33.5;34.07683508102955;1049;35746.6;30/04/2025;33.5
30/04/2025;33.5;33.5;33.5;33.5;33.50199335548173;602;20168.2;29/04/2025;34.1
29/04/2025;33.5;34.1;34.1;33.5;33.99511477180664;3703;125883.91;28/04/2025;33
28/04/2025;33.5;33;33.5;33;33.38712715855573;1274;42535.2;25/04/2025;32.08
25/04/2025;32.07;32.08;32.16;32.07;32.09376599634369;547;17555.29;23/04/2025;31.3
24/04/2025;;;;;31.677755102040816;49;1552.21;23/04/2025;31.3
23/04/2025;31.99;32.3;32.3;31.99;32.2397472579876;2097;67606.75;22/04/2025;31.4
22/04/2025;31.6;31.4;31.6;31.4;31.47144329896907;970;30527.3;21/04/2025;30.8
21/04/2025;30.8;30.8;30.8;30.8;30.887179487179488;117;3613.8;16/04/2025;31.2
16/04/2025;31.69;31.2;31.69;31.2;31.26915750915751;546;17072.96;15/04/2025;31.69
15/04/2025;31.1;31.69;31.69;31.1;31.378882758620687;725;22749.69;14/04/2025;30.33
14/04/2025;30.5;30.33;30.5;30.33;30.367051282051282;780;23686.3;11/04/2025;30
11/04/2025;30.06;30;31;30;30.2051150202977;739;22321.58;10/04/2025;29.75
10/04/2025;30;29.75;30;29.75;29.883856502242153;446;13328.2;09/04/2025;30.66
09/04/2025;29.61;30.66;30.66;29.61;29.736916802610114;613;18228.73;08/04/2025;29.73
08/04/2025;30.5;29.73;30.5;29.73;29.808638262322475;2394;71361.88;07/04/2025;30.1
07/04/2025;30.1;30.1;30.8;30.1;30.20776053215078;451;13623.7;04/04/2025;30.02
04/04/2025;30.97;30.02;31.91;30.01;30.936432748538014;855;26450.65;03/04/2025;32.01
03/04/2025;32.8;32.01;32.8;32.01;32.64239528795812;4584;149632.74;02/04/2025;32.5
02/04/2025;32.5;32.5;32.5;32.5;32.793157894736844;76;2492.28;01/04/2025;33.65
01/04/2025;33.65;33.65;33.65;33.65;33.64464419475656;1068;35932.48;28/03/2025;33.33
31/03/2025;;;;;33.25945945945946;37;1230.6;28/03/2025;33.33
28/03/2025;33.55;33.33;33.55;33.33;33.33304272766508;16219;540628.62;27/03/2025;33.52
27/03/2025;33.4;33.52;33.52;33.4;33.55882352941177;136;4564;26/03/2025;33.68
26/03/2025;33.7;33.68;33.7;33.68;33.68175126903554;788;26541.22;25/03/2025;34.05
25/03/2025;34.05;34.05;34.05;34;34.04514833345078;14191;483134.7;24/03/2025;33.7
24/03/2025;34.1;33.7;34.1;33.7;34.05714285714286;1120;38144;20/03/2025;34.2
21/03/2025;;;;;32.95522388059702;67;2208;20/03/2025;34.2
20/03/2025;34;34.2;34.35;34;34.245511982570804;2754;94312.14;19/03/2025;34
19/03/2025;33.52;34;34;33.52;33.85253091017429;6713;227252.04;18/03/2025;33.51
18/03/2025;33.4;33.51;33.6;33.4;33.4471108304389;3167;105927;17/03/2025;33.72
17/03/2025;33.5;33.72;33.72;33.48;33.4931370102321;12021;402621;14/03/2025;33.05
14/03/2025;32.81;33.05;33.05;32.81;32.93289527720739;2922;96229.92;13/03/2025;32.48
13/03/2025;32.5;32.48;32.6;32.48;32.53449509338398;3159;102776.47;12/03/2025;32.17
12/03/2025;32;32.17;32.2;32;32.105703819989536;1911;61354;07/03/2025;32
11/03/2025;;;;;;;;07/03/2025;32
10/03/2025;;;;;31.614545454545453;11;347.76;07/03/2025;32
07/03/2025;31.8;32;32;31.8;31.879442231075696;251;8001.74;06/03/2025;31.74
06/03/2025;31.74;31.74;31.74;31.74;31.74;444;14092.56;05/03/2025;32.2
05/03/2025;32;32.2;32.2;31.99;32.02533629939806;3821;122368.81;04/03/2025;31.3
04/03/2025;32;31.3;32;31.3;31.461009513742074;1892;59524.23;03/03/2025;32.45
03/03/2025;32.29;32.45;32.45;32.29;32.30991591928251;1784;57640.89;28/02/2025;32
28/02/2025;31.92;32;32;31.79;31.91228243877019;9595;306198.35;27/02/2025;32
27/02/2025;32;32;32;31.9;31.915353187894148;33141;1057706.72;26/02/2025;32.02
26/02/2025;31.85;32.02;32.1;31.85;32.03916885177269;45383;1454033.6;25/02/2025;31.81
25/02/2025;32;31.81;32.11;31.7;31.96399987560642;16078;513917.19;24/02/2025;31.72
24/02/2025;31.7;31.72;32.02;31.69;31.830009414110094;18058;574786.31;21/02/2025;32.02
21/02/2025;31.89;32.02;32.02;31.89;31.891647819063007;1238;39481.86;20/02/2025;32.65
20/02/2025;32.2;32.65;32.65;32.2;32.280157358559215;10994;354888.05;19/02/2025;32.03
19/02/2025;32.2;32.03;32.3;32.03;32.07395607107601;4052;129963.67;18/02/2025;32.5
18/02/2025;33.01;32.5;33.01;32.5;32.60380374304502;1977;64457.72;14/02/2025;33.02
17/02/2025;;;;;32.99407407407408;27;890.84;14/02/2025;33.02
14/02/2025;33.1;33.02;33.4;33.02;33.13539118176835;12769;423105.81;13/02/2025;32.9
13/02/2025;32.9;32.9;33;32.8;32.880605721072506;89249;2934561.18;12/02/2025;32.65
12/02/2025;32.65;32.65;32.65;32.65;32.36171875;256;8284.6;11/02/2025;32.83
11/02/2025;32.6;32.83;32.83;32.6;32.70835764109068;1577;51581.08;10/02/2025;32.74
10/02/2025;32.51;32.74;33;32.5;32.857119330874326;19249;632466.69;07/02/2025;32.5
07/02/2025;32.2;32.5;32.56;32.2;32.42625163745244;64124;2079300.96;06/02/2025;32.5
06/02/2025;31.5;32.5;33.2;31.5;32.33499279048344;99868;3229231.06;05/02/2025;31.1
05/02/2025;30.95;31.1;31.11;30.5;31.073284493284493;2457;76347.06;04/02/2025;30.46
04/02/2025;30.01;30.46;30.5;30;30.130600103466115;7732;232969.8;03/02/2025;29.7
03/02/2025;29.86;29.7;30.01;29.5;29.82290456431535;8676;258743.52;31/01/2025;29.5
31/01/2025;29.43;29.5;29.94;29.43;29.618989006007027;26469;783985.02;30/01/2025;29.95
30/01/2025;29.46;29.95;29.95;29.46;29.697650812064964;1724;51198.75;29/01/2025;29.35
29/01/2025;29.48;29.35;29.5;29.35;29.38036683225067;2617;76888.42;28/01/2025;29.15
28/01/2025;29.31;29.15;29.31;29.15;29.27795072788354;893;26145.21;27/01/2025;29.21
27/01/2025;29.2;29.21;29.21;29.11;29.157961630695446;1668;48635.48;24/01/2025;29.01
24/01/2025;29;29.01;29.01;29;28.998196721311476;1098;31840.02;23/01/2025;29.29
23/01/2025;29.29;29.29;29.29;29.29;29.208694779116467;498;14545.93;22/01/2025;29.25
22/01/2025;29.1;29.25;29.25;29.1;29.23551401869159;1070;31282;21/01/2025;29
21/01/2025;29.1;29;29.1;29;29.05708542713568;995;28911.8;17/01/2025;29.29
20/01/2025;;;;;29.386153846153846;65;1910.1;17/01/2025;29.29
17/01/2025;29.28;29.29;29.29;29.28;29.280691003911343;767;22458.29;16/01/2025;29.3
16/01/2025;29.2;29.3;29.3;29.13;29.201334997797037;6809;198831.89;15/01/2025;29.25
15/01/2025;29.2;29.25;29.3;29.2;29.20960298168854;6171;180252.46;14/01/2025;29.1
14/01/2025;29.46;29.1;29.5;29.1;29.254742670102374;14359;420068.85;13/01/2025;29
13/01/2025;28.54;29;29;28.54;28.87393939393939;660;19056.8;10/01/2025;28.2
10/01/2025;28.5;28.2;28.5;28.18;28.33064798598949;571;16176.8;08/01/2025;29.3
09/01/2025;;;;;28.5;6;171;08/01/2025;29.3
08/01/2025;29.3;29.3;29.3;29.3;29.269759615384615;208;6088.11;07/01/2025;29.3
07/01/2025;29.49;29.3;29.49;29.3;29.34649178255373;1582;46426.15;06/01/2025;29.17
06/01/2025;29.3;29.17;29.35;29.17;29.254695827048767;1989;58187.59;03/01/2025;28.76
03/01/2025;28.76;28.76;28.76;28.76;28.76;292;8397.92;02/01/2025;29.19
02/01/2025;29;29.19;29.54;29;29.479602660598633;5713;168416.97;27/12/2024;28.99
01/01/2025;;;;;;;;;28.99
31/12/2024;;;;;;;;27/12/2024;28.99
30/12/2024;;;;;;;;27/12/2024;28.99
27/12/2024;28.99;28.99;28.99;28.99;28.989585519412383;3812;110508.3;26/12/2024;29.2
26/12/2024;29;29.2;29.2;29;29.093899204244032;377;10968.4;24/12/2024;29.17
24/12/2024;30;29.17;30;29.17;29.364522292993627;314;9220.46;23/12/2024;28.8
23/12/2024;28.8;28.8;28.8;28.8;28.8;200;5760;20/12/2024;29
20/12/2024;29.05;29;29.05;29;29.00090333716916;3476;100807.14;19/12/2024;28.9
19/12/2024;28.9;28.9;28.9;28.9;28.898609271523178;302;8727.38;18/12/2024;29.05
18/12/2024;29.3;29.05;29.3;29.05;29.19607843137255;1020;29780;17/12/2024;29.3
17/12/2024;29.05;29.3;29.3;29;29.078090680100757;1985;57720.01;16/12/2024;29.2
16/12/2024;29.3;29.2;29.5;29.12;29.31094471282877;3726;109212.58;13/12/2024;29.24
13/12/2024;29.44;29.24;29.44;29.1;29.295398773006134;326;9550.3;12/12/2024;29.5
12/12/2024;29.65;29.5;29.65;29.42;29.635291506362826;3379;100137.65;11/12/2024;29.7
11/12/2024;29;29.7;29.7;29;29.20576719974442;53213;1554126.49;10/12/2024;28.9
10/12/2024;29;28.9;29;28.76;28.92228105906314;1964;56803.36;06/12/2024;29
06/12/2024;28.72;29;29;28.65;28.748327983659177;6854;197041.04;05/12/2024;28.66
05/12/2024;28;28.66;28.66;28;28.35793887345289;3959;112269.08;04/12/2024;28.35
04/12/2024;28.35;28.35;28.35;28.35;28.354243614931235;509;14432.31;03/12/2024;28.5
03/12/2024;28.55;28.5;28.55;28.5;28.508974358974356;624;17789.6;02/12/2024;28.14
02/12/2024;27.95;28.14;28.14;27.95;28.0245358649789;474;13283.63;29/11/2024;27.51
29/11/2024;27.51;27.51;27.51;27.51;27.517735849056606;106;2916.88;27/11/2024;28.3
28/11/2024;;;;;;;;27/11/2024;28.3
27/11/2024;28;28.3;28.3;27.7;28.01705725304064;3371;94445.5;26/11/2024;28.1
26/11/2024;28;28.1;28.1;28;28.029402843601897;1055;29571.02;25/11/2024;28
25/11/2024;28;28;28;28;28.076162790697676;172;4829.1;22/11/2024;28.65
22/11/2024;28.78;28.65;28.78;28.65;28.765755258126195;2615;75222.45;21/11/2024;29
21/11/2024;29;29;29;28.81;28.98997039960533;6081;176288.01;20/11/2024;28.8
20/11/2024;28.95;28.8;29.25;28.8;28.99571382219338;3082;89364.79;19/11/2024;28.77
19/11/2024;27.95;28.77;28.85;27.95;28.704265958464926;20898;599861.75;18/11/2024;28.19
18/11/2024;28.25;28.19;28.4;28.19;28.200281886687133;3583;101041.61;15/11/2024;28.29
15/11/2024;27.43;28.29;28.29;27.43;27.991862610826786;27746;776662.22;14/11/2024;28
14/11/2024;27;28;28.5;27;27.98334008097166;988;27647.54;13/11/2024;28.06
13/11/2024;28.01;28.06;28.45;27.51;28.212229043876885;24432;689281.18;12/11/2024;27
12/11/2024;27;27;27;27;26.996277145811792;967;26105.4;11/11/2024;27.15
11/11/2024;27;27.15;27.4;27;27.164680922714265;5939;161331.04;08/11/2024;26.53
08/11/2024;26.11;26.53;26.61;26.11;26.567285945072697;3095;82225.75;07/11/2024;27
07/11/2024;26.95;27;27;26.95;26.99344863731656;954;25751.75;06/11/2024;26.55
06/11/2024;26.4;26.55;26.55;26;26.075342289289658;5434;141693.41;05/11/2024;26.55
05/11/2024;26.55;26.55;26.55;26.55;26.59203125;256;6807.56;04/11/2024;26.85
04/11/2024;26.95;26.85;27.21;26.85;27.047636507936506;6300;170400.11;31/10/2024;27.1
31/10/2024;26.5;27.1;27.1;25.9;26.712754229233983;10522;281071.6;30/10/2024;27.46
30/10/2024;27.25;27.46;27.55;27;27.28695988487138;5559;151688.21;29/10/2024;27.4
29/10/2024;27.55;27.4;27.55;27.2;27.380417391304345;4025;110206.18;28/10/2024;27.25
28/10/2024;27.4;27.25;27.69;27.25;27.487533479912052;5003;137520.13;25/10/2024;27.3
25/10/2024;27;27.3;27.3;27;27.241069597069597;1365;37184.06;24/10/2024;26.8
24/10/2024;27.12;26.8;27.12;26.8;26.844740740740743;1350;36240.4;23/10/2024;27
23/10/2024;27;27;27.4;26.6;26.696994696523277;3394;90609.6;22/10/2024;26.75
22/10/2024;27;26.75;27;26.75;26.788709235406962;3649;97752;21/10/2024;26.8
21/10/2024;26.8;26.8;26.8;26.8;26.6251376146789;327;8706.42;18/10/2024;27.22
18/10/2024;27.34;27.22;27.38;27.22;27.241580132764344;8436;229809.97;17/10/2024;27.3
17/10/2024;27.31;27.3;27.31;27.2;27.25366306343055;4903;133624.71;16/10/2024;27.3
16/10/2024;25.5;27.3;27.41;25.5;27.220681841912917;9577;260692.47;15/10/2024;26.85
15/10/2024;27.16;26.85;27.2;26.85;26.984692910020012;154401;4166463.57;14/10/2024;27.09
14/10/2024;27.31;27.09;27.34;27;27.138534119629316;2374;64426.88;11/10/2024;27.39
11/10/2024;27.02;27.39;27.39;27.02;27.228895617529883;6275;170861.32;10/10/2024;27
10/10/2024;26.86;27;27.01;26.86;26.988126264670175;2471;66687.66;09/10/2024;27.1
09/10/2024;27.2;27.1;27.24;27.1;27.222333333333335;1980;53900.22;07/10/2024;26.73
07/10/2024;27;26.73;27.2;26.73;26.919508754863813;2056;55346.51;04/10/2024;27.08
04/10/2024;26.6;27.08;27.1;26.6;27.039028057665476;12902;348857.54;03/10/2024;26.53
03/10/2024;26.1;26.53;26.53;26.1;26.42875816993464;918;24261.6;02/10/2024;26.31
02/10/2024;26.31;26.31;26.31;26.31;26.30947696139477;803;21126.51;01/10/2024;26
01/10/2024;25.91;26;26.25;25.9;25.98792349726776;1830;47557.9;30/09/2024;26.2
30/09/2024;26.35;26.2;26.44;26.2;26.225541590871508;6047;158585.85;27/09/2024;26.48
27/09/2024;26;26.48;26.7;26;26.394119650181874;12921;341038.42;26/09/2024;26
26/09/2024;25.4;26;26;25.4;25.861656702192185;11541;298469.38;25/09/2024;25.3
25/09/2024;25.2;25.3;25.4;25.1;25.310409953455068;5586;141383.95;24/09/2024;25.3
24/09/2024;24.9;25.3;25.3;24.9;25.11537212449256;5173;129921.82;19/09/2024;25.06
23/09/2024;;;;;24.633913043478262;46;1133.16;19/09/2024;25.06
20/09/2024;;;;;24.99;17;424.83;19/09/2024;25.06
19/09/2024;25;25.06;25.2;24.91;24.93281965811966;11700;291713.99;18/09/2024;25.1
18/09/2024;24.81;25.1;25.1;24.7;24.816846534653465;2020;50130.03;17/09/2024;24.8
17/09/2024;24.78;24.8;24.8;24.78;24.785007496251872;667;16531.6;12/09/2024;24.99
16/09/2024;;;;;24.45;4;97.8;12/09/2024;24.99
13/09/2024;;;;;24.555999999999997;25;613.9;12/09/2024;24.99
12/09/2024;24.44;24.99;24.99;24.44;24.687274590163934;1464;36142.17;11/09/2024;24.5
11/09/2024;24.05;24.5;24.5;24.05;24.363839418777943;5368;130785.09;10/09/2024;24.22
10/09/2024;24.1;24.22;24.22;24.1;24.134282757193127;4831;116592.72;09/09/2024;24.28
09/09/2024;24.57;24.28;24.59;24.28;24.497900262467194;762;18667.4;06/09/2024;24.39
06/09/2024;24.5;24.39;24.5;24.39;24.43798335780715;2043;49926.8;05/09/2024;25.1
05/09/2024;25.1;25.1;25.3;25.1;25.14498364231189;1834;46115.9;04/09/2024;24.97
04/09/2024;24.75;24.97;25.09;24.75;24.89661810847154;4462;111088.71;03/09/2024;24.75
03/09/2024;25.1;24.75;25.15;24.56;24.898665098709998;14031;349353.17;29/08/2024;24.6
02/09/2024;;;;;24.8112676056338;71;1761.6;29/08/2024;24.6
29/08/2024;24.2;24.6;24.6;24.2;24.40426146866073;5951;145229.76;28/08/2024;24
28/08/2024;24;24;24;24;23.905912408759125;548;13100.44;27/08/2024;23.65
27/08/2024;23.65;23.65;23.65;23.65;23.648512446873102;1647;38949.1;26/08/2024;23.98
26/08/2024;23.55;23.98;23.99;23.4;23.535074061315882;2903;68322.32;23/08/2024;24
23/08/2024;23.95;24;24.02;23.95;24.001054434716405;13135;315253.85;22/08/2024;23.85
22/08/2024;23.8;23.85;23.85;23.8;23.83813169984686;653;15566.3;21/08/2024;23.75
21/08/2024;23.7;23.75;24;23.7;23.748321053806652;8958;212737.46;20/08/2024;23.75
20/08/2024;23.9;23.75;23.9;23.69;23.801917245735943;3166;75356.87;19/08/2024;23.65
19/08/2024;23.51;23.65;23.8;23.51;23.752683540556543;13512;320946.26;16/08/2024;23.39
16/08/2024;23.01;23.39;23.6;23.01;23.496525423728812;3422;80405.11;15/08/2024;23.5
15/08/2024;23.5;23.5;23.5;23.45;23.46967181990778;3687;86532.68;14/08/2024;22.79
14/08/2024;22.8;22.79;22.8;22.79;22.792549618320614;655;14929.12;13/08/2024;22.52
13/08/2024;22.52;22.52;22.52;22.52;22.559447513812156;181;4083.26;09/08/2024;23.12
12/08/2024;;;;;22.540869565217395;23;518.44;09/08/2024;23.12
09/08/2024;22.85;23.12;23.12;22.85;22.930926204819276;1328;30452.27;08/08/2024;22.25
08/08/2024;22.25;22.25;22.25;22.25;22.258515283842794;916;20388.8;07/08/2024;22
07/08/2024;22.2;22;22.39;22;22.151742876076874;1509;33426.98;05/08/2024;21.72
05/08/2024;21.83;21.72;21.83;21.69;21.763840607210625;2635;57347.72;02/08/2024;22.2
02/08/2024;22.2;22.2;22.2;21.72;21.934896570311974;44523;976607.4;01/08/2024;22.18
01/08/2024;22.51;22.18;22.51;22.07;22.160710550250112;8796;194925.61;31/07/2024;22.51
31/07/2024;22.51;22.51;22.51;22.51;22.626436285097196;463;10476.04;30/07/2024;22.45
30/07/2024;22.7;22.45;22.7;22.3;22.480184718723763;1191;26773.9;26/07/2024;23.3
26/07/2024;22.8;23.3;23.3;22.8;23.0428046989721;681;15692.15;25/07/2024;22.9
25/07/2024;23;22.9;23;22.9;22.951396825396824;315;7229.69;24/07/2024;22.6
24/07/2024;22.7;22.6;22.73;22.6;22.602405981410183;51426;1162351.33;22/07/2024;22.9
22/07/2024;22.75;22.9;22.9;22.75;22.859348044132396;997;22790.77;19/07/2024;23.12
19/07/2024;23;23.12;23.29;23;23.100981781376518;988;22823.77;18/07/2024;22.73
18/07/2024;22.9;22.73;22.9;22.73;22.78711507293355;1234;28119.3;17/07/2024;23
17/07/2024;23.3;23;23.3;23;23.184386401326698;1206;27960.37;16/07/2024;23.2
16/07/2024;24;23.2;24.35;23.2;23.97154750244858;4084;97899.8;15/07/2024;23.95
15/07/2024;23.9;23.95;23.99;23.72;23.916966456842285;11597;277365.06;12/07/2024;24
12/07/2024;23.7;24;24;23.03;23.78873090481786;5957;141709.47;11/07/2024;23.62
11/07/2024;24;23.62;24.2;23.55;23.76030482016665;9481;225271.45;10/07/2024;23.7
10/07/2024;23.49;23.7;23.7;23.31;23.545028714107364;4005;94297.84;09/07/2024;23.49
09/07/2024;23.2;23.49;23.49;23.2;23.283274735328714;15302;356280.67;08/07/2024;23
08/07/2024;22.51;23;23;22.35;22.540929394812682;1388;31286.81;05/07/2024;23.3
05/07/2024;22.7;23.3;23.3;22.36;22.475300592718035;7086;159259.98;04/07/2024;22.7
04/07/2024;22.6;22.7;22.7;22.6;22.653761061946902;226;5119.75;03/07/2024;22.48
03/07/2024;22.48;22.48;22.48;22.48;22.47453488372093;172;3865.62;02/07/2024;22.4
02/07/2024;22.48;22.4;22.48;22.39;22.462116104868915;2136;47979.08;01/07/2024;22.25
01/07/2024;23.5;22.25;23.5;22.25;22.25567025895488;51592;1148214.54;28/06/2024;22.45
28/06/2024;22.43;22.45;22.58;22.43;22.519828571428572;1050;23645.82;27/06/2024;22.32
27/06/2024;21.95;22.32;22.32;21.85;21.881470958536177;47656;1042783.38;26/06/2024;22
26/06/2024;22.11;22;22.11;21.91;22.006363198922145;10391;228668.12;25/06/2024;22.05
25/06/2024;22.05;22.05;22.2;22.05;22.05015608581002;201748;4448574.89;24/06/2024;22.49
24/06/2024;23.5;22.49;23.5;22.49;22.746192893401016;591;13443;21/06/2024;22.2
21/06/2024;22.1;22.2;22.6;22;22.08873710276517;2423;53521.01;20/06/2024;22.28
20/06/2024;22.4;22.28;22.5;22.15;22.33499446535311;4517;100887.17;18/06/2024;22.55
19/06/2024;;;;;;;;18/06/2024;22.55
18/06/2024;22.69;22.55;22.99;22.5;22.63653213751868;2007;45431.52;17/06/2024;22.54
17/06/2024;22.61;22.54;22.61;22.3;22.52853435114504;1310;29512.38;14/06/2024;22.25
14/06/2024;22;22.25;22.25;22;22.051864484095656;56997;1256890.12;13/06/2024;22.35
13/06/2024;22.14;22.35;22.36;22.14;22.277582205029013;2585;57587.55;12/06/2024;22.34
12/06/2024;22.5;22.34;22.5;22.34;22.382549715909093;1408;31514.63;11/06/2024;22.25
11/06/2024;22.17;22.25;22.25;22.17;22.230805288461536;832;18496.03;10/06/2024;22.41
10/06/2024;22.62;22.41;22.62;22.41;22.473441905687896;2057;46227.87;06/06/2024;22.72
06/06/2024;23;22.72;23;22.7;22.82403379091869;8523;194529.24;05/06/2024;23.03
05/06/2024;22.51;23.03;23.03;22.51;22.74511033001367;51210;1164777.1;04/06/2024;22.95
04/06/2024;23;22.95;23;22.95;22.951810522374085;10682;245171.24;03/06/2024;23
03/06/2024;23.62;23;23.75;23;23.723999915085127;23553;558771.37;31/05/2024;24
31/05/2024;22.85;24;24;22.85;23.405013313046787;2629;61531.78;30/05/2024;23
30/05/2024;22.74;23;23;22.74;22.86078947368421;304;6949.68;29/05/2024;22.4
29/05/2024;22.06;22.4;22.4;22.06;22.38740810556079;2122;47506.08;28/05/2024;22.4
28/05/2024;22.65;22.4;22.7;22.4;22.642219726363077;9794;221757.9;27/05/2024;22.9
27/05/2024;22.9;22.9;22.9;22.9;22.9;395;9045.5;24/05/2024;22.3
24/05/2024;22.49;22.3;22.7;22.3;22.694406578203854;102642;2329399.28;23/05/2024;22.3
23/05/2024;22.25;22.3;22.3;21.98;22.095967645296582;3338;73756.34;22/05/2024;22.64
22/05/2024;23;22.64;23;22.64;22.84453079178886;2046;46739.91;21/05/2024;23.15
21/05/2024;23.2;23.15;23.2;23.15;23.188044692737428;537;12451.98;20/05/2024;23.4
20/05/2024;23;23.4;23.4;23;23.245145089285717;896;20827.65;17/05/2024;23.25
17/05/2024;23;23.25;23.28;23;23.154187306501548;1292;29915.21;16/05/2024;23.79
16/05/2024;23.61;23.79;23.8;23.61;23.74885408079143;4852;115229.44;15/05/2024;23.3
15/05/2024;22.1;23.3;23.55;22.1;22.911762851444383;15543;356117.53;14/05/2024;21.7
14/05/2024;22.7;21.7;22.7;21.51;21.971689541851923;10346;227319.1;13/05/2024;23.08
13/05/2024;23.25;23.08;23.25;22.8;23.061456923770862;2217;51127.25;10/05/2024;23.18
10/05/2024;23;23.18;23.2;23;23.128168836623267;2381;55068.17;09/05/2024;22.96
09/05/2024;23;22.96;23.18;22.96;23.04065117952408;19457;448301.95;08/05/2024;22.98
08/05/2024;22.15;22.98;22.98;22.15;22.71129557291667;1536;34884.55;07/05/2024;22.2
07/05/2024;22.15;22.2;22.28;22.1;22.15921069382559;1571;34812.12;06/05/2024;22.1
06/05/2024;22.1;22.1;22.1;22.09;22.097511467889905;872;19269.03;03/05/2024;21.69
03/05/2024;21.66;21.69;21.8;21.61;21.67874630177515;2704;58619.33;02/05/2024;21.66
02/05/2024;21.5;21.66;21.75;21.5;21.672651473040577;1799;38989.1;30/04/2024;21.33
30/04/2024;22;21.33;22;21.33;21.80907387190684;10992;239725.34;29/04/2024;21.9
29/04/2024;21.7;21.9;22.6;21.66;21.95886324491905;2903;63746.58;26/04/2024;21.59
26/04/2024;21.8;21.59;21.8;21.5;21.62756790744467;3976;85991.21;25/04/2024;21.8
25/04/2024;21.85;21.8;21.9;21.8;21.861441879303364;2469;53975.9;24/04/2024;22
24/04/2024;22.04;22;22.1;21.84;21.951446991404012;2094;45966.33;23/04/2024;21.99
23/04/2024;22;21.99;22.06;21.99;22.010581375407305;5831;128343.7;22/04/2024;21.85
22/04/2024;21.5;21.85;21.85;21.5;21.557035885167465;16720;360433.64;19/04/2024;21.39
19/04/2024;21.61;21.39;21.65;21.39;21.528886475814414;5065;109043.81;18/04/2024;21.58
18/04/2024;21.6;21.58;21.6;21.45;21.510654265554844;1559;33535.11;17/04/2024;21.63
17/04/2024;21;21.63;21.63;20.77;20.946886108512626;8552;179137.77;16/04/2024;21.45
16/04/2024;22.2;22.45;22.7;22.2;22.523260359116023;14480;326136.81;15/04/2024;22.5
15/04/2024;22.73;22.5;22.73;22.48;22.596033536356117;13299;300504.65;12/04/2024;22.99
12/04/2024;23.3;22.99;23.49;22.9;23.120066099376995;13162;304306.31;11/04/2024;23.68
11/04/2024;24.17;23.68;26.1;23.67;23.892262166405022;6370;152193.71;10/04/2024;23.65
10/04/2024;23.14;23.65;23.65;23;23.17651937984496;5160;119590.84;09/04/2024;23.16
09/04/2024;23.16;23.16;23.16;22.99;23.024933043792977;5526;127235.78;08/04/2024;23.15
08/04/2024;23.28;23.15;23.3;23.15;23.23473655768711;3701;85991.76;05/04/2024;23.22
05/04/2024;23.6;23.22;23.6;23.2;23.34238655906866;7559;176445.1;04/04/2024;23.55
04/04/2024;23.93;23.55;23.96;23.5;23.75039668591514;3983;94597.83;03/04/2024;23.9
03/04/2024;23.95;23.9;24.05;23.82;23.959182127659577;11750;281520.39;02/04/2024;23.98
02/04/2024;24;23.98;24;23.81;23.911031226199544;26260;627903.68;01/04/2024;23.94
01/04/2024;24.1;23.94;24.1;23.94;23.993112033195022;18798;451022.52;27/03/2024;24.23
27/03/2024;25.5;24.23;25.5;23.95;24.754702427564606;7662;189670.53;26/03/2024;25.55
26/03/2024;26.5;25.55;26.5;25.55;25.81328513046212;3181;82112.06;25/03/2024;26.6
25/03/2024;26.75;26.6;26.75;26.6;26.714934333958723;533;14239.06;22/03/2024;26.81
22/03/2024;26.85;26.81;27;26.81;26.88646722483153;4897;131663.03;21/03/2024;27
21/03/2024;26.89;27;27;26.89;26.962942008486564;2121;57188.4;20/03/2024;27
20/03/2024;26.65;27;27;26.65;26.762100122100122;1638;43836.32;19/03/2024;26.53
19/03/2024;26.7;26.53;26.71;26.51;26.594312634601582;5572;148183.51;18/03/2024;26.8
18/03/2024;26.8;26.8;26.8;26.7;26.780404217926186;1707;45714.15;15/03/2024;26.9
15/03/2024;26.81;26.9;26.95;26.81;26.913510771152048;6406;172407.95;14/03/2024;26.9
14/03/2024;27;26.9;27.3;26.81;26.936926079531595;4099;110414.46;13/03/2024;27.25
13/03/2024;27.5;27.25;27.5;27;27.370346483704974;2915;79784.56;12/03/2024;27.77
12/03/2024;28.1;27.77;28.1;27.77;27.985684515195366;3455;96690.54;11/03/2024;28.01
11/03/2024;28.3;28.01;28.3;28.01;28.16355191256831;915;25769.65;08/03/2024;28.28
08/03/2024;28.15;28.28;28.28;28.15;28.23759538598048;2254;63647.54;07/03/2024;28.55
07/03/2024;28.3;28.55;28.8;28.3;28.54238875154512;3236;92363.17;06/03/2024;28.38
06/03/2024;28.15;28.38;28.38;28.15;28.27298018949182;1161;32824.93;05/03/2024;28.32
05/03/2024;27.45;28.32;28.5;27.45;27.972158838943763;4961;138769.88;04/03/2024;28
04/03/2024;28.5;28;28.65;28;28.1949140580535;26355;743076.96;01/03/2024;28.31
01/03/2024;27.41;28.31;28.31;27.41;28.03928761904762;2625;73603.13;29/02/2024;27.5
29/02/2024;28.85;27.5;29.14;27.5;28.471613596837944;31625;900414.78;28/02/2024;28.9
28/02/2024;29.7;28.9;29.75;28.9;29.50339073788457;246380;7269045.41;27/02/2024;29.95
27/02/2024;30.28;29.95;30.28;29.6;30.13774619333132;23183;698683.37;26/02/2024;30.3
26/02/2024;29.79;30.3;30.5;29.79;30.427254757202707;325086;9891474.54;23/02/2024;29.7
23/02/2024;29.11;29.7;29.7;29.11;29.504443938457534;30743;907055.12;22/02/2024;29.31
22/02/2024;29.27;29.31;29.35;29;29.128244546819722;39289;1144419.6;21/02/2024;29.27
21/02/2024;28.5;29.27;29.5;28.5;29.13031372306678;48546;1414160.21;20/02/2024;28.6
20/02/2024;28;28.6;28.8;28;28.366117276339224;14598;414088.58;19/02/2024;28
19/02/2024;27.8;28;28.05;27.8;27.98194601310142;8854;247752.15;16/02/2024;27.7
16/02/2024;27;27.7;27.84;27;27.36513347107438;24200;662236.23;15/02/2024;27
15/02/2024;25.85;27;27.11;25.5;26.56083767984996;73047;1940189.51;14/02/2024;25.65
14/02/2024;25;25.65;25.65;24;25.3510392993318;52978;1343047.36;13/02/2024;24.8
13/02/2024;23.7;24.8;24.8;23.7;24.398541071994927;12612;307714.4;12/02/2024;23.6
12/02/2024;23.58;23.6;23.6;23.58;23.597989002356638;1273;30040.24;09/02/2024;23.64
09/02/2024;23.66;23.64;23.66;23.21;23.554947589098532;954;22471.42;08/02/2024;23.8
08/02/2024;23.7;23.8;24;23.7;23.895181486095566;47359;1131651.9;07/02/2024;23.75
07/02/2024;23.7;23.75;23.8;23.7;23.786739400566628;20119;478565.41;06/02/2024;23.75
06/02/2024;23.65;23.75;23.9;23.65;23.810813088745665;2017;48026.41;05/02/2024;23.65
05/02/2024;23.6;23.65;23.65;23.6;23.605195958358852;6532;154189.14;02/02/2024;23.75
02/02/2024;23.9;23.75;23.9;23.61;23.687903038738114;4311;102118.55;01/02/2024;23.7
01/02/2024;23.05;23.7;23.75;23.05;23.5463922166055;14441;340033.45;31/01/2024;23.5
31/01/2024;23.4;23.5;23.5;23.29;23.402819005633116;4083;95553.71;30/01/2024;23.29
30/01/2024;23.25;23.29;23.4;23.25;23.29576446662969;64908;1512081.48;29/01/2024;23
29/01/2024;23;23;23;22.91;22.98854703773263;5857;134643.92;26/01/2024;22.81
26/01/2024;22.6;22.81;22.9;22.6;22.807299578059073;1896;43242.64;25/01/2024;22.7
25/01/2024;22.75;22.7;22.75;22.7;22.74608875808388;103292;2349489;24/01/2024;22.65
24/01/2024;22.7;22.65;22.7;22.55;22.649120177267985;7672;173764.05;23/01/2024;22.6
23/01/2024;22.6;22.6;22.8;22.5;22.7160704;3125;70987.72;22/01/2024;22.6
22/01/2024;22.85;22.6;22.85;22.51;22.711072059689773;5093;115667.49;19/01/2024;22.9
19/01/2024;22.85;22.9;22.9;22.79;22.861939577039276;1655;37836.51;18/01/2024;22.76
18/01/2024;22.66;22.76;22.76;22.66;22.67380497131931;1569;35575.2;17/01/2024;22.6
17/01/2024;22.62;22.6;22.7;22.55;22.644607558139533;1376;31158.98;16/01/2024;22.7
16/01/2024;22.44;22.7;22.84;22.42;22.6552536112935;12184;276031.61;15/01/2024;22.55
15/01/2024;22.55;22.55;22.57;22.55;22.55741631799163;2868;64694.67;12/01/2024;22.55
12/01/2024;22.39;22.55;22.62;22.39;22.562126294297798;6857;154708.5;11/01/2024;22.45
11/01/2024;22.4;22.45;22.45;22.2;22.30116979794399;5642;125823.2;10/01/2024;22.48
10/01/2024;22.11;22.48;22.55;22.11;22.448155233941314;20176;452913.98;09/01/2024;22.02
09/01/2024;21.95;22.02;22.19;21.93;22.02441898527005;14664;322966.08;08/01/2024;22
08/01/2024;22.29;22;22.29;22;22.041002227171493;2694;59378.46;05/01/2024;22.3
05/01/2024;21.75;22.3;22.3;21.75;22.02910888888889;4500;99130.99;04/01/2024;22
04/01/2024;21.65;22;22;21.65;21.762050599201064;751;16343.3;03/01/2024;21.7
03/01/2024;21.82;21.7;21.82;21.6;21.679656121045394;1454;31522.22;29/12/2023;22
02/01/2024;;;;;21.904189944134078;179;3920.85;29/12/2023;22
29/12/2023;21;22;22;21;21.57512318207105;25166;542959.55;28/12/2023;21.25
28/12/2023;21.25;21.25;21.25;21.25;21.20243243243243;185;3922.45;27/12/2023;21.2
27/12/2023;21.3;21.2;21.3;21.2;21.280655391120508;1419;30197.25;26/12/2023;21.3
26/12/2023;21.2;21.3;21.3;21.2;21.225555106984253;2477;52575.7;22/12/2023;21.2
22/12/2023;21.3;21.2;21.6;21.2;21.43813281715307;3358;71989.25;21/12/2023;21.5
21/12/2023;21.56;21.5;21.57;21;21.355386416861826;6832;145900;20/12/2023;21.32
20/12/2023;21.5;21.32;21.5;21;21.34450543953983;7997;170692.01;19/12/2023;20.91
19/12/2023;20.21;20.91;21.19;20.21;20.85577588235294;17000;354548.19;18/12/2023;20
18/12/2023;19.99;20;20.39;19.9;20.073155035520266;7179;144105.18;15/12/2023;19.99
15/12/2023;19.65;19.99;20;19.65;19.967227283116205;30627;611536.27;14/12/2023;19.5
14/12/2023;19.21;19.5;19.84;19.2;19.554198725513334;8474;165702.28;13/12/2023;18.67
13/12/2023;18.75;18.67;18.75;18.67;18.711490384615384;1456;27243.93;12/12/2023;18.76
12/12/2023;18.9;18.76;18.9;18.71;18.79237813211845;4390;82498.54;11/12/2023;18.9
11/12/2023;19;18.9;19;18.9;18.977027432490356;4666;88546.81;07/12/2023;18.99
07/12/2023;18.99;18.99;18.99;18.99;18.990170380078638;1526;28979;05/12/2023;19.4
06/12/2023;;;;;19.1142;250;4778.55;05/12/2023;19.4
05/12/2023;19.6;19.4;19.6;19.4;19.549787985865724;566;11065.18;04/12/2023;19.6
04/12/2023;19.4;19.6;19.6;19.4;19.549516483516484;910;17790.06;30/11/2023;19.15
01/12/2023;;;;;19.720000000000002;30;591.6;30/11/2023;19.15
30/11/2023;19.25;19.15;19.3;19.15;19.23478165938865;916;17619.06;29/11/2023;19.35
29/11/2023;19.14;19.35;19.4;19.14;19.279261044176707;2490;48005.36;28/11/2023;18.96
28/11/2023;18.95;18.96;19.1;18.94;19.063879781420766;3477;66285.11;27/11/2023;18.81
27/11/2023;18.75;18.81;18.9;18.75;18.817176891006554;1679;31594.04;24/11/2023;19
24/11/2023;19;19;19;18.9;18.9666956007102;5069;96142.18;23/11/2023;18.9
23/11/2023;19;18.9;19;18.9;18.949320473476547;2281;43223.4;22/11/2023;18.9
22/11/2023;18.99;18.9;18.99;18.85;18.952322539137892;4663;88374.68;21/11/2023;19.11
21/11/2023;19.25;19.11;19.25;19.11;19.146904647819834;2087;39959.59;20/11/2023;19.29
20/11/2023;19.49;19.29;19.5;19.29;19.49215256493229;81893;1596270.85;17/11/2023;19.14
17/11/2023;19.04;19.14;19.14;19.04;19.07328398384926;2972;56685.8;16/11/2023;18.65
16/11/2023;18.6;18.65;18.8;18.6;18.644806282722513;955;17805.79;15/11/2023;18.61
15/11/2023;18.75;18.61;18.75;18.61;18.67789819376026;3045;56874.2;14/11/2023;18.5
14/11/2023;18.4;18.5;18.7;18.4;18.558694736842106;1425;26446.14;13/11/2023;18.15
13/11/2023;18.51;18.15;18.51;18.15;18.38858624849216;4145;76220.69;10/11/2023;18.85
10/11/2023;18.7;18.85;18.85;18.65;18.708596134282807;983;18390.55;09/11/2023;18.7
09/11/2023;19.1;18.7;19.1;18.7;18.852271540469975;2681;50542.94;08/11/2023;19
08/11/2023;19;19;19;19;19.045244215938304;389;7408.6;07/11/2023;19.1
07/11/2023;18.9;19.1;19.1;18.9;18.966254225828262;1479;28051.09;06/11/2023;18.8
06/11/2023;18.9;18.8;18.95;18.8;18.889823529411764;1190;22478.89;03/11/2023;18.7
03/11/2023;18.9;18.7;18.9;18.52;18.768190885376708;6517;122312.3;02/11/2023;18.9
02/11/2023;18.85;18.9;18.95;18.65;18.921928413861806;14053;265909.86;31/10/2023;18.84
31/10/2023;18.94;18.84;18.94;18.8;18.886480249693;19544;369117.37;30/10/2023;18.9
30/10/2023;18.9;18.9;18.95;18.9;18.90144523868211;12171;230049.49;27/10/2023;18.95
27/10/2023;19.03;18.95;19.04;18.95;19.00001126494422;27519;522861.31;26/10/2023;19.07
26/10/2023;19.12;19.07;19.15;19;19.061130952380953;5880;112079.45;25/10/2023;19.1
25/10/2023;19.4;19.1;19.65;19;19.08284876905041;5971;113943.69;24/10/2023;19.4
24/10/2023;19.5;19.4;19.57;19.4;19.496385113945223;4783;93251.21;23/10/2023;19.69
23/10/2023;20;19.69;20;19.69;19.90538181818182;4675;93057.66;20/10/2023;19.85
20/10/2023;20.02;19.85;20.02;19.85;19.949374164810692;4490;89572.69;19/10/2023;20.16
19/10/2023;20.33;20.16;20.4;20.16;20.260190681389712;18565;376130.44;18/10/2023;20.45
18/10/2023;20.5;20.45;20.5;20.45;20.49159645232816;2255;46208.55;17/10/2023;20.5
17/10/2023;20.76;20.5;20.76;20.5;20.627311906501095;1369;28238.79;16/10/2023;20.6
16/10/2023;20.63;20.6;20.64;20.6;20.615627118644067;590;12163.22;13/10/2023;20.63
13/10/2023;21;20.63;21;20.63;20.783925233644858;2782;57820.88;12/10/2023;20.94
12/10/2023;21;20.94;21.5;20.9;20.952874109263657;4631;97032.76;11/10/2023;21
11/10/2023;21.01;21;21.05;21;21.020773381294966;2780;58437.75;10/10/2023;21.2
10/10/2023;21.15;21.2;21.2;20.51;21.008305263157894;3800;79831.56;09/10/2023;21
09/10/2023;21;21;21.1;20.8;21.00729221670715;9469;198918.05;06/10/2023;21.1
06/10/2023;20.76;21.1;21.1;20.76;20.854785674522176;5389;112386.44;05/10/2023;20.89
05/10/2023;21.14;20.89;21.14;20.84;20.960690277464472;8866;185837.48;04/10/2023;21.5
04/10/2023;21.95;21.5;21.99;21.5;21.756562140391253;3476;75625.81;03/10/2023;22
03/10/2023;22;22;22;21.93;22.000512280701756;5700;125402.92;02/10/2023;21.8
02/10/2023;22.5;21.8;22.5;21.8;21.979812171299777;5324;117020.52;29/09/2023;22.6
29/09/2023;22.7;22.6;22.7;22.6;22.647941888619854;826;18707.2;28/09/2023;22.8
28/09/2023;23;22.8;23;22.8;22.8644776119403;1340;30638.4;27/09/2023;23.06
27/09/2023;23.2;23.06;23.2;23.06;23.08407914764079;657;15166.24;26/09/2023;23.35
26/09/2023;23.3;23.35;23.35;23.3;23.35224;625;14595.15;25/09/2023;23.7
25/09/2023;23.99;23.7;23.99;23.7;23.845165945165945;693;16524.7;22/09/2023;23.65
22/09/2023;23.65;23.65;23.65;23.65;23.612903225806452;310;7320;21/09/2023;23.35
21/09/2023;23.35;23.35;23.35;23.35;23.350469083155648;9380;219027.4;20/09/2023;23.9
20/09/2023;23.65;23.9;23.9;23.65;23.80602582496413;697;16592.8;19/09/2023;23.8
19/09/2023;23.8;23.8;23.8;23.8;23.934640522875817;153;3662;18/09/2023;23.5
18/09/2023;23.5;23.5;23.5;23.5;23.514414414414414;111;2610.1;15/09/2023;24.14
15/09/2023;24;24.14;24.14;23.82;24.05247578692494;3304;79469.38;14/09/2023;23.9
14/09/2023;23.53;23.9;23.9;23.53;23.770487993803254;1291;30687.7;13/09/2023;23.47
13/09/2023;23.47;23.47;23.47;23.47;23.468414096916298;227;5327.33;12/09/2023;22.76
12/09/2023;22.31;22.76;22.76;22.31;22.498527548473795;5209;117194.83;11/09/2023;22.7
11/09/2023;22.7;22.7;23.75;22.7;22.76507760532151;2706;61602.3;08/09/2023;22.75
08/09/2023;22.7;22.75;22.8;22.7;22.70883668903803;4470;101508.5;07/09/2023;22.79
07/09/2023;23;22.79;23;22.79;22.887586726998492;6630;151744.7;06/09/2023;23
06/09/2023;22.9;23;23;22.9;22.98287868852459;1525;35048.89;05/09/2023;23.05
05/09/2023;23.3;23.05;23.3;23.05;23.284517249937952;12087;281439.96;01/09/2023;23.22
04/09/2023;;;;;23.49;2;46.98;01/09/2023;23.22
01/09/2023;23.22;23.22;23.22;23.22;23.22;186;4318.92;31/08/2023;22.99
31/08/2023;22.99;22.99;23;22.99;22.99253990994679;4886;112341.55;29/08/2023;23.49
29/08/2023;23.45;23.49;23.5;23.4;23.422962882215074;36694;859482.2;28/08/2023;23.5
28/08/2023;23.6;23.5;23.6;23.5;23.510633946830268;489;11496.7;25/08/2023;23.7
25/08/2023;23.7;23.7;23.7;23.7;23.7;2000;47400;24/08/2023;23.8
24/08/2023;23.55;23.8;24;23.55;23.84179104477612;670;15974;23/08/2023;23.4
23/08/2023;23.5;23.4;23.5;23.4;23.454492753623185;276;6473.44;22/08/2023;23.6
22/08/2023;23.5;23.6;23.6;23.5;23.54423791821561;269;6333.4;18/08/2023;23.35
21/08/2023;;;;;23.708333333333332;54;1280.25;18/08/2023;23.35
18/08/2023;23.35;23.35;23.35;23.35;23.352522164475698;3271;76386.1;16/08/2023;23.2
17/08/2023;;;;;23.377142857142857;21;490.92;16/08/2023;23.2
16/08/2023;23.4;23.2;23.4;23.2;23.21655364091162;3598;83533.16;15/08/2023;23.49
15/08/2023;23.47;23.49;23.49;23.47;23.48822463768116;552;12965.5;14/08/2023;23.15
14/08/2023;23;23.15;23.15;23;23.082012779552716;1252;28898.68;11/08/2023;23.6
11/08/2023;24;23.6;24;23.6;23.72245931397096;15976;378990.01;10/08/2023;24.35
10/08/2023;24.7;24.35;24.7;24.35;24.52264287667487;7314;179358.61;09/08/2023;25
09/08/2023;25;25;25;24.93;25.00178272604588;7410;185263.21;08/08/2023;25.2
08/08/2023;24.95;25.2;25.2;24.95;25.102559824190134;12286;308410.05;07/08/2023;24.95
07/08/2023;24.69;24.95;24.99;24.5;24.90176346108629;4253;105907.2;04/08/2023;24.65
04/08/2023;24.65;24.65;24.65;24.65;24.66639097744361;532;13122.52;03/08/2023;24.9
03/08/2023;24.75;24.9;24.9;24.75;24.781417322834645;508;12588.96;02/08/2023;24.5
02/08/2023;24.5;24.5;24.5;24.5;24.532056074766352;107;2624.93;01/08/2023;25
01/08/2023;25;25;25;25;24.99974079126876;733;18324.81;31/07/2023;24.5
31/07/2023;24.5;24.5;24.5;24.5;24.523333333333333;639;15670.41;27/07/2023;24.85
27/07/2023;24.52;24.85;24.85;24.52;24.64814749262537;1695;41778.61;26/07/2023;25
26/07/2023;25.1;25;25.1;25;25.07193984962406;665;16672.84;25/07/2023;25
25/07/2023;25.16;25;25.2;25;25.152111017661902;2378;59811.72;24/07/2023;25.11
24/07/2023;25.15;25.11;25.33;25.11;25.225083056478404;4816;121484;21/07/2023;25.08
21/07/2023;24.8;25.08;25.1;24.8;25.02235948116121;1619;40511.2;20/07/2023;24.99
20/07/2023;25;24.99;25;24.72;24.942194630872486;2980;74327.74;19/07/2023;24.91
19/07/2023;25;24.91;25;24.91;24.999432297660146;2607;65173.52;18/07/2023;25.15
18/07/2023;25;25.15;25.3;25;25.10719577907499;8908;223654.9;17/07/2023;24.9
17/07/2023;24.8;24.9;24.95;24.8;24.901076363636367;1375;34238.98;14/07/2023;24.56
14/07/2023;24.56;24.56;24.56;24.56;24.581981981981983;111;2728.6;13/07/2023;24.61
13/07/2023;24.6;24.61;24.61;24.35;24.42059377027904;6164;150528.54;12/07/2023;24.61
12/07/2023;24.5;24.61;24.8;24.5;24.709613696224757;6834;168865.5;11/07/2023;24.34
11/07/2023;24.3;24.34;24.34;24.3;24.307541954590327;1013;24623.54;10/07/2023;24.24
10/07/2023;24.2;24.24;24.24;24.2;24.221408934707906;1164;28193.72;07/07/2023;24.19
07/07/2023;24.19;24.19;24.19;24.19;24.20343839541547;349;8447;06/07/2023;24.18
06/07/2023;24.18;24.18;24.18;24.18;24.182302325581393;860;20796.78;05/07/2023;24.4
05/07/2023;24.7;24.4;24.7;24.4;24.59594155844156;616;15151.1;04/07/2023;24.05
04/07/2023;24.8;24.05;25;24.05;24.636363636363637;242;5962;03/07/2023;24.8
03/07/2023;24.65;24.8;24.8;24.65;24.693681852128453;1339;33064.84;30/06/2023;24.7
30/06/2023;24.87;24.7;25.05;24.31;24.962358744878156;18548;463001.83;28/06/2023;24.15
28/06/2023;24.1;24.15;24.15;24.1;24.133211678832115;548;13225;27/06/2023;24.08
27/06/2023;24;24.08;24.1;24;24.06481225593271;3329;80111.76;26/06/2023;24
26/06/2023;24;24;24;23.95;23.991843317972346;868;20824.92;23/06/2023;23.81
23/06/2023;23.8;23.81;23.81;23.63;23.775347368421055;475;11293.29;22/06/2023;23.85
22/06/2023;23.9;23.85;23.9;23.71;23.779797822706065;643;15290.41;21/06/2023;24.2
21/06/2023;24.2;24.2;24.2;24.2;24.198995433789953;219;5299.58;20/06/2023;24
20/06/2023;24.11;24;24.27;24;24.10729663608563;3270;78830.86;19/06/2023;23.85
19/06/2023;24.5;23.85;24.5;23.85;24.02764172335601;441;10596.19;16/06/2023;24.5
16/06/2023;23.6;24.5;24.5;23.6;24.220679678421515;42167;1021313.4;15/06/2023;23.5
15/06/2023;23.5;23.5;23.53;23.37;23.47369190600522;17235;404569.08;14/06/2023;23.46
14/06/2023;23.77;23.46;23.77;23.35;23.506129264369765;23626;555355.81;13/06/2023;23.41
13/06/2023;23.64;23.41;23.64;23.41;23.500851769911506;904;21244.77;12/06/2023;23.55
12/06/2023;23.44;23.55;23.55;23.44;23.47430346051464;2254;52911.08;09/06/2023;23.45
09/06/2023;23.3;23.45;23.55;23.3;23.381192468619243;3824;89409.68;08/06/2023;23.3
08/06/2023;23.25;23.3;23.42;23.2;23.29393373493976;8300;193339.65;07/06/2023;23.25
07/06/2023;22.75;23.25;23.25;22.75;22.904926470588236;4352;99682.24;06/06/2023;22.84
06/06/2023;22.87;22.84;23;22.75;22.847076111529766;3981;90954.21;05/06/2023;22.83
05/06/2023;22.45;22.83;22.83;22.45;22.711485849056604;848;19259.34;02/06/2023;22.35
02/06/2023;22.2;22.35;22.4;22.2;22.362130991931657;2107;47117.01;01/06/2023;22
01/06/2023;22.43;22;22.45;22;22.049818996415773;5580;123037.99;31/05/2023;21.31
31/05/2023;21;21.31;21.31;21;21.190538243626065;1765;37401.3;30/05/2023;21.3
30/05/2023;21.6;21.3;21.6;21.3;21.5059186189889;1622;34882.6;29/05/2023;22.2
29/05/2023;22.2;22.2;22.2;22.2;22.144922118380062;321;7108.52;26/05/2023;21.97
26/05/2023;21.97;21.97;21.97;21.97;21.985999999999997;145;3187.97;25/05/2023;21.75
25/05/2023;21.6;21.75;21.75;21.6;21.698150357995225;838;18183.05;24/05/2023;21.27
24/05/2023;21.98;21.27;21.98;21.27;21.430680722704235;32157;689146.4;23/05/2023;22.15
23/05/2023;22.15;22.15;22.15;22.15;22.148783269961978;263;5825.13;22/05/2023;22.01
22/05/2023;22.01;22.01;22.01;22.01;22.01;178;3917.78;19/05/2023;21.98
19/05/2023;22.12;21.98;22.24;21.98;22.04511412504135;3023;66642.38;18/05/2023;21.89
18/05/2023;21.99;21.89;22;21.89;21.908867014865407;2489;54531.17;17/05/2023;22.3
17/05/2023;22.35;22.3;22.4;22.3;22.356737338044756;849;18980.87;16/05/2023;22.05
16/05/2023;22.5;22.05;22.5;22;22.285392574558735;1643;36614.9;15/05/2023;22.8
15/05/2023;22.9;22.8;22.9;22.79;22.876608594657373;861;19696.76;12/05/2023;22.95
12/05/2023;23.35;22.95;23.35;22.95;23.314670727065092;2627;61247.64;11/05/2023;23.34
11/05/2023;22.47;23.34;23.5;22.47;23.155687430139213;29523;683625.36;10/05/2023;23.11
10/05/2023;22.9;23.11;23.11;22.9;22.994493752692804;2321;53370.22;09/05/2023;23.2
09/05/2023;23.03;23.2;23.2;23;23.04464569215876;10330;238051.19;08/05/2023;22.8
08/05/2023;22.45;22.8;22.83;22.45;22.733866011063306;3254;73976;05/05/2023;22.4
05/05/2023;22.15;22.4;22.4;22.15;22.208255748738083;1783;39597.32;04/05/2023;21.5
04/05/2023;21.5;21.5;21.58;21.49;21.509719101123597;25454;547508.39;03/05/2023;21.8
03/05/2023;22;21.8;22.1;21.8;21.9590599410416;9159;201123.03;02/05/2023;21.61
02/05/2023;22.14;21.61;22.14;21.43;21.684633936261843;4644;100703.44;28/04/2023;22.2
28/04/2023;22;22.2;22.2;22;22.237430555555555;576;12808.76;27/04/2023;22.05
27/04/2023;22.1;22.05;22.46;22;22.078748383760022;3867;85378.52;26/04/2023;21.72
26/04/2023;23.14;22.9;23.14;22.43;22.80987910501624;11084;252824.7;25/04/2023;23.3
25/04/2023;23.41;23.3;23.41;22.87;23.152340562593945;4657;107820.45;24/04/2023;23.75
24/04/2023;23.95;23.75;23.95;23.71;23.75818579669783;5027;119432.4;21/04/2023;23.79
21/04/2023;23.85;23.79;23.85;23.65;23.779727571629873;2129;50627.04;20/04/2023;23.65
20/04/2023;23.7;23.65;23.7;23.65;23.681557093425607;289;6843.97;19/04/2023;23.81
19/04/2023;23.75;23.81;23.81;23.65;23.738861646234675;571;13554.89;18/04/2023;23.75
18/04/2023;23.79;23.75;23.9;23.75;23.7866352969934;8182;194622.25;17/04/2023;23.8
17/04/2023;23.8;23.8;23.8;23.8;23.81316489361702;752;17907.5;14/04/2023;23.74
14/04/2023;23.71;23.74;23.74;23.6;23.681181818181816;440;10419.72;13/04/2023;23.6
13/04/2023;23.48;23.6;23.6;23.4;23.548979138925876;2253;53055.85;12/04/2023;23.28
12/04/2023;23.2;23.28;23.3;23;23.23731477691363;2443;56768.76;11/04/2023;23.6
11/04/2023;23.5;23.6;23.8;23.5;23.536778621495326;3424;80589.93;10/04/2023;22.91
10/04/2023;22.92;22.91;23.05;22.9;22.949519688446557;2311;53036.34;05/04/2023;23
05/04/2023;23;23;23.15;23;23.059422985216976;2097;48355.61;04/04/2023;23.1
04/04/2023;23.1;23.1;23.1;23.1;23.115304347826086;1150;26582.6;03/04/2023;23.23
03/04/2023;22.96;23.23;23.26;22.86;23.107385379929465;6238;144143.87;31/03/2023;22.89
31/03/2023;23.5;22.89;23.5;22.86;23.3321649009673;6513;151962.39;30/03/2023;23.32
30/03/2023;23.6;23.32;23.89;23.15;23.397782095351964;6691;156554.56;29/03/2023;23.5
29/03/2023;23.3;23.5;23.6;23.3;23.513889270976616;2908;68378.39;28/03/2023;23.2
28/03/2023;23;23.2;23.2;23;23.094769101595297;1191;27505.87;27/03/2023;22.4
27/03/2023;22.4;22.4;22.4;22.4;22.49533333333333;135;3036.87;24/03/2023;22.4
24/03/2023;22.45;22.4;22.68;22.4;22.443837209302327;3268;73346.46;23/03/2023;22.7
23/03/2023;23;22.7;23;22.7;22.89468295904888;1514;34662.55;22/03/2023;22.95
22/03/2023;22.99;22.95;23.03;22.95;22.969530558015943;1129;25932.6;21/03/2023;22.76
21/03/2023;22.4;22.76;22.76;22.4;22.60692523889826;1779;40217.72;20/03/2023;22.2
20/03/2023;21.95;22.2;22.45;21.95;22.22311929952572;5482;121827.14;17/03/2023;21.93
17/03/2023;21.9;21.93;22;21.8;21.946293821839078;13920;305492.41;16/03/2023;21.97
16/03/2023;21.37;21.97;22.1;21.37;21.83242535787321;2445;53380.28;15/03/2023;22.2
15/03/2023;22;22.2;22.2;21.8;21.93968288882779;10911;239383.88;14/03/2023;22.16
14/03/2023;22.8;22.16;23;22.16;22.749619007745444;4777;108674.93;13/03/2023;22.17
13/03/2023;21.75;22.17;22.7;21.75;22.087651072124753;3078;67985.79;10/03/2023;22.39
10/03/2023;22.5;22.39;23;22.34;22.584451300132216;6807;153732.36;09/03/2023;23.05
09/03/2023;23.55;23.05;23.55;23;23.149409090909092;2640;61114.44;07/03/2023;24.03
08/03/2023;;;;;23.85;4;95.4;07/03/2023;24.03
07/03/2023;23.9;24.03;24.03;23.9;24.016917752442996;2456;58985.55;06/03/2023;24.1
06/03/2023;24.2;24.1;24.45;24.01;24.14618273542601;1784;43076.79;03/03/2023;23.9
03/03/2023;23.75;23.9;23.99;23.75;23.92900505050505;1980;47379.43;02/03/2023;23.8
02/03/2023;23.8;23.8;23.8;23.8;23.8;126;2998.8;01/03/2023;23.81
01/03/2023;23.8;23.81;24.05;23.75;23.82226377234586;5482;130593.65;28/02/2023;23.4
28/02/2023;23.19;23.4;23.42;23;23.21690956439394;21120;490341.13;27/02/2023;23.4
27/02/2023;23.13;23.4;23.48;23;23.236634160756502;3384;78632.77;24/02/2023;23.13
24/02/2023;23.13;23.13;23.13;23.13;23.137234432234433;546;12632.93;23/02/2023;23.3
23/02/2023;23.25;23.3;23.34;23.25;23.320963492660898;2657;61963.8;22/02/2023;23.29
22/02/2023;22.95;23.29;23.3;22.91;23.09770777876368;3381;78093.35;21/02/2023;23
21/02/2023;23.03;23;23.05;22.92;23.01815331010453;861;19818.63;17/02/2023;22.6
20/02/2023;;;;;25.75;2;51.5;17/02/2023;22.6
17/02/2023;22.6;22.6;22.6;22.55;22.595602678571428;896;20245.66;16/02/2023;22.4
16/02/2023;22.17;22.4;22.45;22.02;22.279931336451387;10049;223891.03;15/02/2023;22.19
15/02/2023;22.3;22.19;22.45;22.1;22.17782458888019;6385;141605.41;14/02/2023;22.35
14/02/2023;22.65;22.35;22.65;22.35;22.49441832787861;3361;75603.74;13/02/2023;22.6
13/02/2023;22.06;22.6;22.72;22.06;22.60191604322527;2406;54380.21;10/02/2023;22.35
10/02/2023;22.91;22.35;22.91;22;22.480031211498975;24350;547388.76;09/02/2023;23.16
09/02/2023;23.5;23.16;23.5;23.1;23.21909752547307;4809;111660.64;08/02/2023;23.2
08/02/2023;23.2;23.2;23.2;23.2;23.270216049382718;324;7539.55;07/02/2023;23.44
07/02/2023;22.8;23.44;23.5;22.8;23.249578175783142;14461;336212.15;06/02/2023;23.25
06/02/2023;23.25;23.25;23.29;22.5;23.017280643000667;4479;103094.4;03/02/2023;23.25
03/02/2023;23.5;23.25;23.5;23.25;23.371029870708874;2243;52421.22;02/02/2023;23.6
02/02/2023;23.85;23.6;23.85;23.6;23.675054613060656;4303;101873.76;01/02/2023;23.85
01/02/2023;24.1;23.85;24.1;23.85;23.906228373702422;578;13817.8;31/01/2023;24.14
31/01/2023;24;24.14;24.39;24;24.22064398983174;8261;200086.74;30/01/2023;23.55
30/01/2023;23.6;23.55;23.8;23.45;23.58570974313112;20127;474709.58;27/01/2023;23.9
27/01/2023;24;23.9;24.05;23.9;23.951766304347824;1104;26442.75;26/01/2023;23.89
26/01/2023;24;23.89;24.01;23.8;23.961072669368846;13816;331046.18;25/01/2023;24.1
25/01/2023;24.1;24.1;24.12;24.1;24.106744979158773;2639;63617.7;24/01/2023;24.3
24/01/2023;23.9;24.3;24.3;23.9;24.25992;1250;30324.9;23/01/2023;24.1
23/01/2023;24.65;24.1;24.65;23.95;24.240460755424593;3733;90489.64;19/01/2023;25
20/01/2023;;;;;25.34;2;50.68;19/01/2023;25
19/01/2023;25.46;25;25.46;25;25.078457688808005;2198;55122.45;18/01/2023;25.31
18/01/2023;25.7;25.31;25.7;25.02;25.29758640552995;5208;131749.83;17/01/2023;25.5
17/01/2023;25.7;25.5;25.7;25.5;25.63539603960396;808;20713.4;13/01/2023;25.8
16/01/2023;;;;;;;;13/01/2023;25.8
13/01/2023;25.49;25.8;25.8;25.49;25.65099128540305;1836;47095.22;12/01/2023;25.73
12/01/2023;25.4;25.73;25.75;25.4;25.49013609195402;10875;277205.23;11/01/2023;25.05
11/01/2023;25.8;25.05;25.88;25.02;25.740850646965182;24499;630625.1;10/01/2023;25.5
10/01/2023;25;25.5;25.5;25;25.148432946773713;6726;169148.36;09/01/2023;25.15
09/01/2023;25.1;25.15;25.8;25.1;25.370316245855648;7842;198954.02;06/01/2023;25.2
06/01/2023;24.35;25.2;25.2;24.35;24.99910312730036;42113;1052787.23;05/01/2023;24
05/01/2023;24;24;24.04;24;24.002617817947062;3098;74360.11;04/01/2023;23.92
04/01/2023;24;23.92;24;23.92;23.955571565802114;1041;24937.75;03/01/2023;23.65
03/01/2023;23.55;23.65;23.65;23.55;23.590096113664856;2393;56451.1;30/12/2022;23.9
02/01/2023;;;;;24.848181818181818;11;273.33;30/12/2022;23.9
30/12/2022;24;23.9;24;23.9;23.926108374384235;203;4857;29/12/2022;23.95
29/12/2022;23.95;23.95;23.95;23.95;23.95;1000;23950;28/12/2022;24
28/12/2022;23.65;24;24.05;23.65;23.77832210655236;1633;38830;27/12/2022;23.85
27/12/2022;23.48;23.85;23.85;23.48;23.591829443964276;3471;81887.24;23/12/2022;23.2
26/12/2022;;;;;;;;23/12/2022;23.2
23/12/2022;23;23.2;23.2;23;23.1664;1125;26062.2;22/12/2022;23
22/12/2022;23.2;23;23.2;22.69;22.962823890649762;10096;231832.67;21/12/2022;23.1
21/12/2022;23.5;23.1;23.5;22.9;23.32985268630849;5770;134613.25;20/12/2022;23.15
20/12/2022;23;23.15;23.15;23;23.041071932299015;1418;32672.24;19/12/2022;23
19/12/2022;23.14;23;23.57;23;23.28983107132544;6926;161305.37;16/12/2022;22.92
16/12/2022;22.84;22.92;23.17;22.84;23.06508163265306;980;22603.78;15/12/2022;22.85
15/12/2022;23.7;22.85;23.7;22.85;23.015668807595645;3581;82419.11;14/12/2022;23.1
14/12/2022;23.28;23.1;23.4;23;23.212129002103296;4279;99324.7;13/12/2022;23.4
13/12/2022;24;23.4;24;23.4;23.53291896869245;4344;102227;12/12/2022;23.5
12/12/2022;23.5;23.5;23.5;23;23.1659715407262;4076;94424.5;07/12/2022;24.15
07/12/2022;23.5;24.15;24.2;22.2;23.393735265700485;10350;242125.16;06/12/2022;23.35
06/12/2022;23.6;23.35;23.6;23.35;23.532808988764046;445;10472.1;05/12/2022;23.35
05/12/2022;24;23.35;24;23.35;23.58514357053683;801;18891.7;02/12/2022;24.55
02/12/2022;24.4;24.55;24.55;24.4;24.44472891566265;332;8115.65;01/12/2022;24.4
01/12/2022;24.5;24.4;24.8;24.39;24.400236934985763;299196;7300453.29;30/11/2022;24.39
30/11/2022;23.45;24.39;24.39;23.43;23.948305993855126;19203;459879.32;29/11/2022;23.75
29/11/2022;23.2;23.75;23.75;23.2;23.475;500;11737.5;28/11/2022;22.79
28/11/2022;23.13;22.79;23.13;22.79;22.993333333333332;2874;66082.84;25/11/2022;23.35
25/11/2022;23.86;23.35;23.92;23.3;23.812265834076715;1121;26693.55;24/11/2022;23.45
24/11/2022;23.45;23.45;23.45;23.45;23.45307692307692;78;1829.34;23/11/2022;24
23/11/2022;24.3;24;24.3;23.68;24.113944793850454;2862;69014.11;22/11/2022;24.25
22/11/2022;23.9;24.25;25.49;23.9;24.231404857055026;3253;78824.76;21/11/2022;23.7
21/11/2022;22.55;23.7;23.75;22.5;23.401761791518034;5046;118085.29;18/11/2022;22.7
18/11/2022;23.03;22.7;23.03;22.25;22.518240115718417;6222;140108.49;17/11/2022;23.05
17/11/2022;23.49;23.05;23.49;22.8;23.16295168067227;4760;110255.65;16/11/2022;23.41
16/11/2022;24.38;23.41;24.38;23.41;23.995983961855224;4614;110717.47;15/11/2022;24.45
15/11/2022;25.35;24.45;25.35;24.36;24.59735564459109;4243;104366.58;14/11/2022;24.2
14/11/2022;24.5;24.2;24.5;24.2;24.306306753147656;2621;63706.83;11/11/2022;24.95
11/11/2022;26;24.95;26;24.62;24.93327013019846;7911;197247.1;10/11/2022;26
10/11/2022;26;26;27.99;25.5;26.003024684345483;369708;9613526.25;09/11/2022;24.19
09/11/2022;25.1;24.19;25.1;24.1;24.373131574935204;6559;159863.37;08/11/2022;25.15
08/11/2022;26;25.15;26;25.15;25.809038519866544;3297;85092.4;07/11/2022;25.82
07/11/2022;25;25.82;26;25;25.571672172808135;11805;301873.59;04/11/2022;25.1
04/11/2022;24.95;25.1;25.5;24.94;25.072131284411583;614437;15405245.13;03/11/2022;24.75
03/11/2022;24.5;24.75;24.75;24.18;24.598114092211514;3839;94432.16;02/11/2022;24.5
02/11/2022;25;24.5;25;24.5;24.837636063771306;5457;135538.98;31/10/2022;24.5
31/10/2022;24.29;24.5;24.5;24;24.29685081466395;7856;190876.06;28/10/2022;24
28/10/2022;23.4;24;24.2;23.2;23.536745562130175;6760;159108.4;27/10/2022;23.16
27/10/2022;22.52;23.16;23.16;22.05;22.817945823927765;6645;151625.25;26/10/2022;22.52
26/10/2022;23;22.52;23;22.52;22.65276073619632;4075;92310;25/10/2022;22
25/10/2022;21.9;22;22;21.8;21.967264895908112;1393;30600.4;24/10/2022;22
24/10/2022;21.8;22;22;21.8;21.84146100691017;1013;22125.4;21/10/2022;22.12
21/10/2022;21.8;22.12;22.12;21.8;21.96981627296588;762;16741;20/10/2022;21.91
20/10/2022;22.15;21.91;22.18;21.91;22.031179394487122;2213;48755;19/10/2022;22.11
19/10/2022;22.2;22.11;22.2;22;22.11474885844749;1095;24215.65;18/10/2022;21.82
18/10/2022;22.3;21.82;22.3;21.82;21.928514851485147;505;11073.9;17/10/2022;22.55
17/10/2022;22.22;22.55;22.55;21.2;22.150055172413794;1450;32117.58;11/10/2022;20.4
14/10/2022;;;;;21.1;50;1055;11/10/2022;20.4
13/10/2022;;;;;21;100;2100;11/10/2022;20.4
12/10/2022;;;;;22.353333333333335;3;67.06;11/10/2022;20.4
11/10/2022;20.97;20.4;21;20.4;20.682993381468112;3324;68750.27;10/10/2022;21.5
10/10/2022;22.27;21.5;22.27;21.5;21.800227963525835;658;14344.55;07/10/2022;21.54
07/10/2022;21.2;21.54;21.56;21.2;21.336536470588236;2125;45340.14;06/10/2022;20.9
06/10/2022;21.2;20.9;21.22;20.8;20.851932281944;155350;3239347.68;05/10/2022;21.31
05/10/2022;20.7;21.31;21.5;20.46;20.912586649550708;6232;130327.24;04/10/2022;20.7
04/10/2022;20.5;20.7;21.14;20.5;20.721577316926254;11621;240805.45;03/10/2022;20.3
03/10/2022;20.15;20.3;20.3;20.15;20.24830234438157;1237;25047.15;30/09/2022;20
30/09/2022;20.06;20;20.2;20;20.043623339411305;7678;153894.94;29/09/2022;20
29/09/2022;20.35;20;20.35;20;20.011979428787114;63584;1272441.7;28/09/2022;20.5
28/09/2022;20.35;20.5;20.51;20.35;20.46508382066277;2565;52492.94;27/09/2022;20
27/09/2022;20.65;20;20.65;20;20.362516613695462;3461;70474.67;26/09/2022;20.4
26/09/2022;20.8;20.4;20.84;20.4;20.734947617438323;2959;61354.71;23/09/2022;21
23/09/2022;21.2;21;21.2;21;21.161934523809524;336;7110.41;22/09/2022;21.7
22/09/2022;21.59;21.7;21.7;21.35;21.53792364990689;1074;23131.73;21/09/2022;21.35
21/09/2022;21.8;21.35;21.8;21.35;21.570158038147138;1835;39581.24;20/09/2022;21.7
20/09/2022;21.7;21.7;21.7;21.7;21.696123348017622;227;4925.02;19/09/2022;21.65
19/09/2022;21.6;21.65;21.85;21.6;21.74568655992237;2061;44817.86;16/09/2022;21.44
16/09/2022;21.72;21.44;21.72;21.44;21.58858933046903;2793;60296.93;15/09/2022;21.8
15/09/2022;21.8;21.8;22.07;21.8;21.88247073072265;2477;54202.88;14/09/2022;21.8
14/09/2022;21.75;21.8;21.85;21.74;21.764548667754212;3678;80050.01;13/09/2022;21.75
13/09/2022;21.95;21.75;21.95;21.75;21.78465909090909;5016;109271.85;12/09/2022;21.91
12/09/2022;22;21.91;22.25;21.91;22.02682436428149;1691;37247.36;09/09/2022;21.75
09/09/2022;21.91;21.75;21.91;21.7;21.79655551696191;8637;188256.85;08/09/2022;21.55
08/09/2022;21.6;21.55;21.6;21.45;21.531400843881855;2370;51029.42;07/09/2022;21.5
07/09/2022;21.6;21.5;21.76;21.46;21.63660541017348;6802;147172.19;06/09/2022;21.5
06/09/2022;21.7;21.5;21.75;21.5;21.594779244424217;2197;47443.73;05/09/2022;21.7
05/09/2022;21.7;21.7;21.7;21.7;21.667153284671535;137;2968.4;02/09/2022;21.3
02/09/2022;21.4;21.3;21.5;21.3;21.432807017543862;2280;48866.8;01/09/2022;21.47
01/09/2022;21.15;21.47;21.7;21.15;21.516981132075472;530;11404;31/08/2022;22.02
31/08/2022;22.11;22.02;22.11;21.9;22.03030171311685;3911;86160.51;29/08/2022;22.1
29/08/2022;22.69;22.1;22.69;22.1;22.45046439628483;646;14503;26/08/2022;22.3
26/08/2022;22.75;22.3;22.75;22.3;22.43099927849928;2772;62178.73;25/08/2022;22.65
25/08/2022;22.87;22.65;22.87;22.55;22.70585683955111;3297;74861.21;24/08/2022;23
24/08/2022;23.04;23;23.04;23;23.02866556836903;1214;27956.8;23/08/2022;23
23/08/2022;23.1;23;23.1;23;23.038680445151034;1887;43473.99;22/08/2022;23
22/08/2022;23;23;23;23;23.00050256996002;1751;40273.88;19/08/2022;22.92
19/08/2022;23.56;22.92;23.56;22.91;23.064958217270195;1795;41401.6;18/08/2022;23.96
18/08/2022;24.4;23.96;24.4;23.96;24.11385328496574;2481;59826.47;17/08/2022;24.4
17/08/2022;24.95;24.4;24.95;24.4;24.5618759886112;3161;77640.09;16/08/2022;24.95
16/08/2022;25.06;24.95;25.06;24.8;24.945357458075907;3399;84789.27;15/08/2022;25.21
15/08/2022;25;25.21;25.47;25;25.2233771569433;1217;30696.85;12/08/2022;25.45
12/08/2022;25.54;25.45;25.63;25.25;25.49706132879046;2348;59867.1;11/08/2022;25
11/08/2022;25;25;25.01;25;25.000532038896964;62627;1565708.32;10/08/2022;24.76
10/08/2022;24.76;24.76;24.76;24.76;24.708878923766814;446;11020.16;09/08/2022;23.81
09/08/2022;24.25;23.81;24.25;23.81;23.967504283266702;1751;41967.1;08/08/2022;24
08/08/2022;24.05;24;24.05;24;24.01101321585903;454;10901;05/08/2022;23.85
05/08/2022;23.85;23.85;23.95;23.82;23.866270627062704;909;21694.44;03/08/2022;23.8
04/08/2022;;;;;23.8;5;119;03/08/2022;23.8
03/08/2022;23.87;23.8;23.87;23.8;23.822071129707115;956;22773.9;27/07/2022;23.8
02/08/2022;;;;;;;;27/07/2022;23.8
01/08/2022;;;;;;;;27/07/2022;23.8
27/07/2022;24;23.8;24;23.8;23.741944074567243;751;17830.2;26/07/2022;24
26/07/2022;24.1;24;24.1;24;24.0355223880597;335;8051.9;22/07/2022;24
25/07/2022;;;;;;;;22/07/2022;24
22/07/2022;24;24;24;24;24;133;3192;21/07/2022;24
21/07/2022;23.87;24;24;23.87;24.001549657534248;1168;28033.81;20/07/2022;24.1
20/07/2022;24.1;24.1;24.1;24.1;24.1;118;2843.8;18/07/2022;23
19/07/2022;;;;;;;;18/07/2022;23
18/07/2022;23;23;23;22.9;23.000071890726094;1391;31993.1;14/07/2022;22.34
15/07/2022;;;;;22.395818181818182;55;1231.77;14/07/2022;22.34
14/07/2022;22.7;22.34;22.7;22.06;22.186421356421356;1386;30750.38;13/07/2022;22.8
13/07/2022;22.8;22.8;22.8;22.8;22.818039215686273;153;3491.16;12/07/2022;22.95
12/07/2022;23.51;22.95;23.51;22.95;23.154381188118816;404;9354.37;11/07/2022;23.08
11/07/2022;24.5;23.08;24.5;23.08;23.926298342541436;181;4330.66;08/07/2022;24.5
08/07/2022;23;24.5;24.5;23;23.586060606060606;165;3891.7;07/07/2022;23.31
07/07/2022;23.31;23.31;23.31;23.31;23.310000000000002;420;9790.2;06/07/2022;22.7
06/07/2022;22.8;22.7;22.8;22.7;22.755184135977338;353;8032.58;30/06/2022;22.9
05/07/2022;;;;;;;;30/06/2022;22.9
04/07/2022;;;;;;;;30/06/2022;22.9
01/07/2022;;;;;;;;30/06/2022;22.9
30/06/2022;22.9;22.9;22.9;22.9;22.875324675324677;385;8807;28/06/2022;23
28/06/2022;23;23;23;23;22.99883011190234;983;22607.85;27/06/2022;23.38
27/06/2022;23.38;23.38;23.38;23.38;23.38;150;3507;24/06/2022;23.4
24/06/2022;23;23.4;23.4;23;23.148661800486618;1233;28542.3;23/06/2022;23.5
23/06/2022;24;23.5;24;23.5;23.739571428571427;560;13294.16;22/06/2022;23.5
22/06/2022;24.12;23.5;24.12;23.5;23.87111007025761;4270;101929.64;21/06/2022;24.7
21/06/2022;25;24.7;25;24.7;24.772289156626506;1660;41122;17/06/2022;25.01
20/06/2022;;;;;;;;17/06/2022;25.01
17/06/2022;25.64;25.01;25.85;25.01;25.037161862527714;6765;169376.4;16/06/2022;25.95
16/06/2022;25.95;25.95;25.95;25.95;25.95;2000;51900;15/06/2022;26.35
15/06/2022;26.11;26.35;26.35;26.11;26.320134649910234;1114;29320.63;14/06/2022;24.98
14/06/2022;25.45;24.98;25.45;24.98;25.002529550827422;2115;52880.35;13/06/2022;26.2
13/06/2022;24.97;26.2;26.2;24.97;25.914350961538464;832;21560.74;10/06/2022;25.8
10/06/2022;26;25.8;26;25.58;25.965314116777535;4059;105393.21;09/06/2022;26
09/06/2022;26;26;26;25.93;25.994;1715;44579.71;08/06/2022;26.05
08/06/2022;26.64;26.05;26.64;26.02;26.102819029251044;3111;81205.87;06/06/2022;26.65
07/06/2022;;;;;;;;06/06/2022;26.65
06/06/2022;27.18;26.65;27.18;26.65;26.803109024517475;1917;51381.56;03/06/2022;27.5
03/06/2022;27.5;27.5;27.5;27.5;27.5;924;25410;02/06/2022;27.8
02/06/2022;27.49;27.8;27.8;27.49;27.739453125;1024;28405.2;01/06/2022;27.3
01/06/2022;26.95;27.3;27.3;26.95;27.252523874488404;733;19976.1;31/05/2022;26.36
31/05/2022;26.44;26.36;26.44;26.29;26.35978413383702;3706;97689.36;27/05/2022;26.05
30/05/2022;;;;;;;;27/05/2022;26.05
27/05/2022;26.5;26.05;26.5;26.05;26.420501835985313;1634;43171.1;26/05/2022;26.59
26/05/2022;27;26.59;27.11;26.59;27.01678376741369;1651;44604.71;25/05/2022;26.55
25/05/2022;26;26.55;26.55;26;26.37969265938532;3937;103856.85;24/05/2022;26
24/05/2022;26.16;26;26.16;26;26.053333333333335;750;19540;23/05/2022;26.16
23/05/2022;25.87;26.16;26.25;25.87;26.114272445820436;1615;42174.55;20/05/2022;25.99
20/05/2022;26.22;25.99;26.22;25.99;26.158245614035085;798;20874.28;18/05/2022;25.75
19/05/2022;;;;;;;;18/05/2022;25.75
18/05/2022;25.88;25.75;26.07;25.75;25.96170173267327;1616;41954.11;17/05/2022;26.44
17/05/2022;26.96;26.44;26.96;26.44;26.602977272727273;440;11705.31;16/05/2022;25.5
16/05/2022;24.8;25.5;25.5;24.8;25.382666666666665;750;19037;13/05/2022;24.8
13/05/2022;24.7;24.8;24.8;24.7;24.75123441396509;802;19850.49;12/05/2022;23.9
12/05/2022;23.9;23.9;24.56;23.9;24.134696282864912;1103;26620.57;11/05/2022;24.3
11/05/2022;24.65;24.3;24.65;24;24.333385826771654;2286;55626.12;10/05/2022;24.35
10/05/2022;23.9;24.35;24.51;23.78;24.315339059674503;2212;53785.53;09/05/2022;23.94
09/05/2022;24.5;23.94;24.5;23.55;23.855586136595313;2943;70206.99;06/05/2022;24.6
06/05/2022;25;24.6;25.47;24.55;25.057141480339244;5188;129996.45;05/05/2022;25.35
05/05/2022;25.65;25.35;25.65;25.1;25.387310012062727;2487;63138.24;04/05/2022;26.75
04/05/2022;27.19;26.75;27.19;26.75;26.90814594192107;2686;72275.28;03/05/2022;26.83
03/05/2022;26.77;26.83;27;26.77;26.82797385620915;612;16418.72;02/05/2022;26.24
02/05/2022;26.6;26.24;26.6;26.24;26.377142857142857;210;5539.2;29/04/2022;27.5
29/04/2022;27.88;27.5;28.13;27.5;27.5939955654102;2255;62224.46;27/04/2022;27.5
28/04/2022;;;;;;;;27/04/2022;27.5
27/04/2022;27.7;27.5;27.93;27.5;27.69309210526316;1520;42093.5;26/04/2022;28.45
26/04/2022;30.2;30.2;30.6;30.2;30.385549160671463;2085;63353.87;25/04/2022;30.2
25/04/2022;31.55;30.2;31.55;30.18;30.558735747820254;2982;91126.15;22/04/2022;31.53
22/04/2022;31.9;31.53;31.9;31.36;31.569977703455965;1794;56636.54;21/04/2022;31.47
21/04/2022;31.92;31.47;31.92;31.47;31.810426212722383;7813;248534.86;20/04/2022;31.91
20/04/2022;32.3;31.91;32.3;31.9;32.09953338863542;4822;154783.95;19/04/2022;31.95
19/04/2022;32.06;31.95;32.06;31.95;31.971252868288207;2179;69665.36;18/04/2022;31.9
18/04/2022;32.81;31.9;32.81;31.9;32.318138447146865;3207;103644.27;13/04/2022;31.9
13/04/2022;32.4;31.9;32.4;31.9;32.253871078938296;2901;93568.48;12/04/2022;32.66
12/04/2022;32.96;32.66;32.96;32;32.77424684159378;1029;33724.7;11/04/2022;33
11/04/2022;33.4;33;33.45;33;33.21666666666667;1200;39860;08/04/2022;33.45
08/04/2022;33.7;33.45;33.7;33.4;33.601332963065815;3601;120998.4;07/04/2022;33.9
07/04/2022;34.85;33.9;34.85;33.9;34.14396449704142;338;11540.66;06/04/2022;34.76
06/04/2022;35.82;34.76;35.82;34.45;34.76800212539852;4705;163583.45;05/04/2022;36.35
05/04/2022;36.49;36.35;36.5;36.35;36.46770163934426;3050;111226.49;04/04/2022;36.44
04/04/2022;34.85;36.44;36.5;34.85;35.99784825234442;5865;211127.38;01/04/2022;34.46
01/04/2022;34.5;34.46;34.5;34.46;34.452315978456014;557;19189.94;31/03/2022;33.95
31/03/2022;33.75;33.95;33.98;33.26;33.66454615384615;2600;87527.82;30/03/2022;34.18
30/03/2022;34.18;34.18;34.18;34.18;34.18;39;1333.02;29/03/2022;33.75
29/03/2022;34.2;33.75;34.2;33.75;33.85510204081633;1078;36495.8;28/03/2022;33.7
28/03/2022;34.1;33.7;34.1;33.7;34.0013986013986;715;24311;25/03/2022;34.25
25/03/2022;34.15;34.25;34.25;34.15;34.238430678466074;1695;58034.14;24/03/2022;34.08
24/03/2022;34.35;34.08;34.35;34.08;34.126985294117645;408;13923.81;23/03/2022;34.35
23/03/2022;34.16;34.35;34.4;34.04;34.25221122112211;2121;72648.94;22/03/2022;34.3
22/03/2022;33.9;34.3;34.5;33.9;34.305180327868854;1525;52315.4;21/03/2022;34.39
21/03/2022;33.82;34.39;34.81;33.82;34.4163890256771;14215;489228.97;18/03/2022;33.6
18/03/2022;33.39;33.6;33.6;33.39;33.49347222222222;432;14469.18;17/03/2022;33.29
17/03/2022;33.29;33.29;33.3;33;33.11231478068559;2713;89833.71;16/03/2022;33
16/03/2022;33;33;33;32.93;32.98077223088924;1282;42281.35;15/03/2022;32.67
15/03/2022;32.67;32.67;32.67;32.67;32.67;250;8167.5;14/03/2022;33.03
14/03/2022;33.26;33.03;33.4;32.78;33.12247516556291;1208;40011.95;11/03/2022;33.49
11/03/2022;33.2;33.49;33.5;33.2;33.43941093969144;713;23842.3;10/03/2022;33.56
10/03/2022;32.79;33.56;33.56;32.32;32.693201542163685;38647;1263494.16;09/03/2022;33.27
09/03/2022;33;33.27;33.56;32.55;33.127850496471616;16013;530476.27;08/03/2022;32.55
08/03/2022;32.26;32.55;32.55;32.26;32.47643835616438;365;11853.9;07/03/2022;31.8
07/03/2022;33.6;31.8;33.6;31.8;32.60760456273764;263;8575.8;04/03/2022;33.31
04/03/2022;31.9;33.31;33.32;31.9;32.90807129401536;6901;227098.6;03/03/2022;32.3
03/03/2022;32.1;32.3;32.3;32.1;32.27319347319347;1287;41535.6;02/03/2022;32.1
02/03/2022;32.5;32.1;32.5;32;32.241025641025644;780;25148;01/03/2022;32.11
01/03/2022;32.1;32.11;32.15;32.08;32.114522292993634;6280;201679.2;28/02/2022;32
28/02/2022;32;32;32;31.7;31.922259136212627;602;19217.2;25/02/2022;32.15
25/02/2022;31.1;32.15;32.15;30.65;30.799392761164157;34978;1077301.16;24/02/2022;31
24/02/2022;30.5;31;31;30;30.399244186046513;2408;73201.38;23/02/2022;31.17
23/02/2022;31.2;31.17;31.39;31.17;31.355777166437413;3635;113978.25;22/02/2022;31.62
22/02/2022;32.05;31.62;32.05;31.2;31.627585937499997;6400;202416.55;21/02/2022;31.1
21/02/2022;31.1;31.1;31.1;31.1;31.1;1000;31100;18/02/2022;31.7
18/02/2022;32.5;31.7;32.5;31.7;32.383870967741935;310;10039;17/02/2022;33
17/02/2022;32;33;33;31.8;32.070037359900375;4015;128761.2;16/02/2022;32.4
16/02/2022;32.4;32.4;32.4;32.4;32.4;400;12960;15/02/2022;33.13
15/02/2022;32.35;33.13;33.18;32.35;32.97832705479452;11680;385186.86;14/02/2022;32.33
14/02/2022;31.65;32.33;32.6;31.14;32.173651579846286;5855;188376.73;11/02/2022;32.43
11/02/2022;32.39;32.43;32.95;32.39;32.72587189542484;3825;125176.46;10/02/2022;32.6
10/02/2022;33.04;32.6;33.2;32.6;32.80185299295775;4544;149051.62;09/02/2022;33.21
09/02/2022;33.5;33.21;33.75;33.21;33.537418725617684;1538;51580.55;08/02/2022;33.7
08/02/2022;32;33.7;34;32;32.79409138264623;6719;220343.5;07/02/2022;31.94
07/02/2022;31.8;31.94;32;31.8;31.929868613138687;3425;109359.8;04/02/2022;30.95
04/02/2022;30.5;30.95;31.06;30.5;30.92256628056628;3885;120134.17;03/02/2022;30.38
03/02/2022;31.25;30.38;31.5;30.38;31.270523560209423;955;29863.35;02/02/2022;31.5
02/02/2022;31;31.5;31.5;30.5;31.15453390658589;5117;159417.75;01/02/2022;30.74
01/02/2022;31.18;30.74;31.9;30.25;31.500072992700726;13289;418604.47;31/01/2022;31.49
31/01/2022;31.5;31.49;31.9;31.37;31.40941523118767;4412;138578.34;28/01/2022;31.27
28/01/2022;31.5;31.27;31.5;31.27;31.29083560895685;1831;57293.52;27/01/2022;31.5
27/01/2022;31.68;31.5;31.68;31.5;31.61049254698639;3086;97549.98;26/01/2022;31.5
26/01/2022;31.5;31.5;31.5;30.31;31.089713345521027;13675;425151.83;25/01/2022;31.4
25/01/2022;30.63;31.4;31.5;30.57;31.194672192916354;10616;331162.64;24/01/2022;30.5
24/01/2022;29;30.5;30.5;28.7;29.765596100278554;3590;106858.49;21/01/2022;30.51
21/01/2022;31.13;30.51;31.5;30.51;31.428374760994267;3138;98622.24;20/01/2022;31.5
20/01/2022;31.19;31.5;31.5;30.51;30.808208208208207;2997;92332.2;19/01/2022;31.25
19/01/2022;30.69;31.25;31.36;30.69;31.19846902838202;4827;150595.01;18/01/2022;31
18/01/2022;30.81;31;31.04;30.66;30.805554668794894;2506;77198.72;14/01/2022;31.4
17/01/2022;;;;;;;;14/01/2022;31.4
14/01/2022;31.2;31.4;31.55;31.2;31.344588910133844;2615;81966.1;13/01/2022;31.69
13/01/2022;31.07;31.69;31.69;30.25;30.99257574959161;18977;588146.11;12/01/2022;30.5
12/01/2022;29;30.5;30.5;29;29.589454165081783;5258;155581.35;11/01/2022;28.4
11/01/2022;28.5;28.4;28.5;27.85;28.106181202370873;2362;66386.8;10/01/2022;28.2
10/01/2022;27.5;28.2;28.2;27.5;27.850145929339476;2604;72521.78;07/01/2022;27.8
07/01/2022;27.5;27.8;27.8;27.15;27.631730288976097;2803;77451.74;06/01/2022;27
06/01/2022;26.56;27;27;26.56;26.81815812337098;2302;61735.4;05/01/2022;26
05/01/2022;26.89;26;27;26;26.671130111524164;2690;71745.34;04/01/2022;26.89
04/01/2022;26.4;26.89;26.9;26.4;26.738962264150942;1060;28343.3;03/01/2022;26.47
03/01/2022;26.4;26.47;26.5;26.2;26.324909808342728;1774;46700.39;30/12/2021;26.85
31/12/2021;;;;;;;;30/12/2021;26.85
30/12/2021;26.88;26.85;26.97;26.85;26.880118122805154;46985;1262962.35;29/12/2021;26.5
29/12/2021;26.35;26.5;26.57;26.35;26.53412078152753;1126;29877.42;28/12/2021;26.55
28/12/2021;26.63;26.55;27;26.55;26.839098635075974;3883;104216.22;27/12/2021;26.85
27/12/2021;25.64;26.85;26.85;25.64;26.242626146788993;5232;137301.42;23/12/2021;25.64
24/12/2021;;;;;;;;23/12/2021;25.64
23/12/2021;25.64;25.64;25.64;25.64;25.5475;160;4087.6;22/12/2021;24.9
22/12/2021;24.73;24.9;25.08;24.65;24.84641408751334;1874;46562.18;21/12/2021;24.73
21/12/2021;24.15;24.73;24.73;24.06;24.489434034416828;2615;64039.87;20/12/2021;23.4
20/12/2021;23.7;23.4;23.7;23.3;23.453004739336492;5275;123714.6;17/12/2021;23.79
17/12/2021;23.46;23.79;23.88;23.45;23.579302488608484;5706;134543.5;16/12/2021;24.14
16/12/2021;24.17;24.14;24.18;24.14;24.153684210526315;950;22946;15/12/2021;24.16
15/12/2021;23.9;24.16;24.16;23.9;24.05714871794872;975;23455.72;14/12/2021;23.36
14/12/2021;23.01;23.36;23.75;23.01;23.22246663371231;2023;46979.05;13/12/2021;23.15
13/12/2021;24.14;23.8;24.14;23.2;23.507315195071868;5844;137376.75;10/12/2021;24.2
10/12/2021;24.1;24.2;24.21;23.93;24.07539488744754;2621;63101.61;09/12/2021;24.18
09/12/2021;24.41;24.18;25.75;24.18;24.719436325678497;4790;118406.1;07/12/2021;24.81
07/12/2021;25.01;24.81;25.09;24.81;24.998690372940157;1153;28823.49;06/12/2021;24.5
06/12/2021;23.9;24.5;24.72;23.7;24.208389444949955;3297;79815.06;03/12/2021;24.1
03/12/2021;24.87;24.1;24.87;24.1;24.521958820255982;3594;88131.92;02/12/2021;25
02/12/2021;26;25;26;25;25.46870463428252;3582;91228.9;01/12/2021;25.55
01/12/2021;28.19;25.55;28.19;25.55;27.406964100435776;9638;264148.32;30/11/2021;26.5
30/11/2021;26.13;26.5;26.5;25.1;25.636819845465638;2459;63040.94;29/11/2021;26.42
29/11/2021;25.29;26.42;26.55;25.29;25.803901738255995;6961;179620.96;26/11/2021;25.3
26/11/2021;25.19;25.3;25.5;23.9;24.72739357080799;5755;142306.15;25/11/2021;26.4
25/11/2021;26.4;26.4;26.4;26.4;26.4;75;1980;24/11/2021;25.53
24/11/2021;24.46;25.53;25.53;24.46;25.30774193548387;1054;26674.36;23/11/2021;24.6
23/11/2021;24.63;24.6;24.71;24.55;24.614375;720;17722.35;22/11/2021;24.5
22/11/2021;24.4;24.5;24.77;24.4;24.632079291438213;4742;116805.32;19/11/2021;24.3
19/11/2021;24.5;24.3;24.57;24.3;24.50427174975562;3069;75203.61;18/11/2021;24.6
18/11/2021;24.5;24.6;24.6;24.5;24.520547667342797;493;12088.63;17/11/2021;24.2
17/11/2021;24.35;24.2;24.38;24.2;24.31493900313698;2869;69759.56;16/11/2021;24.69
16/11/2021;24.5;24.69;24.71;24;24.228182978723407;4700;113872.46;15/11/2021;24.8
15/11/2021;25.1;24.8;25.4;24.65;24.84139323390324;5498;136577.98;12/11/2021;25.05
12/11/2021;25.8;25.05;25.8;24.9;25.188859961633323;3649;91914.15;11/11/2021;25.5
11/11/2021;25.76;25.5;26.22;25.35;25.587658741258743;7150;182951.76;10/11/2021;25.42
10/11/2021;25.84;25.42;27.12;25.42;26.509040020925973;3823;101344.06;09/11/2021;27.18
09/11/2021;27.3;27.18;27.35;27.18;27.26103896103896;770;20991;08/11/2021;27.58
08/11/2021;27.5;27.58;27.58;27.5;27.557777777777776;180;4960.4;04/11/2021;27.2
05/11/2021;;;;;;;;04/11/2021;27.2
04/11/2021;28.67;27.2;28.67;27.2;27.47088680605624;1387;38102.12;03/11/2021;28.72
03/11/2021;28.75;28.72;28.75;28.72;28.73451612903226;310;8907.7;02/11/2021;28.67
02/11/2021;28.6;28.67;29;28.47;28.602206385404788;1754;50168.27;29/10/2021;28.5
29/10/2021;28.5;28.5;28.61;28.5;28.560501845018454;2710;77398.96;28/10/2021;28.14
28/10/2021;28.24;28.14;28.24;28.14;28.147462686567167;2010;56576.4;27/10/2021;27.77
27/10/2021;27.89;27.77;28.14;27.77;27.985158415841582;2020;56530.02;26/10/2021;27.75
26/10/2021;27.5;27.75;27.8;27.5;27.618248619836283;5253;145078.66;25/10/2021;27.59
25/10/2021;27.44;27.59;27.95;27.44;27.809801136363635;2816;78312.4;22/10/2021;27.81
22/10/2021;27.67;27.81;27.81;27.5;27.639951278928137;1642;45384.8;21/10/2021;27
21/10/2021;27;27;27;27;27;80;2160;20/10/2021;26.62
20/10/2021;26.68;26.62;26.74;26.6;26.62632115249473;2846;75778.51;19/10/2021;26.15
19/10/2021;26.15;26.15;26.7;26.15;26.184232926426922;6062;158728.82;18/10/2021;26.1
18/10/2021;26.18;26.1;26.18;25.92;26.036643356643356;1144;29785.92;15/10/2021;26
15/10/2021;25.58;26;26.26;25.58;25.99409420289855;3036;78918.07;14/10/2021;24.69
14/10/2021;24.3;24.69;24.96;23.9;24.31629048086359;3057;74334.9;13/10/2021;24.3
13/10/2021;24.33;24.3;24.54;24.16;24.319212445308704;4114;100049.24;12/10/2021;24.3
12/10/2021;24.3;24.3;24.3;24.3;24.3;1000;24300;11/10/2021;23.8
11/10/2021;24.28;23.8;24.28;23.66;23.92812778603269;1346;32207.26;07/10/2021;24
07/10/2021;22.74;24;24.36;22.74;23.60399140478109;7446;175755.32;06/10/2021;22
06/10/2021;22.35;22;22.35;21.9;22.134056603773583;3604;79771.14;05/10/2021;23.45
05/10/2021;23;23.45;24.5;23;23.627962536970095;3043;71899.89;04/10/2021;22.75
04/10/2021;22.87;22.75;23;22.75;22.8764333781965;743;16997.19;01/10/2021;22.4
01/10/2021;22.2;22.4;22.4;22.2;22.279787234042555;376;8377.2;30/09/2021;22.2
30/09/2021;22.6;22.2;22.76;22.2;22.454379746835443;395;8869.48;29/09/2021;22.44
29/09/2021;22.48;22.44;22.48;21.94;22.359907692307694;1300;29067.88;28/09/2021;22.42
28/09/2021;22.61;22.42;22.61;22.42;22.549840546697038;439;9899.38;27/09/2021;22.37
27/09/2021;22.18;22.37;22.37;22.18;22.318221941992434;1586;35396.7;24/09/2021;22.09
24/09/2021;22.16;22.09;22.16;22;22.09873831775701;214;4729.13;23/09/2021;22.3
23/09/2021;22.4;22.3;22.4;22.11;22.14135158626684;4602;101894.5;22/09/2021;21.59
22/09/2021;21.63;21.59;21.74;21.59;21.628899676375404;6180;133666.6;21/09/2021;21.29
21/09/2021;21.31;21.29;21.31;21.06;21.197548262548263;518;10980.33;20/09/2021;21.17
20/09/2021;21.8;21.17;21.8;21.16;21.26986166007905;1012;21525.1;17/09/2021;22.25
17/09/2021;22.09;22.25;22.25;22.09;22.186429085673147;1389;30816.95;16/09/2021;22.2
16/09/2021;21.76;22.2;22.2;21.76;22.080304243394714;1249;27578.3;14/09/2021;22
15/09/2021;;;;;;;;14/09/2021;22
14/09/2021;22;22;22;22;22.000572956455308;1309;28798.75;13/09/2021;22.4
13/09/2021;21.76;22.4;22.4;21.76;22.194364640883975;362;8034.36;10/09/2021;21.79
10/09/2021;21.45;21.79;21.79;21.45;21.582;500;10791;09/09/2021;21.34
09/09/2021;21.05;21.34;21.39;21;21.132537313432834;2479;52387.56;08/09/2021;21.29
08/09/2021;21.29;21.29;21.29;21.29;21.29842490842491;546;11628.94;07/09/2021;21.2
07/09/2021;21.25;21.2;21.25;21.2;21.22245508982036;334;7088.3;06/09/2021;21.55
06/09/2021;21.5;21.55;21.55;21.5;21.522131147540986;183;3938.55;03/09/2021;21.5
03/09/2021;21.51;21.5;21.51;21.5;21.50313501144165;437;9396.87;02/09/2021;22
02/09/2021;22.1;22;22.1;22;22.011160714285715;3584;78888;01/09/2021;22.4
01/09/2021;22.48;22.4;22.48;22.4;22.418372956909362;5384;120700.52;31/08/2021;22.77
31/08/2021;22.94;22.77;23.02;22.73;22.90382107355865;10060;230412.44;27/08/2021;21.8
27/08/2021;22.01;21.8;22.03;21.58;21.911584615384616;9750;213637.95;26/08/2021;21.83
26/08/2021;22.14;21.83;22.14;21.83;22.05653917910448;2144;47289.22;25/08/2021;22.1
25/08/2021;21.84;22.1;22.1;21.8;21.908069795427195;8310;182056.06;24/08/2021;21.67
24/08/2021;21.4;21.67;21.86;21.4;21.7103611898017;1412;30655.03;20/08/2021;20
23/08/2021;;;;;;;;20/08/2021;20
20/08/2021;19.01;20;20;19.01;19.148356756756755;3700;70848.92;19/08/2021;18.87
19/08/2021;18.34;18.87;18.87;18.34;18.619666666666667;1500;27929.5;18/08/2021;18.8
18/08/2021;19.85;18.8;19.85;18.75;18.97807433768288;5058;95991.1;16/08/2021;19.8
17/08/2021;;;;;19.20755102040816;49;941.17;16/08/2021;19.8
16/08/2021;19.19;19.8;20.55;19;19.011140296230373;393275;7476606.2;13/08/2021;18.75
13/08/2021;18.45;18.75;18.82;18.45;18.74036885923802;36274;679788.14;12/08/2021;18.3
12/08/2021;18.42;18.3;18.85;18.26;18.347808848496953;20026;367433.22;11/08/2021;18.77
11/08/2021;18.62;18.77;19.22;18.5;18.72615289765721;47849;896027.69;10/08/2021;18.3
10/08/2021;18.6;18.3;18.62;17.94;18.143720182256768;11193;203082.66;09/08/2021;18.27
09/08/2021;18.39;18.27;18.39;18.16;18.265610550309347;3071;56093.69;06/08/2021;18.67
06/08/2021;19.54;18.67;19.54;18.67;18.996480825008057;6206;117892.16;05/08/2021;19
05/08/2021;19.5;19;19.5;19;19.155576923076925;1404;26894.43;04/08/2021;20
04/08/2021;20.14;20;20.14;20;20.11001353179973;739;14861.3;03/08/2021;19.94
03/08/2021;20.97;19.94;20.97;19.94;20.415168641750228;1097;22395.44;02/08/2021;21.5
02/08/2021;21.54;21.5;21.54;20.81;21.082941483803552;1914;40352.75;30/07/2021;20.34
30/07/2021;21.9;20.34;22.15;20.34;21.33096371552975;6890;146970.34;27/07/2021;23.21
27/07/2021;23;23.21;23.21;22.52;22.69599087893864;2412;54742.73;26/07/2021;23.21
26/07/2021;23.22;23.21;23.22;23.21;23.21173553719008;484;11234.48;23/07/2021;22.95
23/07/2021;23.28;22.95;23.28;22.95;23.14114074074074;1350;31240.54;22/07/2021;24.65
22/07/2021;23.93;24.65;24.65;23.93;24.495956873315365;1113;27264;21/07/2021;24.1
21/07/2021;23.8;24.1;24.1;23.8;23.99454187745925;3558;85372.58;20/07/2021;23.8
20/07/2021;23.66;23.8;23.8;23.66;23.777703349282298;2090;49695.4;19/07/2021;22.93
19/07/2021;23.35;22.93;23.39;22.92;23.211182089552242;1675;38878.73;16/07/2021;22.6
16/07/2021;23.77;22.6;23.77;22.6;23.281222444889778;1497;34851.99;15/07/2021;23.49
15/07/2021;22.92;23.49;23.92;22.92;23.58808562197092;2476;58404.1;14/07/2021;23.11
14/07/2021;24.16;23.11;24.28;23.11;23.850322691383454;2913;69475.99;13/07/2021;24
13/07/2021;24.18;24;24.18;23.85;24.017260843731435;1683;40421.05;12/07/2021;23.97
12/07/2021;23.86;23.97;23.97;23.86;23.9;1100;26290;09/07/2021;23.92
09/07/2021;23.92;23.92;23.92;23.92;23.92186327077748;746;17845.71;08/07/2021;23.74
08/07/2021;23.36;23.74;23.74;23.36;23.66355633802817;2840;67204.5;07/07/2021;23.96
07/07/2021;24.39;23.96;24.39;23.6;24.09313829787234;752;18118.04;06/07/2021;24.35
06/07/2021;24.55;24.35;24.55;24;24.17410182516811;2082;50330.48;01/07/2021;24.49
05/07/2021;;;;;;;;01/07/2021;24.49
02/07/2021;;;;;;;;01/07/2021;24.49
01/07/2021;24.75;24.49;24.75;24.49;24.66732824427481;393;9694.26;30/06/2021;25.27
30/06/2021;25.25;25.27;25.33;25.02;25.272146118721462;1095;27673;28/06/2021;25.68
28/06/2021;24.79;25.68;25.68;24.77;25.24176229508197;1220;30794.95;25/06/2021;25.25
25/06/2021;25.44;25.25;25.53;25.03;25.049197595649268;52405;1312703.2;24/06/2021;25.85
24/06/2021;25.33;25.85;25.85;25.03;25.032305943488144;61580;1541489.4;23/06/2021;25.4
23/06/2021;25.4;25.4;25.4;25.4;25.4;300;7620;22/06/2021;24.95
22/06/2021;25.12;24.95;25.12;24.95;24.950512848465028;165117;4119753.83;21/06/2021;25.1
21/06/2021;25.1;25.1;25.1;25.1;25.100014210096276;56298;1413080.6;18/06/2021;25.4
18/06/2021;25.55;25.4;25.61;24.85;25.19607222259651;14843;373985.3;17/06/2021;25.5
17/06/2021;25.38;25.5;25.5;25.25;25.263743567753004;2332;58915.05;16/06/2021;25.33
16/06/2021;25.52;25.33;25.58;25.33;25.532361802940105;8231;210156.87;15/06/2021;25.55
15/06/2021;25.71;25.55;25.71;25.5;25.575481870435194;46278;1183582.15;14/06/2021;25.7
14/06/2021;25.9;25.7;25.9;25.7;25.732658393207053;3062;78793.4;11/06/2021;25.78
11/06/2021;26.22;25.78;26.22;25.65;25.735154664088935;4138;106492.07;10/06/2021;26.29
10/06/2021;26.04;26.29;26.5;26.04;26.38425101214575;988;26067.64;09/06/2021;25.52
09/06/2021;25.25;25.52;25.8;25.25;25.472146892655367;1416;36068.56;08/06/2021;26.78
08/06/2021;27.07;26.78;27.22;26.5;26.862480179860373;8451;227014.82;07/06/2021;27.26
07/06/2021;29.15;27.26;29.15;26.71;27.530910701978932;10157;279631.46;04/06/2021;30.4
04/06/2021;29.7;30.4;30.5;29.7;30.21307111995062;14581;440536.79;03/06/2021;28.58
03/06/2021;28.55;28.58;28.58;28.5;28.56055425082198;4258;121610.84;02/06/2021;28.78
02/06/2021;27.6;28.78;28.78;27.6;28.15832851173256;6222;175201.12;01/06/2021;27.35
01/06/2021;27.55;27.35;27.62;27.29;27.35829271961492;6648;181877.93;28/05/2021;27.8
31/05/2021;;;;;;;;28/05/2021;27.8
28/05/2021;27.69;27.8;28.25;27;27.95369235905354;23963;669854.33;27/05/2021;25.15
27/05/2021;26.5;25.15;26.5;25.1;25.171122639551776;62647;1576895.32;26/05/2021;26.39
26/05/2021;26.7;26.39;26.7;25.71;25.919799398912314;41924;1086661.67;25/05/2021;26.72
25/05/2021;26.4;26.72;26.91;26.4;26.723674911660776;8490;226884;24/05/2021;27.14
24/05/2021;28;27.14;28;27.09;27.59521375921376;10175;280781.3;21/05/2021;28.11
21/05/2021;27.97;28.11;28.4;27.33;27.878069324395838;34014;948244.65;20/05/2021;28.8
20/05/2021;27.97;28.8;28.8;27.97;28.371811485015904;17919;508394.49;19/05/2021;28.05
19/05/2021;27.78;28.05;28.05;26.87;27.316839665241737;16609;453705.39;18/05/2021;27.45
18/05/2021;28.5;27.45;28.5;27.45;27.69050865233351;1907;52805.8;17/05/2021;28.4
17/05/2021;29.6;28.4;29.6;27.96;28.63920497966227;8113;232349.87;14/05/2021;30
14/05/2021;30;30;30.25;29.47;29.66920132982836;12934;383741.45;13/05/2021;29.68
13/05/2021;29.98;29.68;30;29.4;29.67364880952381;1680;49851.73;12/05/2021;29.3
12/05/2021;27.6;29.3;29.5;27.6;28.823292813728994;5594;161237.5;11/05/2021;27.25
11/05/2021;27.5;27.25;27.8;27.15;27.46563249516441;2585;70998.66;10/05/2021;27.54
10/05/2021;25.81;27.54;27.6;25.46;26.986052503052502;8190;221015.77;07/05/2021;24.98
07/05/2021;25.24;24.98;25.82;24.98;25.762010911925177;20528;528842.56;06/05/2021;24.99
06/05/2021;24.43;24.99;24.99;24.1;24.494873045653534;7995;195836.51;04/05/2021;24.81
05/05/2021;;;;;;;;04/05/2021;24.81
04/05/2021;25.6;24.81;25.6;24.81;24.984415584415583;770;19238;03/05/2021;25.61
03/05/2021;25.95;25.61;25.95;25.61;25.89720916214587;1659;42963.47;30/04/2021;25.85
30/04/2021;25.97;25.85;26;25.85;25.967149503066185;4729;122798.65;29/04/2021;25.81
29/04/2021;25.85;25.81;25.85;25.81;25.82563365282215;939;24250.27;28/04/2021;25.98
28/04/2021;26.63;25.98;26.63;25.8;26.090675241157555;1555;40571;27/04/2021;26.7
27/04/2021;26.98;26.7;26.98;26.7;26.798389513108614;534;14310.34;26/04/2021;26.73
26/04/2021;27;27.5;28.11;26.79;27.247593392355864;27786;757101.63;23/04/2021;26.65
23/04/2021;26.11;26.65;27;26;26.557408252264338;14905;395838.17;22/04/2021;26.35
22/04/2021;27.15;26.35;27.15;26.35;26.592181338301504;6441;171280.24;21/04/2021;27.5
21/04/2021;27.45;27.5;27.98;27.45;27.686678533628406;10393;287747.65;20/04/2021;26.79
20/04/2021;28.6;26.79;28.6;26.49;27.057684851217314;17744;480111.56;19/04/2021;29.2
19/04/2021;31.1;29.2;31.1;29.2;29.854389972707974;19786;590698.96;16/04/2021;31
16/04/2021;31;31;31;31;31;340;10540;15/04/2021;31.5
15/04/2021;31.3;31.5;31.64;31.29;31.48300880730051;18848;593391.75;14/04/2021;31.57
14/04/2021;31.51;31.57;31.57;31.5;31.56656584173541;3273;103317.37;13/04/2021;31.7
13/04/2021;31.58;31.7;31.7;30.76;31.47111439114391;5420;170573.44;12/04/2021;31.4
12/04/2021;30.82;31.4;31.4;29.94;30.50171674951811;49285;1503277.11;09/04/2021;31.5
09/04/2021;31.68;31.5;32.05;30.96;31.301329506774344;14983;468987.82;08/04/2021;32
08/04/2021;31.3;32;32.32;31.3;31.94069713400465;6455;206177.2;07/04/2021;30.81
07/04/2021;30.6;30.81;30.96;30.6;30.843109665030937;9374;289123.31;06/04/2021;30.81
06/04/2021;30.3;30.81;30.85;30.25;30.51914871255912;15224;464623.52;05/04/2021;30.85
05/04/2021;30.86;30.85;31.1;30.2;30.555791385573432;7708;235524.04;31/03/2021;30.2
